방문자 거주지,방문지,기준년월,거주지 관광소비 비율(%),전체 관광소비액(천원)
대만,강원특별자치도,202001,3.002,5672147
대만,강원특별자치도,202002,2.969,2369131
대만,강원특별자치도,202003,0.285,673829
대만,강원특별자치도,202004,0.362,668254
대만,강원특별자치도,202005,0.195,751476
대만,강원특별자치도,202006,0.371,829504
대만,강원특별자치도,202007,0.212,1198248
대만,강원특별자치도,202008,0.463,1094231
대만,강원특별자치도,202009,0.206,1075294
대만,강원특별자치도,202010,0.4,1170418
대만,강원특별자치도,202011,0.252,962200
대만,강원특별자치도,202012,0.306,861894
대만,강원특별자치도,202101,0.258,749368
대만,강원특별자치도,202102,0.532,1064215
대만,강원특별자치도,202103,0.099,869103
대만,강원특별자치도,202104,0.117,867159
대만,강원특별자치도,202105,0.22,1118353
대만,강원특별자치도,202106,0.177,1102241
대만,강원특별자치도,202107,0.259,1531474
대만,강원특별자치도,202108,0.451,1309439
대만,강원특별자치도,202109,0.196,1354214
대만,강원특별자치도,202110,0.284,1357771
대만,강원특별자치도,202111,0.27,1232315
대만,강원특별자치도,202112,0.166,1505838
대만,강원특별자치도,202201,0.376,1131981
대만,강원특별자치도,202202,0.263,1222613
대만,강원특별자치도,202203,0.161,1118199
대만,강원특별자치도,202204,0.259,1616237
대만,강원특별자치도,202205,0.361,2323166
대만,강원특별자치도,202206,0.748,2282525
대만,강원특별자치도,202207,0.396,2794204
대만,강원특별자치도,202208,0.305,2788137
대만,강원특별자치도,202209,0.636,3223648
대만,강원특별자치도,202210,0.725,3578243
대만,강원특별자치도,202211,0.66,2501660
대만,강원특별자치도,202212,1.214,5414833
대만,강원특별자치도,202301,5.493,3909861
대만,강원특별자치도,202302,4.584,2816591
대만,강원특별자치도,202303,3.09,2470977
대만,강원특별자치도,202304,2.803,3532632
대만,강원특별자치도,202305,1.246,3503293
대만,강원특별자치도,202306,1.731,3603632
대만,강원특별자치도,202307,1.797,3721307
대만,강원특별자치도,202308,1.797,4359043
대만,강원특별자치도,202309,1.699,3500794
대만,강원특별자치도,202310,1.873,4676423
대만,강원특별자치도,202311,2.228,3003481
대만,강원특별자치도,202312,2.892,6519994
대만,강원특별자치도,202401,5.119,5752507
대만,강원특별자치도,202402,6.55,4698338
대만,강원특별자치도,202403,2.237,2990382
대만,강원특별자치도,202404,1.994,3384418
대만,강원특별자치도,202405,1.696,3632763
대만,강원특별자치도,202406,3.181,5501989
대만,강원특별자치도,202407,2.178,3813270
대만,강원특별자치도,202408,1.946,4383123
대만,강원특별자치도,202409,1.98,4123483
대만,강원특별자치도,202410,1.911,5567470
대만,강원특별자치도,202411,1.783,3485011
대만,강원특별자치도,202412,2.82,7020599
대만,강원특별자치도,202501,8.796,5830564
대만,강원특별자치도,202502,8.811,4362570
대만,강원특별자치도,202503,2.73,3049864
대만,강원특별자치도,202504,1.646,3929638
대만,강원특별자치도,202505,1.392,4170550
대만,강원특별자치도,202506,1.849,4183558
대만,강원특별자치도,202507,3.5,4721259
대만,강원특별자치도,202508,3.271,4826066
대만,강원특별자치도,202509,2.176,3782946
대만,강원특별자치도,202510,2.154,5906202
대만,강원특별자치도,202511,1.944,4278026
대만,강원특별자치도,202512,3.332,8755272
대만,강원특별자치도,202601,9.043,6059742
대만,강원특별자치도,202602,12.414,6264365
대만,강원특별자치도,202603,3.375,4592667
대만,강원특별자치도,202604,1.906,6626635
대만,강원특별자치도,202605,1.812,7482784
대만,강원특별자치도,202606,1.88,7250879
대만,강원특별자치도,202607,3.928,6562572
대만,경기도,202001,4.122,35645465
대만,경기도,202002,4.079,27841973
대만,경기도,202003,0.546,13130988
대만,경기도,202004,0.556,10713056
대만,경기도,202005,0.456,14367337
대만,경기도,202006,0.574,15897945
대만,경기도,202007,0.784,18589907
대만,경기도,202008,1.065,17324322
대만,경기도,202009,0.866,18038518
대만,경기도,202010,0.578,20525355
대만,경기도,202011,0.719,19440468
대만,경기도,202012,0.841,18171345
대만,경기도,202101,1.14,15061376
대만,경기도,202102,0.668,16030119
대만,경기도,202103,0.812,21243734
대만,경기도,202104,0.944,20177076
대만,경기도,202105,0.637,22552175
대만,경기도,202106,0.811,21665377
대만,경기도,202107,0.894,22377770
대만,경기도,202108,1.009,22458652
대만,경기도,202109,0.858,21827526
대만,경기도,202110,0.906,26171074
대만,경기도,202111,1.136,24766252
대만,경기도,202112,0.984,22160903
대만,경기도,202201,1.268,14398933
대만,경기도,202202,1.015,17516907
대만,경기도,202203,1.234,22015432
대만,경기도,202204,1.003,28824957
대만,경기도,202205,0.964,33803354
대만,경기도,202206,1.021,36079282
대만,경기도,202207,1.237,41292078
대만,경기도,202208,1.125,37396217
대만,경기도,202209,1.476,40441868
대만,경기도,202210,1.69,50008197
대만,경기도,202211,1.981,44305235
대만,경기도,202212,2.343,44771504
대만,경기도,202301,3.285,33928781
대만,경기도,202302,3.649,34734011
대만,경기도,202303,2.915,46279852
대만,경기도,202304,3.302,51904071
대만,경기도,202305,3.461,53208270
대만,경기도,202306,3.774,52541921
대만,경기도,202307,3.879,51466523
대만,경기도,202308,4.097,48361309
대만,경기도,202309,3.63,50869110
대만,경기도,202310,3.404,60482191
대만,경기도,202311,3.171,56479006
대만,경기도,202312,3.145,52219285
대만,경기도,202401,4.439,44116233
대만,경기도,202402,4.612,42580869
대만,경기도,202403,3.778,56484205
대만,경기도,202404,4.018,60780313
대만,경기도,202405,3.762,59563239
대만,경기도,202406,3.741,61094062
대만,경기도,202407,4.206,58549297
대만,경기도,202408,4.496,58952896
대만,경기도,202409,3.81,59671026
대만,경기도,202410,3.506,70124218
대만,경기도,202411,3.714,68812692
대만,경기도,202412,4.04,66943173
대만,경기도,202501,5.748,52264894
대만,경기도,202502,5.366,50321885
대만,경기도,202503,3.898,69989767
대만,경기도,202504,3.736,73501735
대만,경기도,202505,3.918,74102725
대만,경기도,202506,4.025,72088580
대만,경기도,202507,5.122,68406089
대만,경기도,202508,5.224,66837951
대만,경기도,202509,4.548,69996920
대만,경기도,202510,4.408,80359800
대만,경기도,202511,4.351,84865689
대만,경기도,202512,5.871,84098157
대만,경기도,202601,5.804,67227887
대만,경기도,202602,7.079,58909312
대만,경기도,202603,4.336,90937569
대만,경기도,202604,4.104,103386696
대만,경기도,202605,4.927,106156472
대만,경기도,202606,5.031,99772775
대만,경기도,202607,5.527,95766721
대만,경상남도,202001,1.082,2821024
대만,경상남도,202002,0.948,2465061
대만,경상남도,202003,0.172,1367780
대만,경상남도,202004,0.194,1170629
대만,경상남도,202005,0.293,1215736
대만,경상남도,202006,0.224,1438797
대만,경상남도,202007,0.645,1457613
대만,경상남도,202008,0.332,1578318
대만,경상남도,202009,0.321,1718017
대만,경상남도,202010,1.314,1726256
대만,경상남도,202011,0.398,1910519
대만,경상남도,202012,0.474,1623108
대만,경상남도,202101,0.215,1379973
대만,경상남도,202102,0.393,1197886
대만,경상남도,202103,0.306,1624495
대만,경상남도,202104,0.542,1524906
대만,경상남도,202105,0.175,1748554
대만,경상남도,202106,0.312,1778325
대만,경상남도,202107,0.758,1706786
대만,경상남도,202108,0.858,1714196
대만,경상남도,202109,0.286,1767239
대만,경상남도,202110,0.659,2010019
대만,경상남도,202111,0.477,2075463
대만,경상남도,202112,0.373,1724010
대만,경상남도,202201,0.722,1207730
대만,경상남도,202202,0.876,1131395
대만,경상남도,202203,0.518,1655939
대만,경상남도,202204,0.928,1885531
대만,경상남도,202205,1.441,2307618
대만,경상남도,202206,0.916,2372788
대만,경상남도,202207,0.926,2939674
대만,경상남도,202208,0.919,2564154
대만,경상남도,202209,1.144,2441127
대만,경상남도,202210,1.109,2970887
대만,경상남도,202211,1.904,2686769
대만,경상남도,202212,1.996,2647160
대만,경상남도,202301,2.576,2060247
대만,경상남도,202302,2.34,2182245
대만,경상남도,202303,2.268,2895481
대만,경상남도,202304,2.588,3357719
대만,경상남도,202305,2.234,3550822
대만,경상남도,202306,2.998,3125441
대만,경상남도,202307,2.201,3572787
대만,경상남도,202308,3.084,3037381
대만,경상남도,202309,2.334,3688791
대만,경상남도,202310,2.947,4528625
대만,경상남도,202311,2.934,3697889
대만,경상남도,202312,7.391,3377265
대만,경상남도,202401,3.192,2963043
대만,경상남도,202402,3.721,2662662
대만,경상남도,202403,5.627,3731943
대만,경상남도,202404,2.606,3984774
대만,경상남도,202405,3.063,4029045
대만,경상남도,202406,2.433,4038907
대만,경상남도,202407,2.655,3972599
대만,경상남도,202408,3.328,3652409
대만,경상남도,202409,2.455,3838137
대만,경상남도,202410,2.371,5101272
대만,경상남도,202411,3.173,4513885
대만,경상남도,202412,3.341,4243213
대만,경상남도,202501,4.35,3482656
대만,경상남도,202502,3.963,3402645
대만,경상남도,202503,3.538,4727271
대만,경상남도,202504,3.62,5052865
대만,경상남도,202505,2.986,5001888
대만,경상남도,202506,2.932,5165059
대만,경상남도,202507,4.661,5050696
대만,경상남도,202508,4.129,5161201
대만,경상남도,202509,3.291,5621069
대만,경상남도,202510,3.474,6255197
대만,경상남도,202511,6.862,8321967
대만,경상남도,202512,4.796,5233360
대만,경상남도,202601,4.68,4304159
대만,경상남도,202602,5.735,3785557
대만,경상남도,202603,5.957,6118737
대만,경상남도,202604,5.865,6938692
대만,경상남도,202605,5.544,7243511
대만,경상남도,202606,4.626,6562127
대만,경상남도,202607,5.999,6295300
대만,경상북도,202001,1.365,1625896
대만,경상북도,202002,1.265,1121701
대만,경상북도,202003,0.202,452839
대만,경상북도,202004,0.226,453240
대만,경상북도,202005,0.155,693482
대만,경상북도,202006,0.246,744294
대만,경상북도,202007,0.221,982722
대만,경상북도,202008,0.099,1050543
대만,경상북도,202009,0.288,1027389
대만,경상북도,202010,0.491,1112678
대만,경상북도,202011,0.332,1068515
대만,경상북도,202012,0.362,967674
대만,경상북도,202101,0.214,841147
대만,경상북도,202102,0.359,762385
대만,경상북도,202103,0.272,1059629
대만,경상북도,202104,0.499,986932
대만,경상북도,202105,0.368,1067675
대만,경상북도,202106,0.256,1118099
대만,경상북도,202107,0.484,1236207
대만,경상북도,202108,0.747,1170875
대만,경상북도,202109,0.574,1225037
대만,경상북도,202110,0.542,1495777
대만,경상북도,202111,0.45,1485779
대만,경상북도,202112,0.317,1147668
대만,경상북도,202201,0.735,828004
대만,경상북도,202202,0.852,863708
대만,경상북도,202203,0.476,1216638
대만,경상북도,202204,0.898,1875661
대만,경상북도,202205,0.74,1874048
대만,경상북도,202206,0.964,2079262
대만,경상북도,202207,0.359,2354618
대만,경상북도,202208,0.659,2262054
대만,경상북도,202209,0.734,2339799
대만,경상북도,202210,0.937,3496325
대만,경상북도,202211,0.935,2581217
대만,경상북도,202212,0.649,2482295
대만,경상북도,202301,1.48,2016578
대만,경상북도,202302,1.144,2339935
대만,경상북도,202303,1.183,3628666
대만,경상북도,202304,1.355,4182818
대만,경상북도,202305,1.133,3826710
대만,경상북도,202306,1.488,3961784
대만,경상북도,202307,1.336,3716363
대만,경상북도,202308,1.347,3814148
대만,경상북도,202309,1.719,3825771
대만,경상북도,202310,1.68,4629207
대만,경상북도,202311,1.716,3827314
대만,경상북도,202312,1.558,2935639
대만,경상북도,202401,1.81,2414688
대만,경상북도,202402,2.155,2773465
대만,경상북도,202403,1.677,4618506
대만,경상북도,202404,1.933,4639326
대만,경상북도,202405,1.413,5046167
대만,경상북도,202406,1.801,4395343
대만,경상북도,202407,1.945,4089682
대만,경상북도,202408,1.469,5110201
대만,경상북도,202409,1.593,5450236
대만,경상북도,202410,1.917,6187358
대만,경상북도,202411,1.874,5287938
대만,경상북도,202412,1.652,4309976
대만,경상북도,202501,2.73,2994467
대만,경상북도,202502,3.499,3669191
대만,경상북도,202503,2.381,6655454
대만,경상북도,202504,1.432,6464151
대만,경상북도,202505,1.485,6318613
대만,경상북도,202506,1.816,5594361
대만,경상북도,202507,2.198,4772022
대만,경상북도,202508,2.119,5444693
대만,경상북도,202509,1.558,6010425
대만,경상북도,202510,2.335,8074866
대만,경상북도,202511,1.937,7052614
대만,경상북도,202512,1.864,4575833
대만,경상북도,202601,3.098,3031059
대만,경상북도,202602,3.994,3046291
대만,경상북도,202603,1.316,8021124
대만,경상북도,202604,1.739,9165578
대만,경상북도,202605,1.592,9483358
대만,경상북도,202606,2.337,7487848
대만,경상북도,202607,2.912,7217154
대만,광주광역시,202001,0.898,800621
대만,광주광역시,202002,0.678,543558
대만,광주광역시,202003,0.125,383465
대만,광주광역시,202004,0.135,450289
대만,광주광역시,202005,0.046,473306
대만,광주광역시,202006,0.046,426929
대만,광주광역시,202007,0.099,500090
대만,광주광역시,202008,0.064,409073
대만,광주광역시,202009,0.055,412703
대만,광주광역시,202010,0.025,559901
대만,광주광역시,202011,0.114,541820
대만,광주광역시,202012,0.224,499572
대만,광주광역시,202101,0.047,393509
대만,광주광역시,202102,0.243,415547
대만,광주광역시,202103,0.029,599508
대만,광주광역시,202104,0.05,548501
대만,광주광역시,202105,0.064,595741
대만,광주광역시,202106,0.066,560571
대만,광주광역시,202107,0.159,599727
대만,광주광역시,202108,0.041,580982
대만,광주광역시,202109,0.065,709124
대만,광주광역시,202110,0.25,860302
대만,광주광역시,202111,0.214,633253
대만,광주광역시,202112,0.196,509916
대만,광주광역시,202201,0.323,372921
대만,광주광역시,202202,0.56,350597
대만,광주광역시,202203,0.55,529638
대만,광주광역시,202204,0.376,793908
대만,광주광역시,202205,1.119,1119488
대만,광주광역시,202206,0.571,997332
대만,광주광역시,202207,0.764,1030389
대만,광주광역시,202208,0.512,928095
대만,광주광역시,202209,0.537,1001456
대만,광주광역시,202210,0.967,1378161
대만,광주광역시,202211,0.748,1120378
대만,광주광역시,202212,1.359,1132377
대만,광주광역시,202301,0.859,817226
대만,광주광역시,202302,0.848,820445
대만,광주광역시,202303,1.237,1053000
대만,광주광역시,202304,1.131,1779752
대만,광주광역시,202305,1.3,1343547
대만,광주광역시,202306,1.642,1244959
대만,광주광역시,202307,0.96,1272104
대만,광주광역시,202308,1.454,1105822
대만,광주광역시,202309,1.121,1500100
대만,광주광역시,202310,0.669,2084997
대만,광주광역시,202311,2.135,1781053
대만,광주광역시,202312,1.284,1403889
대만,광주광역시,202401,1.325,970813
대만,광주광역시,202402,1.197,819237
대만,광주광역시,202403,0.647,1598610
대만,광주광역시,202404,1.432,1687865
대만,광주광역시,202405,1.204,1651334
대만,광주광역시,202406,0.812,1540480
대만,광주광역시,202407,0.831,1359424
대만,광주광역시,202408,1.591,1348327
대만,광주광역시,202409,1.432,1956192
대만,광주광역시,202410,1.289,2154708
대만,광주광역시,202411,1.322,2099681
대만,광주광역시,202412,3.572,1758159
대만,광주광역시,202501,2.897,1251472
대만,광주광역시,202502,1.207,1033709
대만,광주광역시,202503,1.336,1778441
대만,광주광역시,202504,4.054,2839212
대만,광주광역시,202505,2.729,2466784
대만,광주광역시,202506,1.447,1878371
대만,광주광역시,202507,1.335,1686333
대만,광주광역시,202508,3.104,1838925
대만,광주광역시,202509,2.247,2182325
대만,광주광역시,202510,1.337,2420623
대만,광주광역시,202511,1.748,2210898
대만,광주광역시,202512,1.28,1988194
대만,광주광역시,202601,1.279,1435864
대만,광주광역시,202602,1.937,1147016
대만,광주광역시,202603,1.372,2685508
대만,광주광역시,202604,0.967,4000357
대만,광주광역시,202605,0.997,3168459
대만,광주광역시,202606,2.021,2881879
대만,대구광역시,202001,25.496,3604131
대만,대구광역시,202002,25.153,2493142
대만,대구광역시,202003,0.162,595362
대만,대구광역시,202004,0.355,595868
대만,대구광역시,202005,0.26,1186484
대만,대구광역시,202006,0.048,1324568
대만,대구광역시,202007,0.098,1411764
대만,대구광역시,202008,0.112,1366973
대만,대구광역시,202009,0.164,1400393
대만,대구광역시,202010,0.198,1754781
대만,대구광역시,202011,0.257,1539030
대만,대구광역시,202012,0.391,1590107
대만,대구광역시,202101,0.282,1206651
대만,대구광역시,202102,0.216,1264785
대만,대구광역시,202103,0.105,1796881
대만,대구광역시,202104,0.192,1877254
대만,대구광역시,202105,0.352,2011698
대만,대구광역시,202106,0.262,1745345
대만,대구광역시,202107,0.159,2020322
대만,대구광역시,202108,0.306,1884990
대만,대구광역시,202109,0.332,2007715
대만,대구광역시,202110,0.35,2535999
대만,대구광역시,202111,0.413,2047396
대만,대구광역시,202112,0.311,1824045
대만,대구광역시,202201,0.312,1087022
대만,대구광역시,202202,0.189,1456806
대만,대구광역시,202203,0.589,2001156
대만,대구광역시,202204,0.72,2623788
대만,대구광역시,202205,0.561,4271897
대만,대구광역시,202206,0.515,2867864
대만,대구광역시,202207,0.497,3087928
대만,대구광역시,202208,0.813,2827313
대만,대구광역시,202209,0.662,3156366
대만,대구광역시,202210,1.4,3822380
대만,대구광역시,202211,1.404,3472288
대만,대구광역시,202212,1.646,3294762
대만,대구광역시,202301,7.992,2721438
대만,대구광역시,202302,8.239,2778157
대만,대구광역시,202303,6.804,3950628
대만,대구광역시,202304,7.639,4376706
대만,대구광역시,202305,7.734,4552386
대만,대구광역시,202306,8.283,4395101
대만,대구광역시,202307,7.157,4640683
대만,대구광역시,202308,6.61,3960296
대만,대구광역시,202309,8.729,4492697
대만,대구광역시,202310,9.285,4983310
대만,대구광역시,202311,7.962,4366793
대만,대구광역시,202312,8.396,4052883
대만,대구광역시,202401,7.417,3049207
대만,대구광역시,202402,10.127,3198913
대만,대구광역시,202403,9.202,4593858
대만,대구광역시,202404,8.965,4868191
대만,대구광역시,202405,7.784,5742767
대만,대구광역시,202406,8.999,5023921
대만,대구광역시,202407,8.276,4986962
대만,대구광역시,202408,7.102,5390168
대만,대구광역시,202409,7.828,5476978
대만,대구광역시,202410,6.567,6127432
대만,대구광역시,202411,6.842,5729296
대만,대구광역시,202412,5.291,5546930
대만,대구광역시,202501,6.734,4322540
대만,대구광역시,202502,5.554,4224143
대만,대구광역시,202503,5.95,6335517
대만,대구광역시,202504,7.441,6706748
대만,대구광역시,202505,7.027,6713599
대만,대구광역시,202506,7.521,6325127
대만,대구광역시,202507,9.01,5839053
대만,대구광역시,202508,8.543,5951107
대만,대구광역시,202509,7.596,6632886
대만,대구광역시,202510,4.834,6888602
대만,대구광역시,202511,5.581,6731918
대만,대구광역시,202512,5.605,6131683
대만,대구광역시,202601,5.432,4649737
대만,대구광역시,202602,5.327,4283616
대만,대구광역시,202603,4.367,8016429
대만,대구광역시,202604,5.469,8395975
대만,대구광역시,202605,6.762,9166185
대만,대구광역시,202606,7.0,8736758
대만,대구광역시,202607,7.643,7948053
대만,대전광역시,202001,1.604,2152944
대만,대전광역시,202002,1.758,1552615
대만,대전광역시,202003,0.972,543007
대만,대전광역시,202004,0.276,514627
대만,대전광역시,202005,0.646,631438
대만,대전광역시,202006,0.42,670716
대만,대전광역시,202007,0.339,850466
대만,대전광역시,202008,0.163,887815
대만,대전광역시,202009,0.263,818812
대만,대전광역시,202010,0.232,1013270
대만,대전광역시,202011,0.262,1028614
대만,대전광역시,202012,0.276,756297
대만,대전광역시,202101,0.176,644008
대만,대전광역시,202102,0.455,622888
대만,대전광역시,202103,0.235,847203
대만,대전광역시,202104,0.327,819002
대만,대전광역시,202105,0.455,1097909
대만,대전광역시,202106,0.512,923621
대만,대전광역시,202107,0.593,951980
대만,대전광역시,202108,0.251,958905
대만,대전광역시,202109,0.521,999588
대만,대전광역시,202110,0.513,1233731
대만,대전광역시,202111,0.356,1248486
대만,대전광역시,202112,0.391,1080480
대만,대전광역시,202201,0.454,775592
대만,대전광역시,202202,0.5,920859
대만,대전광역시,202203,0.4,1119333
대만,대전광역시,202204,0.284,1516154
대만,대전광역시,202205,0.177,2002978
대만,대전광역시,202206,0.159,2235724
대만,대전광역시,202207,0.439,2574586
대만,대전광역시,202208,0.697,2442030
대만,대전광역시,202209,0.585,3049939
대만,대전광역시,202210,0.654,3892267
대만,대전광역시,202211,0.8,2976131
대만,대전광역시,202212,1.359,2751547
대만,대전광역시,202301,2.074,1765065
대만,대전광역시,202302,2.303,1925736
대만,대전광역시,202303,1.543,3049601
대만,대전광역시,202304,1.473,3621324
대만,대전광역시,202305,1.092,3439027
대만,대전광역시,202306,1.984,3498342
대만,대전광역시,202307,1.816,3675892
대만,대전광역시,202308,2.12,3564290
대만,대전광역시,202309,1.382,3748317
대만,대전광역시,202310,2.051,4183928
대만,대전광역시,202311,1.909,3550173
대만,대전광역시,202312,2.091,2982791
대만,대전광역시,202401,2.4,2365520
대만,대전광역시,202402,2.692,2149130
대만,대전광역시,202403,2.45,3573010
대만,대전광역시,202404,2.065,4063206
대만,대전광역시,202405,2.291,3822627
대만,대전광역시,202406,2.493,4148165
대만,대전광역시,202407,2.688,3743573
대만,대전광역시,202408,2.736,3741742
대만,대전광역시,202409,2.091,3974513
대만,대전광역시,202410,2.002,5087813
대만,대전광역시,202411,1.977,4355038
대만,대전광역시,202412,2.62,3828920
대만,대전광역시,202501,3.036,2478406
대만,대전광역시,202502,2.509,2508867
대만,대전광역시,202503,2.582,4087124
대만,대전광역시,202504,2.307,4598320
대만,대전광역시,202505,1.964,4461749
대만,대전광역시,202506,2.143,4935605
대만,대전광역시,202507,3.318,4390773
대만,대전광역시,202508,3.303,3846235
대만,대전광역시,202509,2.409,5251825
대만,대전광역시,202510,2.352,5137972
대만,대전광역시,202511,2.665,5077947
대만,대전광역시,202512,2.969,4414667
대만,대전광역시,202601,2.702,3500508
대만,대전광역시,202602,4.127,3070413
대만,대전광역시,202603,2.645,5824123
대만,대전광역시,202604,2.112,5905807
대만,대전광역시,202605,2.131,6256761
대만,대전광역시,202606,3.04,6679487
대만,대전광역시,202607,4.372,7004617
대만,부산광역시,202001,11.977,33826894
대만,부산광역시,202002,11.448,22192325
대만,부산광역시,202003,0.332,4359000
대만,부산광역시,202004,0.336,2996752
대만,부산광역시,202005,0.385,4295514
대만,부산광역시,202006,0.248,4846281
대만,부산광역시,202007,0.405,5556211
대만,부산광역시,202008,0.706,4505834
대만,부산광역시,202009,0.711,4338551
대만,부산광역시,202010,0.353,4988689
대만,부산광역시,202011,0.607,4999467
대만,부산광역시,202012,0.464,4689055
대만,부산광역시,202101,0.781,3918309
대만,부산광역시,202102,0.475,3894688
대만,부산광역시,202103,0.344,5326239
대만,부산광역시,202104,0.787,4047820
대만,부산광역시,202105,0.42,5474413
대만,부산광역시,202106,0.482,4788646
대만,부산광역시,202107,1.052,5331590
대만,부산광역시,202108,0.608,5053488
대만,부산광역시,202109,0.354,5544246
대만,부산광역시,202110,0.464,6465898
대만,부산광역시,202111,0.475,5943494
대만,부산광역시,202112,0.503,5748642
대만,부산광역시,202201,0.749,4204485
대만,부산광역시,202202,0.892,4836993
대만,부산광역시,202203,0.829,5290181
대만,부산광역시,202204,0.436,6930469
대만,부산광역시,202205,0.392,10459518
대만,부산광역시,202206,0.391,10765331
대만,부산광역시,202207,0.549,13462885
대만,부산광역시,202208,0.915,14589882
대만,부산광역시,202209,1.007,17922176
대만,부산광역시,202210,1.254,27847871
대만,부산광역시,202211,3.066,22183573
대만,부산광역시,202212,5.869,23430786
대만,부산광역시,202301,14.416,20860468
대만,부산광역시,202302,19.006,17778101
대만,부산광역시,202303,15.177,36709994
대만,부산광역시,202304,18.396,42905278
대만,부산광역시,202305,15.785,40524489
대만,부산광역시,202306,21.614,43372470
대만,부산광역시,202307,24.309,40911650
대만,부산광역시,202308,22.599,40115026
대만,부산광역시,202309,20.329,45919424
대만,부산광역시,202310,16.647,59233113
대만,부산광역시,202311,15.355,50685242
대만,부산광역시,202312,18.263,39902433
대만,부산광역시,202401,22.678,32365065
대만,부산광역시,202402,25.167,36359330
대만,부산광역시,202403,26.455,52560544
대만,부산광역시,202404,22.461,61725432
대만,부산광역시,202405,18.043,60294435
대만,부산광역시,202406,21.409,62878027
대만,부산광역시,202407,21.82,57962831
대만,부산광역시,202408,19.898,63552819
대만,부산광역시,202409,20.444,62696905
대만,부산광역시,202410,19.136,76103678
대만,부산광역시,202411,20.733,66722845
대만,부산광역시,202412,24.388,61108911
대만,부산광역시,202501,30.08,48400799
대만,부산광역시,202502,30.796,44993319
대만,부산광역시,202503,23.401,73426059
대만,부산광역시,202504,23.786,84063690
대만,부산광역시,202505,26.065,80879384
대만,부산광역시,202506,28.563,79987222
대만,부산광역시,202507,30.435,80326942
대만,부산광역시,202508,33.246,90576046
대만,부산광역시,202509,26.324,86198909
대만,부산광역시,202510,24.325,91543923
대만,부산광역시,202511,24.245,95535873
대만,부산광역시,202512,28.026,83702991
대만,부산광역시,202601,29.436,61552520
대만,부산광역시,202602,34.209,64227494
대만,부산광역시,202603,26.648,96186178
대만,부산광역시,202604,25.026,119139636
대만,부산광역시,202605,24.628,132062354
대만,부산광역시,202606,27.589,137058290
대만,부산광역시,202607,30.859,132023883
대만,서울특별시,202001,5.437,351349914
대만,서울특별시,202002,6.221,186462860
대만,서울특별시,202003,0.787,43849949
대만,서울특별시,202004,0.788,34676869
대만,서울특별시,202005,0.803,33858325
대만,서울특별시,202006,1.084,37028633
대만,서울특별시,202007,0.775,43712654
대만,서울특별시,202008,1.152,39282050
대만,서울특별시,202009,1.078,39443955
대만,서울특별시,202010,1.233,42329231
대만,서울특별시,202011,0.952,41938892
대만,서울특별시,202012,0.995,39469949
대만,서울특별시,202101,1.28,32768838
대만,서울특별시,202102,1.168,29437112
대만,서울특별시,202103,0.965,37218185
대만,서울특별시,202104,0.754,38453656
대만,서울특별시,202105,0.759,42655666
대만,서울특별시,202106,0.826,44200065
대만,서울특별시,202107,0.828,46333460
대만,서울특별시,202108,0.906,45953789
대만,서울특별시,202109,0.804,46462033
대만,서울특별시,202110,0.8,60146491
대만,서울특별시,202111,0.86,61312648
대만,서울특별시,202112,0.874,55556780
대만,서울특별시,202201,0.95,37233687
대만,서울특별시,202202,0.965,41740183
대만,서울특별시,202203,1.027,52489582
대만,서울특별시,202204,0.942,82787820
대만,서울특별시,202205,0.633,119198139
대만,서울특별시,202206,0.786,140103704
대만,서울특별시,202207,1.027,177203092
대만,서울특별시,202208,1.751,169983773
대만,서울특별시,202209,2.556,212086989
대만,서울특별시,202210,2.519,304980066
대만,서울특별시,202211,3.718,270592589
대만,서울특별시,202212,5.11,297572881
대만,서울특별시,202301,8.902,210305200
대만,서울특별시,202302,10.821,210512050
대만,서울특별시,202303,6.665,321840042
대만,서울특별시,202304,7.713,415433479
대만,서울특별시,202305,5.975,412234471
대만,서울특별시,202306,7.978,417665934
대만,서울특별시,202307,7.745,415219254
대만,서울특별시,202308,8.231,384863562
대만,서울특별시,202309,7.63,433743600
대만,서울특별시,202310,6.891,521251054
대만,서울특별시,202311,6.486,490472331
대만,서울특별시,202312,6.942,457134138
대만,서울특별시,202401,8.803,363272597
대만,서울특별시,202402,10.524,338992845
대만,서울특별시,202403,7.703,513952690
대만,서울특별시,202404,8.141,596867997
대만,서울특별시,202405,8.017,577373050
대만,서울특별시,202406,9.022,579653181
대만,서울특별시,202407,8.499,528084485
대만,서울특별시,202408,8.2,522567314
대만,서울특별시,202409,8.802,566392993
대만,서울특별시,202410,7.612,708093147
대만,서울특별시,202411,7.556,645600829
대만,서울특별시,202412,8.798,614298283
대만,서울특별시,202501,11.504,450653879
대만,서울특별시,202502,11.312,431650489
대만,서울특별시,202503,9.143,656703454
대만,서울특별시,202504,7.659,797175308
대만,서울특별시,202505,8.663,723803910
대만,서울특별시,202506,9.485,700434505
대만,서울특별시,202507,10.44,660754990
대만,서울특별시,202508,11.771,653346105
대만,서울특별시,202509,10.185,740909635
대만,서울특별시,202510,9.053,790881853
대만,서울특별시,202511,9.329,852396002
대만,서울특별시,202512,11.03,849501601
대만,서울특별시,202601,10.585,627754741
대만,서울특별시,202602,12.832,559644308
대만,서울특별시,202603,8.481,956896757
대만,서울특별시,202604,7.315,1153017696
대만,서울특별시,202605,7.748,1204071105
대만,서울특별시,202606,8.486,1176519303
대만,서울특별시,202607,8.241,1070717487
대만,세종특별자치시,202001,1.702,64317
대만,세종특별자치시,202002,0.657,66284
대만,세종특별자치시,202003,0.011,63695
대만,세종특별자치시,202004,0.345,49693
대만,세종특별자치시,202005,1.044,62815
대만,세종특별자치시,202006,0.939,88180
대만,세종특별자치시,202007,0.376,77623
대만,세종특별자치시,202008,0.236,88948
대만,세종특별자치시,202009,0.232,112786
대만,세종특별자치시,202010,0.34,94456
대만,세종특별자치시,202011,0.053,85060
대만,세종특별자치시,202012,0.122,100225
대만,세종특별자치시,202101,0.012,83460
대만,세종특별자치시,202102,0.247,68653
대만,세종특별자치시,202103,0.231,90482
대만,세종특별자치시,202104,0.153,95109
대만,세종특별자치시,202105,0.098,101820
대만,세종특별자치시,202106,0.472,99538
대만,세종특별자치시,202107,0.267,130509
대만,세종특별자치시,202108,0.102,107684
대만,세종특별자치시,202109,0.153,136090
대만,세종특별자치시,202110,0.012,149825
대만,세종특별자치시,202111,0.053,108293
대만,세종특별자치시,202112,0.058,102706
대만,세종특별자치시,202201,0.045,93837
대만,세종특별자치시,202202,0.06,104695
대만,세종특별자치시,202203,0.412,147603
대만,세종특별자치시,202204,0.249,147490
대만,세종특별자치시,202205,0.256,192436
대만,세종특별자치시,202206,1.136,189772
대만,세종특별자치시,202207,0.143,199021
대만,세종특별자치시,202208,0.32,181550
대만,세종특별자치시,202209,0.362,184511
대만,세종특별자치시,202210,0.264,207460
대만,세종특별자치시,202211,0.143,191596
대만,세종특별자치시,202212,0.349,197546
대만,세종특별자치시,202301,0.408,136147
대만,세종특별자치시,202302,1.227,126770
대만,세종특별자치시,202303,0.309,186143
대만,세종특별자치시,202304,0.794,204717
대만,세종특별자치시,202305,1.043,209806
대만,세종특별자치시,202306,0.536,232631
대만,세종특별자치시,202307,0.809,288130
대만,세종특별자치시,202308,0.862,259533
대만,세종특별자치시,202309,1.652,278786
대만,세종특별자치시,202310,1.458,378052
대만,세종특별자치시,202311,0.668,282833
대만,세종특별자치시,202312,0.696,271706
대만,세종특별자치시,202401,0.469,235974
대만,세종특별자치시,202402,1.804,231949
대만,세종특별자치시,202403,0.338,349046
대만,세종특별자치시,202404,1.596,265549
대만,세종특별자치시,202405,1.633,293967
대만,세종특별자치시,202406,1.428,328780
대만,세종특별자치시,202407,1.208,297976
대만,세종특별자치시,202408,1.371,280268
대만,세종특별자치시,202409,2.911,313997
대만,세종특별자치시,202410,2.118,472628
대만,세종특별자치시,202411,3.702,399379
대만,세종특별자치시,202412,1.984,358502
대만,세종특별자치시,202501,2.449,233782
대만,세종특별자치시,202502,1.105,256352
대만,세종특별자치시,202503,0.966,354102
대만,세종특별자치시,202504,2.048,444655
대만,세종특별자치시,202505,3.243,435469
대만,세종특별자치시,202506,3.812,449899
대만,세종특별자치시,202507,2.008,367111
대만,세종특별자치시,202508,3.851,359805
대만,세종특별자치시,202509,2.766,465624
대만,세종특별자치시,202510,0.999,439217
대만,세종특별자치시,202511,2.698,437263
대만,세종특별자치시,202512,2.947,453078
대만,세종특별자치시,202601,2.281,434369
대만,세종특별자치시,202602,4.263,347530
대만,세종특별자치시,202603,3.552,842369
대만,세종특별자치시,202604,5.202,909421
대만,세종특별자치시,202605,5.806,1137264
대만,세종특별자치시,202606,2.773,918755
대만,세종특별자치시,202607,1.961,731197
대만,울산광역시,202001,1.687,1030480
대만,울산광역시,202002,2.017,859576
대만,울산광역시,202003,1.157,246587
대만,울산광역시,202004,0.455,243234
대만,울산광역시,202005,0.079,333803
대만,울산광역시,202006,0.157,379736
대만,울산광역시,202007,0.26,514134
대만,울산광역시,202008,0.673,533550
대만,울산광역시,202009,0.291,555487
대만,울산광역시,202010,0.143,717606
대만,울산광역시,202011,0.333,604882
대만,울산광역시,202012,0.798,536501
대만,울산광역시,202101,0.32,428175
대만,울산광역시,202102,1.13,432120
대만,울산광역시,202103,1.201,573704
대만,울산광역시,202104,0.844,552655
대만,울산광역시,202105,0.849,433813
대만,울산광역시,202106,1.465,506938
대만,울산광역시,202107,0.296,471921
대만,울산광역시,202108,0.494,428368
대만,울산광역시,202109,0.713,500889
대만,울산광역시,202110,1.166,628371
대만,울산광역시,202111,0.233,623740
대만,울산광역시,202112,0.252,541909
대만,울산광역시,202201,0.543,479189
대만,울산광역시,202202,0.213,568374
대만,울산광역시,202203,1.166,513762
대만,울산광역시,202204,1.411,708778
대만,울산광역시,202205,0.166,1137634
대만,울산광역시,202206,0.193,1030398
대만,울산광역시,202207,0.133,1005313
대만,울산광역시,202208,0.315,797112
대만,울산광역시,202209,0.983,787754
대만,울산광역시,202210,0.623,1426623
대만,울산광역시,202211,0.822,1126637
대만,울산광역시,202212,0.758,892663
대만,울산광역시,202301,1.892,791295
대만,울산광역시,202302,0.975,970803
대만,울산광역시,202303,2.081,1218074
대만,울산광역시,202304,1.351,1176379
대만,울산광역시,202305,1.407,1288435
대만,울산광역시,202306,2.119,1516414
대만,울산광역시,202307,2.316,1217172
대만,울산광역시,202308,2.863,1072548
대만,울산광역시,202309,2.148,1313037
대만,울산광역시,202310,1.416,1446957
대만,울산광역시,202311,1.668,1519786
대만,울산광역시,202312,2.047,1304195
대만,울산광역시,202401,2.888,1074246
대만,울산광역시,202402,1.481,1103702
대만,울산광역시,202403,1.65,1241361
대만,울산광역시,202404,1.651,1397576
대만,울산광역시,202405,3.077,1491798
대만,울산광역시,202406,2.355,1680416
대만,울산광역시,202407,1.923,1475713
대만,울산광역시,202408,2.89,1364388
대만,울산광역시,202409,2.597,1606974
대만,울산광역시,202410,1.474,1867704
대만,울산광역시,202411,1.195,1739352
대만,울산광역시,202412,1.96,1440369
대만,울산광역시,202501,3.004,1243965
대만,울산광역시,202502,2.372,1452139
대만,울산광역시,202503,1.899,1615356
대만,울산광역시,202504,2.225,1697997
대만,울산광역시,202505,3.982,1812556
대만,울산광역시,202506,2.852,1760908
대만,울산광역시,202507,3.236,1779861
대만,울산광역시,202508,3.676,1641708
대만,울산광역시,202509,3.674,2003916
대만,울산광역시,202510,2.416,2385567
대만,울산광역시,202511,2.902,2052937
대만,울산광역시,202512,3.977,1738462
대만,울산광역시,202601,2.08,1790499
대만,울산광역시,202602,3.753,1623934
대만,울산광역시,202603,1.858,2538225
대만,울산광역시,202604,2.669,2619361
대만,울산광역시,202605,2.007,2852809
대만,울산광역시,202606,3.55,2580985
대만,울산광역시,202607,3.092,2475254
대만,인천광역시,202001,2.603,39240477
대만,인천광역시,202002,2.69,29624915
대만,인천광역시,202003,0.282,6884005
대만,인천광역시,202004,0.3,4151206
대만,인천광역시,202005,0.374,5340178
대만,인천광역시,202006,1.152,5098783
대만,인천광역시,202007,0.396,5958797
대만,인천광역시,202008,0.549,6155165
대만,인천광역시,202009,0.689,5264410
대만,인천광역시,202010,0.733,4944903
대만,인천광역시,202011,1.649,5096223
대만,인천광역시,202012,1.363,4621835
대만,인천광역시,202101,1.361,4438393
대만,인천광역시,202102,0.458,4114931
대만,인천광역시,202103,0.416,5501276
대만,인천광역시,202104,1.392,5274493
대만,인천광역시,202105,0.96,5353902
대만,인천광역시,202106,0.885,5835522
대만,인천광역시,202107,1.115,6312824
대만,인천광역시,202108,0.975,7126769
대만,인천광역시,202109,1.27,6282857
대만,인천광역시,202110,1.51,6604230
대만,인천광역시,202111,1.404,6066065
대만,인천광역시,202112,1.212,5891166
대만,인천광역시,202201,0.9,5459172
대만,인천광역시,202202,1.634,5143558
대만,인천광역시,202203,0.981,6046092
대만,인천광역시,202204,0.84,7449695
대만,인천광역시,202205,0.76,11196435
대만,인천광역시,202206,0.801,11559169
대만,인천광역시,202207,1.272,15764295
대만,인천광역시,202208,1.461,19401538
대만,인천광역시,202209,2.028,22419964
대만,인천광역시,202210,2.009,30147113
대만,인천광역시,202211,4.274,30567090
대만,인천광역시,202212,3.944,32166750
대만,인천광역시,202301,6.23,29577169
대만,인천광역시,202302,5.203,24914946
대만,인천광역시,202303,4.05,34281547
대만,인천광역시,202304,4.578,39933049
대만,인천광역시,202305,3.375,45780188
대만,인천광역시,202306,4.637,40069327
대만,인천광역시,202307,3.359,39194473
대만,인천광역시,202308,3.342,39503860
대만,인천광역시,202309,3.027,38106054
대만,인천광역시,202310,3.293,37172117
대만,인천광역시,202311,2.68,39485997
대만,인천광역시,202312,3.128,37560298
대만,인천광역시,202401,4.086,37425072
대만,인천광역시,202402,3.392,35382988
대만,인천광역시,202403,3.343,44658871
대만,인천광역시,202404,3.298,50849392
대만,인천광역시,202405,3.707,49231451
대만,인천광역시,202406,3.619,51669567
대만,인천광역시,202407,4.051,48614639
대만,인천광역시,202408,3.316,58676086
대만,인천광역시,202409,3.572,56377405
대만,인천광역시,202410,3.443,58869497
대만,인천광역시,202411,2.69,63137319
대만,인천광역시,202412,3.32,58969792
대만,인천광역시,202501,4.054,55783820
대만,인천광역시,202502,5.096,48820737
대만,인천광역시,202503,6.063,67370520
대만,인천광역시,202504,7.198,71292389
대만,인천광역시,202505,4.792,70117431
대만,인천광역시,202506,5.16,65222046
대만,인천광역시,202507,5.364,71986641
대만,인천광역시,202508,4.754,75482615
대만,인천광역시,202509,5.176,71390473
대만,인천광역시,202510,4.967,70596490
대만,인천광역시,202511,4.364,76649920
대만,인천광역시,202512,5.773,78597496
대만,인천광역시,202601,4.777,70514766
대만,인천광역시,202602,6.596,62318376
대만,인천광역시,202603,5.215,92648542
대만,인천광역시,202604,4.845,102065502
대만,인천광역시,202605,4.486,115499816
대만,인천광역시,202606,5.22,101419421
대만,인천광역시,202607,5.177,97776030
대만,전라남도,202001,1.383,583633
대만,전라남도,202002,0.477,623651
대만,전라남도,202003,0.004,366065
대만,전라남도,202004,0.012,285929
대만,전라남도,202005,0.124,361631
대만,전라남도,202006,0.513,387968
대만,전라남도,202007,0.441,439218
대만,전라남도,202008,0.463,452109
대만,전라남도,202009,0.126,463957
대만,전라남도,202010,0.313,433331
대만,전라남도,202011,0.063,503568
대만,전라남도,202012,0.095,510370
대만,전라남도,202101,0.006,463978
대만,전라남도,202102,0.202,449798
대만,전라남도,202103,0.056,543792
대만,전라남도,202104,0.061,536818
대만,전라남도,202105,0.115,654641
대만,전라남도,202106,0.194,519111
대만,전라남도,202107,0.093,629147
대만,전라남도,202108,1.065,558467
대만,전라남도,202109,0.094,610420
대만,전라남도,202110,0.094,625137
대만,전라남도,202111,0.396,576692
대만,전라남도,202112,0.724,485430
대만,전라남도,202201,0.194,388729
대만,전라남도,202202,0.406,364419
대만,전라남도,202203,0.328,553861
대만,전라남도,202204,0.622,710583
대만,전라남도,202205,0.225,1112743
대만,전라남도,202206,0.653,1075249
대만,전라남도,202207,0.535,1111025
대만,전라남도,202208,0.427,1004698
대만,전라남도,202209,0.807,1151022
대만,전라남도,202210,0.392,1653345
대만,전라남도,202211,1.144,1224057
대만,전라남도,202212,0.602,1011386
대만,전라남도,202301,0.423,856454
대만,전라남도,202302,0.985,1022613
대만,전라남도,202303,0.563,1103580
대만,전라남도,202304,0.534,1603619
대만,전라남도,202305,0.604,1739300
대만,전라남도,202306,0.921,1494113
대만,전라남도,202307,0.961,1796531
대만,전라남도,202308,1.068,1639083
대만,전라남도,202309,0.996,1528203
대만,전라남도,202310,1.045,2264966
대만,전라남도,202311,0.904,1916644
대만,전라남도,202312,0.389,1224327
대만,전라남도,202401,1.437,1170536
대만,전라남도,202402,0.94,1034365
대만,전라남도,202403,0.683,1599255
대만,전라남도,202404,1.271,1752083
대만,전라남도,202405,1.392,1906712
대만,전라남도,202406,1.573,1844135
대만,전라남도,202407,1.958,1694904
대만,전라남도,202408,2.274,1778913
대만,전라남도,202409,2.334,1886447
대만,전라남도,202410,1.971,2822530
대만,전라남도,202411,2.24,1929094
대만,전라남도,202412,4.369,1557816
대만,전라남도,202501,3.506,1146965
대만,전라남도,202502,2.51,1037483
대만,전라남도,202503,2.022,1644483
대만,전라남도,202504,1.205,1940745
대만,전라남도,202505,0.873,1951796
대만,전라남도,202506,0.919,1787002
대만,전라남도,202507,0.961,1793190
대만,전라남도,202508,2.065,1617032
대만,전라남도,202509,1.034,1771918
대만,전라남도,202510,0.925,2378630
대만,전라남도,202511,1.451,1919324
대만,전라남도,202512,1.144,1679487
대만,전라남도,202601,2.194,1209089
대만,전라남도,202602,1.395,1027259
대만,전라남도,202603,0.836,2031826
대만,전라남도,202604,1.317,2855424
대만,전라남도,202605,1.172,3235000
대만,전라남도,202606,1.276,2573585
대만,전북특별자치도,202001,0.629,1333395
대만,전북특별자치도,202002,0.8,1114422
대만,전북특별자치도,202003,0.281,797656
대만,전북특별자치도,202004,0.455,832515
대만,전북특별자치도,202005,0.185,975668
대만,전북특별자치도,202006,0.21,1058451
대만,전북특별자치도,202007,0.102,1197816
대만,전북특별자치도,202008,0.104,1129207
대만,전북특별자치도,202009,0.14,1209394
대만,전북특별자치도,202010,0.146,1401127
대만,전북특별자치도,202011,0.149,1193213
대만,전북특별자치도,202012,0.163,1271228
대만,전북특별자치도,202101,0.266,738913
대만,전북특별자치도,202102,0.375,987248
대만,전북특별자치도,202103,0.185,1242632
대만,전북특별자치도,202104,0.26,1109806
대만,전북특별자치도,202105,0.271,1153879
대만,전북특별자치도,202106,0.091,1082469
대만,전북특별자치도,202107,0.244,924143
대만,전북특별자치도,202108,0.174,1117399
대만,전북특별자치도,202109,0.102,1063909
대만,전북특별자치도,202110,0.069,1377945
대만,전북특별자치도,202111,0.174,1191121
대만,전북특별자치도,202112,0.279,1129260
대만,전북특별자치도,202201,0.232,678550
대만,전북특별자치도,202202,0.286,839365
대만,전북특별자치도,202203,0.402,1039727
대만,전북특별자치도,202204,0.356,1378053
대만,전북특별자치도,202205,0.196,1663963
대만,전북특별자치도,202206,0.53,1681150
대만,전북특별자치도,202207,0.17,1793605
대만,전북특별자치도,202208,0.353,1683674
대만,전북특별자치도,202209,0.303,1882427
대만,전북특별자치도,202210,0.477,2435493
대만,전북특별자치도,202211,0.603,2006969
대만,전북특별자치도,202212,0.728,2033745
대만,전북특별자치도,202301,0.978,1503122
대만,전북특별자치도,202302,0.675,1511163
대만,전북특별자치도,202303,0.695,1986261
대만,전북특별자치도,202304,1.309,2317869
대만,전북특별자치도,202305,0.567,2555768
대만,전북특별자치도,202306,1.823,2108066
대만,전북특별자치도,202307,0.89,2296588
대만,전북특별자치도,202308,0.889,3091899
대만,전북특별자치도,202309,1.211,2614159
대만,전북특별자치도,202310,1.262,2979950
대만,전북특별자치도,202311,1.486,2640327
대만,전북특별자치도,202312,1.085,2370027
대만,전북특별자치도,202401,0.861,1811830
대만,전북특별자치도,202402,1.199,1845076
대만,전북특별자치도,202403,0.858,2751578
대만,전북특별자치도,202404,0.689,3381202
대만,전북특별자치도,202405,0.844,2847452
대만,전북특별자치도,202406,1.043,2645361
대만,전북특별자치도,202407,0.689,2352558
대만,전북특별자치도,202408,0.774,2848452
대만,전북특별자치도,202409,0.474,2789561
대만,전북특별자치도,202410,0.83,3608646
대만,전북특별자치도,202411,1.935,3131373
대만,전북특별자치도,202412,0.888,2693248
대만,전북특별자치도,202501,1.14,2012546
대만,전북특별자치도,202502,0.958,1957453
대만,전북특별자치도,202503,1.083,2870907
대만,전북특별자치도,202504,1.157,3432085
대만,전북특별자치도,202505,1.37,3348417
대만,전북특별자치도,202506,1.357,2886053
대만,전북특별자치도,202507,1.14,2695172
대만,전북특별자치도,202508,2.425,3080272
대만,전북특별자치도,202509,1.61,3158449
대만,전북특별자치도,202510,1.311,3926359
대만,전북특별자치도,202511,2.015,3788461
대만,전북특별자치도,202512,1.039,3012360
대만,전북특별자치도,202601,1.078,2152761
대만,전북특별자치도,202602,1.95,1940533
대만,전북특별자치도,202603,1.178,4200815
대만,전북특별자치도,202604,1.73,5105190
대만,전북특별자치도,202605,1.962,5002245
대만,전북특별자치도,202606,1.993,4213411
대만,전북특별자치도,202607,2.361,3640232
대만,제주특별자치도,202001,4.427,16953814
대만,제주특별자치도,202002,7.133,6576409
대만,제주특별자치도,202003,0.218,1893958
대만,제주특별자치도,202004,0.149,1467491
대만,제주특별자치도,202005,0.354,1624666
대만,제주특별자치도,202006,0.249,1918372
대만,제주특별자치도,202007,0.355,3198828
대만,제주특별자치도,202008,0.333,2425624
대만,제주특별자치도,202009,0.378,2058316
대만,제주특별자치도,202010,0.395,2310897
대만,제주특별자치도,202011,0.223,2756824
대만,제주특별자치도,202012,0.239,2551444
대만,제주특별자치도,202101,0.092,2691278
대만,제주특별자치도,202102,0.071,6558733
대만,제주특별자치도,202103,0.152,5919175
대만,제주특별자치도,202104,0.105,3242630
대만,제주특별자치도,202105,0.126,3551818
대만,제주특별자치도,202106,0.213,2758804
대만,제주특별자치도,202107,0.113,3147172
대만,제주특별자치도,202108,0.188,2671115
대만,제주특별자치도,202109,0.319,2261274
대만,제주특별자치도,202110,0.197,2338591
대만,제주특별자치도,202111,0.3,1949870
대만,제주특별자치도,202112,0.22,1709569
대만,제주특별자치도,202201,0.298,1542940
대만,제주특별자치도,202202,0.373,1447047
대만,제주특별자치도,202203,0.189,1775486
대만,제주특별자치도,202204,0.142,2550696
대만,제주특별자치도,202205,0.312,4302178
대만,제주특별자치도,202206,0.329,5725830
대만,제주특별자치도,202207,0.401,6570464
대만,제주특별자치도,202208,0.782,6588763
대만,제주특별자치도,202209,0.405,6343912
대만,제주특별자치도,202210,0.932,9198813
대만,제주특별자치도,202211,5.056,9180067
대만,제주특별자치도,202212,7.488,8820287
대만,제주특별자치도,202301,14.397,5717465
대만,제주특별자치도,202302,17.956,4931297
대만,제주특별자치도,202303,14.29,9317058
대만,제주특별자치도,202304,11.412,16147481
대만,제주특별자치도,202305,9.144,18864066
대만,제주특별자치도,202306,10.256,19843183
대만,제주특별자치도,202307,8.536,21924251
대만,제주특별자치도,202308,12.674,22160734
대만,제주특별자치도,202309,9.996,19004995
대만,제주특별자치도,202310,8.302,22645169
대만,제주특별자치도,202311,10.721,15883326
대만,제주특별자치도,202312,11.984,13821408
대만,제주특별자치도,202401,13.733,12868777
대만,제주특별자치도,202402,18.066,13936300
대만,제주특별자치도,202403,15.267,20896016
대만,제주특별자치도,202404,12.923,24199957
대만,제주특별자치도,202405,12.463,27797408
대만,제주특별자치도,202406,16.667,27714610
대만,제주특별자치도,202407,15.347,26096069
대만,제주특별자치도,202408,14.981,32396272
대만,제주특별자치도,202409,14.423,26183271
대만,제주특별자치도,202410,13.345,30564027
대만,제주특별자치도,202411,17.053,19535349
대만,제주특별자치도,202412,21.171,17498506
대만,제주특별자치도,202501,21.305,14683888
대만,제주특별자치도,202502,22.797,12882091
대만,제주특별자치도,202503,17.462,19457298
대만,제주특별자치도,202504,14.957,27402378
대만,제주특별자치도,202505,16.353,30579102
대만,제주특별자치도,202506,16.746,30337369
대만,제주특별자치도,202507,23.388,31975448
대만,제주특별자치도,202508,20.57,35144954
대만,제주특별자치도,202509,22.489,35062337
대만,제주특별자치도,202510,20.466,36477143
대만,제주특별자치도,202511,27.678,29505069
대만,제주특별자치도,202512,29.862,29202077
대만,제주특별자치도,202601,32.678,25296524
대만,제주특별자치도,202602,32.284,25805992
대만,제주특별자치도,202603,21.221,45101409
대만,제주특별자치도,202604,15.894,58491450
대만,제주특별자치도,202605,16.313,65310651
대만,제주특별자치도,202606,17.79,64840846
대만,제주특별자치도,202607,18.071,58942422
대만,충청남도,202001,0.892,1334027
대만,충청남도,202002,1.556,1380849
대만,충청남도,202003,0.627,775081
대만,충청남도,202004,0.633,762743
대만,충청남도,202005,0.414,894786
대만,충청남도,202006,0.474,982331
대만,충청남도,202007,0.342,1158301
대만,충청남도,202008,0.236,1119120
대만,충청남도,202009,0.519,1228303
대만,충청남도,202010,0.494,1304182
대만,충청남도,202011,0.459,1251465
대만,충청남도,202012,0.3,1265414
대만,충청남도,202101,0.48,1102678
대만,충청남도,202102,0.218,1146254
대만,충청남도,202103,0.293,1464005
대만,충청남도,202104,0.363,1304082
대만,충청남도,202105,0.764,1400040
대만,충청남도,202106,1.35,1435169
대만,충청남도,202107,0.308,1685535
대만,충청남도,202108,0.251,1456537
대만,충청남도,202109,0.295,1463872
대만,충청남도,202110,0.385,1619455
대만,충청남도,202111,0.462,1491985
대만,충청남도,202112,0.635,1436324
대만,충청남도,202201,0.778,1049615
대만,충청남도,202202,0.363,1104871
대만,충청남도,202203,0.471,1312818
대만,충청남도,202204,0.578,1574057
대만,충청남도,202205,0.405,1705509
대만,충청남도,202206,0.486,1761317
대만,충청남도,202207,0.398,2034812
대만,충청남도,202208,0.645,1808515
대만,충청남도,202209,0.579,1982145
대만,충청남도,202210,1.671,2208803
대만,충청남도,202211,1.193,1908865
대만,충청남도,202212,1.437,1802679
대만,충청남도,202301,1.427,1506740
대만,충청남도,202302,1.723,1452652
대만,충청남도,202303,0.775,2103398
대만,충청남도,202304,1.109,2418657
대만,충청남도,202305,1.102,2335855
대만,충청남도,202306,1.432,2354172
대만,충청남도,202307,1.027,2509251
대만,충청남도,202308,1.375,2474937
대만,충청남도,202309,1.052,2560494
대만,충청남도,202310,2.134,2818268
대만,충청남도,202311,1.337,2496716
대만,충청남도,202312,1.005,2254930
대만,충청남도,202401,1.305,2092859
대만,충청남도,202402,1.23,1968567
대만,충청남도,202403,1.07,2851233
대만,충청남도,202404,1.441,2848009
대만,충청남도,202405,1.324,3123683
대만,충청남도,202406,1.135,3249690
대만,충청남도,202407,1.736,2894318
대만,충청남도,202408,2.689,3045661
대만,충청남도,202409,2.32,3091321
대만,충청남도,202410,1.889,3499964
대만,충청남도,202411,2.191,3087549
대만,충청남도,202412,2.013,2987013
대만,충청남도,202501,2.817,2606924
대만,충청남도,202502,2.028,2430097
대만,충청남도,202503,3.223,3555490
대만,충청남도,202504,2.065,3523510
대만,충청남도,202505,2.081,3618449
대만,충청남도,202506,2.161,3478701
대만,충청남도,202507,2.646,3273725
대만,충청남도,202508,2.807,3303791
대만,충청남도,202509,3.25,3389344
대만,충청남도,202510,4.03,3954473
대만,충청남도,202511,2.37,3688029
대만,충청남도,202512,4.91,3687818
대만,충청남도,202601,4.689,3298751
대만,충청남도,202602,3.634,2864059
대만,충청남도,202603,2.573,4577770
대만,충청남도,202604,2.389,4652509
대만,충청남도,202605,3.113,5331602
대만,충청남도,202606,3.162,5094334
대만,충청남도,202607,4.067,5248787
대만,충청북도,202001,1.563,947201
대만,충청북도,202002,1.182,827379
대만,충청북도,202003,0.376,597220
대만,충청북도,202004,1.094,378954
대만,충청북도,202005,1.433,503781
대만,충청북도,202006,1.007,639045
대만,충청북도,202007,1.15,666192
대만,충청북도,202008,1.027,643938
대만,충청북도,202009,0.977,693649
대만,충청북도,202010,0.83,658969
대만,충청북도,202011,1.02,704941
대만,충청북도,202012,1.223,577083
대만,충청북도,202101,0.247,522203
대만,충청북도,202102,0.554,524491
대만,충청북도,202103,0.596,701737
대만,충청북도,202104,0.881,742850
대만,충청북도,202105,0.931,794317
대만,충청북도,202106,0.711,836714
대만,충청북도,202107,0.462,1001109
대만,충청북도,202108,0.78,851995
대만,충청북도,202109,0.536,885012
대만,충청북도,202110,0.397,972225
대만,충청북도,202111,1.063,804203
대만,충청북도,202112,0.656,634527
대만,충청북도,202201,0.295,431773
대만,충청북도,202202,0.424,649045
대만,충청북도,202203,1.061,732808
대만,충청북도,202204,0.433,861444
대만,충청북도,202205,0.578,1044427
대만,충청북도,202206,1.094,1083064
대만,충청북도,202207,0.962,1077221
대만,충청북도,202208,1.298,897050
대만,충청북도,202209,1.418,1051246
대만,충청북도,202210,1.194,1242307
대만,충청북도,202211,0.854,1136303
대만,충청북도,202212,0.728,1122132
대만,충청북도,202301,1.036,857362
대만,충청북도,202302,0.802,951407
대만,충청북도,202303,1.339,1317933
대만,충청북도,202304,0.913,1448432
대만,충청북도,202305,1.221,1419061
대만,충청북도,202306,0.601,1457671
대만,충청북도,202307,2.145,1400110
대만,충청북도,202308,1.027,1371490
대만,충청북도,202309,1.135,1643990
대만,충청북도,202310,1.671,1912155
대만,충청북도,202311,1.774,1831910
대만,충청북도,202312,1.728,1467470
대만,충청북도,202401,2.435,1260188
대만,충청북도,202402,5.058,1136918
대만,충청북도,202403,2.974,1663265
대만,충청북도,202404,3.141,1801540
대만,충청북도,202405,1.941,1670419
대만,충청북도,202406,3.116,1762750
대만,충청북도,202407,4.465,1525908
대만,충청북도,202408,5.067,1520513
대만,충청북도,202409,3.519,2117698
대만,충청북도,202410,2.052,2463487
대만,충청북도,202411,1.255,2256404
대만,충청북도,202412,1.263,1859666
대만,충청북도,202501,6.851,1428974
대만,충청북도,202502,8.214,1292252
대만,충청북도,202503,4.72,2154366
대만,충청북도,202504,1.839,2251397
대만,충청북도,202505,2.603,2423617
대만,충청북도,202506,3.603,2215573
대만,충청북도,202507,12.084,2145786
대만,충청북도,202508,8.139,2018351
대만,충청북도,202509,7.492,2715386
대만,충청북도,202510,5.1,2827567
대만,충청북도,202511,4.498,4794017
대만,충청북도,202512,7.665,2507636
대만,충청북도,202601,5.964,1719902
대만,충청북도,202602,12.406,1632033
대만,충청북도,202603,4.061,3817708
대만,충청북도,202604,3.474,3853376
대만,충청북도,202605,4.754,4268131
대만,충청북도,202606,5.819,3818687
대만,충청북도,202607,7.773,3195775
미국,강원특별자치도,202001,11.023,5672147
미국,강원특별자치도,202002,17.527,2369131
미국,강원특별자치도,202003,20.579,673829
미국,강원특별자치도,202004,24.711,668254
미국,강원특별자치도,202005,32.103,751476
미국,강원특별자치도,202006,41.266,829504
미국,강원특별자치도,202007,47.041,1198248
미국,강원특별자치도,202008,32.148,1094231
미국,강원특별자치도,202009,31.86,1075294
미국,강원특별자치도,202010,42.725,1170418
미국,강원특별자치도,202011,39.984,962200
미국,강원특별자치도,202012,42.576,861894
미국,강원특별자치도,202101,39.714,749368
미국,강원특별자치도,202102,42.595,1064215
미국,강원특별자치도,202103,39.291,869103
미국,강원특별자치도,202104,39.685,867159
미국,강원특별자치도,202105,38.885,1118353
미국,강원특별자치도,202106,45.611,1102241
미국,강원특별자치도,202107,49.371,1531474
미국,강원특별자치도,202108,36.669,1309439
미국,강원특별자치도,202109,40.028,1354214
미국,강원특별자치도,202110,47.226,1357771
미국,강원특별자치도,202111,41.655,1232315
미국,강원특별자치도,202112,44.566,1505838
미국,강원특별자치도,202201,34.486,1131981
미국,강원특별자치도,202202,39.395,1222613
미국,강원특별자치도,202203,33.009,1118199
미국,강원특별자치도,202204,34.814,1616237
미국,강원특별자치도,202205,42.714,2323166
미국,강원특별자치도,202206,51.916,2282525
미국,강원특별자치도,202207,50.137,2794204
미국,강원특별자치도,202208,35.213,2788137
미국,강원특별자치도,202209,36.501,3223648
미국,강원특별자치도,202210,45.196,3578243
미국,강원특별자치도,202211,42.159,2501660
미국,강원특별자치도,202212,21.245,5414833
미국,강원특별자치도,202301,21.942,3909861
미국,강원특별자치도,202302,27.365,2816591
미국,강원특별자치도,202303,28.833,2470977
미국,강원특별자치도,202304,29.989,3532632
미국,강원특별자치도,202305,37.193,3503293
미국,강원특별자치도,202306,40.539,3603632
미국,강원특별자치도,202307,36.482,3721307
미국,강원특별자치도,202308,24.161,4359043
미국,강원특별자치도,202309,32.048,3500794
미국,강원특별자치도,202310,35.86,4676423
미국,강원특별자치도,202311,35.375,3003481
미국,강원특별자치도,202312,18.012,6519994
미국,강원특별자치도,202401,19.988,5752507
미국,강원특별자치도,202402,20.674,4698338
미국,강원특별자치도,202403,28.241,2990382
미국,강원특별자치도,202404,36.794,3384418
미국,강원특별자치도,202405,37.695,3632763
미국,강원특별자치도,202406,36.886,5501989
미국,강원특별자치도,202407,37.702,3813270
미국,강원특별자치도,202408,26.144,4383123
미국,강원특별자치도,202409,29.381,4123483
미국,강원특별자치도,202410,35.381,5567470
미국,강원특별자치도,202411,35.747,3485011
미국,강원특별자치도,202412,19.135,7020599
미국,강원특별자치도,202501,21.889,5830564
미국,강원특별자치도,202502,23.695,4362570
미국,강원특별자치도,202503,33.402,3049864
미국,강원특별자치도,202504,31.304,3929638
미국,강원특별자치도,202505,34.46,4170550
미국,강원특별자치도,202506,39.802,4183558
미국,강원특별자치도,202507,34.615,4721259
미국,강원특별자치도,202508,23.404,4826066
미국,강원특별자치도,202509,30.105,3782946
미국,강원특별자치도,202510,30.636,5906202
미국,강원특별자치도,202511,33.789,4278026
미국,강원특별자치도,202512,19.204,8755272
미국,강원특별자치도,202601,22.591,6059742
미국,강원특별자치도,202602,16.77,6264365
미국,강원특별자치도,202603,25.904,4592667
미국,강원특별자치도,202604,26.53,6626635
미국,강원특별자치도,202605,26.386,7482784
미국,강원특별자치도,202606,31.56,7250879
미국,강원특별자치도,202607,32.226,6562572
미국,경기도,202001,30.592,35645465
미국,경기도,202002,34.636,27841973
미국,경기도,202003,35.379,13130988
미국,경기도,202004,38.475,10713056
미국,경기도,202005,54.818,14367337
미국,경기도,202006,61.567,15897945
미국,경기도,202007,59.41,18589907
미국,경기도,202008,57.589,17324322
미국,경기도,202009,50.801,18038518
미국,경기도,202010,63.05,20525355
미국,경기도,202011,57.899,19440468
미국,경기도,202012,55.465,18171345
미국,경기도,202101,52.91,15061376
미국,경기도,202102,62.007,16030119
미국,경기도,202103,61.152,21243734
미국,경기도,202104,62.939,20177076
미국,경기도,202105,62.245,22552175
미국,경기도,202106,60.662,21665377
미국,경기도,202107,61.867,22377770
미국,경기도,202108,60.982,22458652
미국,경기도,202109,59.164,21827526
미국,경기도,202110,59.896,26171074
미국,경기도,202111,62.054,24766252
미국,경기도,202112,63.52,22160903
미국,경기도,202201,55.087,14398933
미국,경기도,202202,58.685,17516907
미국,경기도,202203,60.612,22015432
미국,경기도,202204,63.669,28824957
미국,경기도,202205,60.834,33803354
미국,경기도,202206,58.493,36079282
미국,경기도,202207,55.862,41292078
미국,경기도,202208,54.201,37396217
미국,경기도,202209,55.115,40441868
미국,경기도,202210,52.003,50008197
미국,경기도,202211,49.729,44305235
미국,경기도,202212,47.23,44771504
미국,경기도,202301,46.505,33928781
미국,경기도,202302,48.947,34734011
미국,경기도,202303,48.559,46279852
미국,경기도,202304,47.116,51904071
미국,경기도,202305,47.058,53208270
미국,경기도,202306,49.714,52541921
미국,경기도,202307,48.473,51466523
미국,경기도,202308,46.808,48361309
미국,경기도,202309,46.656,50869110
미국,경기도,202310,45.173,60482191
미국,경기도,202311,42.168,56479006
미국,경기도,202312,42.749,52219285
미국,경기도,202401,41.15,44116233
미국,경기도,202402,44.724,42580869
미국,경기도,202403,45.097,56484205
미국,경기도,202404,43.445,60780313
미국,경기도,202405,45.968,59563239
미국,경기도,202406,49.123,61094062
미국,경기도,202407,48.264,58549297
미국,경기도,202408,47.151,58952896
미국,경기도,202409,43.463,59671026
미국,경기도,202410,42.973,70124218
미국,경기도,202411,42.472,68812692
미국,경기도,202412,42.421,66943173
미국,경기도,202501,42.146,52264894
미국,경기도,202502,44.683,50321885
미국,경기도,202503,44.111,69989767
미국,경기도,202504,41.217,73501735
미국,경기도,202505,44.056,74102725
미국,경기도,202506,45.476,72088580
미국,경기도,202507,44.3,68406089
미국,경기도,202508,44.138,66837951
미국,경기도,202509,40.153,69996920
미국,경기도,202510,41.397,80359800
미국,경기도,202511,41.042,84865689
미국,경기도,202512,39.808,84098157
미국,경기도,202601,40.704,67227887
미국,경기도,202602,41.057,58909312
미국,경기도,202603,36.752,90937569
미국,경기도,202604,35.572,103386696
미국,경기도,202605,36.828,106156472
미국,경기도,202606,38.861,99772775
미국,경기도,202607,39.831,95766721
미국,경상남도,202001,23.831,2821024
미국,경상남도,202002,29.677,2465061
미국,경상남도,202003,26.109,1367780
미국,경상남도,202004,32.279,1170629
미국,경상남도,202005,38.473,1215736
미국,경상남도,202006,40.257,1438797
미국,경상남도,202007,43.53,1457613
미국,경상남도,202008,40.909,1578318
미국,경상남도,202009,37.464,1718017
미국,경상남도,202010,42.239,1726256
미국,경상남도,202011,36.658,1910519
미국,경상남도,202012,38.296,1623108
미국,경상남도,202101,40.107,1379973
미국,경상남도,202102,41.097,1197886
미국,경상남도,202103,38.247,1624495
미국,경상남도,202104,40.846,1524906
미국,경상남도,202105,39.171,1748554
미국,경상남도,202106,39.753,1778325
미국,경상남도,202107,41.2,1706786
미국,경상남도,202108,37.771,1714196
미국,경상남도,202109,37.655,1767239
미국,경상남도,202110,35.936,2010019
미국,경상남도,202111,39.698,2075463
미국,경상남도,202112,43.576,1724010
미국,경상남도,202201,36.919,1207730
미국,경상남도,202202,38.357,1131395
미국,경상남도,202203,43.501,1655939
미국,경상남도,202204,45.708,1885531
미국,경상남도,202205,40.747,2307618
미국,경상남도,202206,47.343,2372788
미국,경상남도,202207,39.597,2939674
미국,경상남도,202208,45.772,2564154
미국,경상남도,202209,42.288,2441127
미국,경상남도,202210,47.608,2970887
미국,경상남도,202211,37.446,2686769
미국,경상남도,202212,37.55,2647160
미국,경상남도,202301,32.746,2060247
미국,경상남도,202302,34.939,2182245
미국,경상남도,202303,36.743,2895481
미국,경상남도,202304,39.291,3357719
미국,경상남도,202305,35.107,3550822
미국,경상남도,202306,40.606,3125441
미국,경상남도,202307,37.435,3572787
미국,경상남도,202308,35.484,3037381
미국,경상남도,202309,32.422,3688791
미국,경상남도,202310,34.778,4528625
미국,경상남도,202311,34.342,3697889
미국,경상남도,202312,32.685,3377265
미국,경상남도,202401,27.038,2963043
미국,경상남도,202402,34.529,2662662
미국,경상남도,202403,32.396,3731943
미국,경상남도,202404,34.506,3984774
미국,경상남도,202405,37.126,4029045
미국,경상남도,202406,34.541,4038907
미국,경상남도,202407,33.184,3972599
미국,경상남도,202408,31.825,3652409
미국,경상남도,202409,32.559,3838137
미국,경상남도,202410,37.108,5101272
미국,경상남도,202411,31.671,4513885
미국,경상남도,202412,34.726,4243213
미국,경상남도,202501,33.133,3482656
미국,경상남도,202502,34.744,3402645
미국,경상남도,202503,35.335,4727271
미국,경상남도,202504,32.252,5052865
미국,경상남도,202505,35.588,5001888
미국,경상남도,202506,37.283,5165059
미국,경상남도,202507,32.272,5050696
미국,경상남도,202508,31.011,5161201
미국,경상남도,202509,29.244,5621069
미국,경상남도,202510,33.076,6255197
미국,경상남도,202511,23.984,8321967
미국,경상남도,202512,31.359,5233360
미국,경상남도,202601,30.006,4304159
미국,경상남도,202602,28.561,3785557
미국,경상남도,202603,27.87,6118737
미국,경상남도,202604,26.191,6938692
미국,경상남도,202605,27.872,7243511
미국,경상남도,202606,30.737,6562127
미국,경상남도,202607,29.38,6295300
미국,경상북도,202001,33.478,1625896
미국,경상북도,202002,36.058,1121701
미국,경상북도,202003,33.431,452839
미국,경상북도,202004,41.891,453240
미국,경상북도,202005,55.786,693482
미국,경상북도,202006,59.332,744294
미국,경상북도,202007,57.375,982722
미국,경상북도,202008,52.017,1050543
미국,경상북도,202009,52.2,1027389
미국,경상북도,202010,55.98,1112678
미국,경상북도,202011,55.222,1068515
미국,경상북도,202012,59.383,967674
미국,경상북도,202101,49.658,841147
미국,경상북도,202102,61.554,762385
미국,경상북도,202103,59.91,1059629
미국,경상북도,202104,58.543,986932
미국,경상북도,202105,59.41,1067675
미국,경상북도,202106,63.446,1118099
미국,경상북도,202107,57.982,1236207
미국,경상북도,202108,54.964,1170875
미국,경상북도,202109,53.76,1225037
미국,경상북도,202110,54.971,1495777
미국,경상북도,202111,51.075,1485779
미국,경상북도,202112,54.036,1147668
미국,경상북도,202201,48.918,828004
미국,경상북도,202202,51.125,863708
미국,경상북도,202203,51.29,1216638
미국,경상북도,202204,61.17,1875661
미국,경상북도,202205,55.949,1874048
미국,경상북도,202206,55.187,2079262
미국,경상북도,202207,54.453,2354618
미국,경상북도,202208,50.267,2262054
미국,경상북도,202209,48.496,2339799
미국,경상북도,202210,43.068,3496325
미국,경상북도,202211,46.405,2581217
미국,경상북도,202212,43.492,2482295
미국,경상북도,202301,43.911,2016578
미국,경상북도,202302,47.637,2339935
미국,경상북도,202303,55.608,3628666
미국,경상북도,202304,39.716,4182818
미국,경상북도,202305,38.566,3826710
미국,경상북도,202306,43.507,3961784
미국,경상북도,202307,40.63,3716363
미국,경상북도,202308,36.794,3814148
미국,경상북도,202309,37.052,3825771
미국,경상북도,202310,37.462,4629207
미국,경상북도,202311,36.578,3827314
미국,경상북도,202312,40.731,2935639
미국,경상북도,202401,44.305,2414688
미국,경상북도,202402,54.856,2773465
미국,경상북도,202403,50.006,4618506
미국,경상북도,202404,38.104,4639326
미국,경상북도,202405,37.245,5046167
미국,경상북도,202406,43.067,4395343
미국,경상북도,202407,45.493,4089682
미국,경상북도,202408,47.938,5110201
미국,경상북도,202409,37.264,5450236
미국,경상북도,202410,32.586,6187358
미국,경상북도,202411,37.205,5287938
미국,경상북도,202412,38.457,4309976
미국,경상북도,202501,43.86,2994467
미국,경상북도,202502,45.44,3669191
미국,경상북도,202503,43.38,6655454
미국,경상북도,202504,31.807,6464151
미국,경상북도,202505,34.215,6318613
미국,경상북도,202506,39.425,5594361
미국,경상북도,202507,37.716,4772022
미국,경상북도,202508,34.368,5444693
미국,경상북도,202509,26.274,6010425
미국,경상북도,202510,30.97,8074866
미국,경상북도,202511,35.507,7052614
미국,경상북도,202512,37.322,4575833
미국,경상북도,202601,47.112,3031059
미국,경상북도,202602,48.574,3046291
미국,경상북도,202603,33.24,8021124
미국,경상북도,202604,27.216,9165578
미국,경상북도,202605,24.154,9483358
미국,경상북도,202606,31.795,7487848
미국,경상북도,202607,45.843,7217154
미국,광주광역시,202001,24.092,800621
미국,광주광역시,202002,25.032,543558
미국,광주광역시,202003,15.944,383465
미국,광주광역시,202004,15.476,450289
미국,광주광역시,202005,23.03,473306
미국,광주광역시,202006,31.421,426929
미국,광주광역시,202007,43.861,500090
미국,광주광역시,202008,29.256,409073
미국,광주광역시,202009,24.0,412703
미국,광주광역시,202010,23.088,559901
미국,광주광역시,202011,24.022,541820
미국,광주광역시,202012,22.767,499572
미국,광주광역시,202101,24.17,393509
미국,광주광역시,202102,24.384,415547
미국,광주광역시,202103,22.636,599508
미국,광주광역시,202104,27.677,548501
미국,광주광역시,202105,28.233,595741
미국,광주광역시,202106,37.885,560571
미국,광주광역시,202107,44.295,599727
미국,광주광역시,202108,38.203,580982
미국,광주광역시,202109,33.517,709124
미국,광주광역시,202110,29.74,860302
미국,광주광역시,202111,39.524,633253
미국,광주광역시,202112,33.332,509916
미국,광주광역시,202201,29.582,372921
미국,광주광역시,202202,39.086,350597
미국,광주광역시,202203,33.146,529638
미국,광주광역시,202204,31.552,793908
미국,광주광역시,202205,41.804,1119488
미국,광주광역시,202206,48.786,997332
미국,광주광역시,202207,45.718,1030389
미국,광주광역시,202208,40.968,928095
미국,광주광역시,202209,39.205,1001456
미국,광주광역시,202210,40.173,1378161
미국,광주광역시,202211,38.767,1120378
미국,광주광역시,202212,38.006,1132377
미국,광주광역시,202301,31.673,817226
미국,광주광역시,202302,33.614,820445
미국,광주광역시,202303,36.591,1053000
미국,광주광역시,202304,52.195,1779752
미국,광주광역시,202305,34.788,1343547
미국,광주광역시,202306,38.383,1244959
미국,광주광역시,202307,38.702,1272104
미국,광주광역시,202308,35.482,1105822
미국,광주광역시,202309,24.361,1500100
미국,광주광역시,202310,31.837,2084997
미국,광주광역시,202311,25.133,1781053
미국,광주광역시,202312,23.164,1403889
미국,광주광역시,202401,30.628,970813
미국,광주광역시,202402,31.242,819237
미국,광주광역시,202403,27.538,1598610
미국,광주광역시,202404,30.258,1687865
미국,광주광역시,202405,30.738,1651334
미국,광주광역시,202406,37.668,1540480
미국,광주광역시,202407,38.564,1359424
미국,광주광역시,202408,28.985,1348327
미국,광주광역시,202409,23.854,1956192
미국,광주광역시,202410,29.486,2154708
미국,광주광역시,202411,28.805,2099681
미국,광주광역시,202412,32.098,1758159
미국,광주광역시,202501,36.745,1251472
미국,광주광역시,202502,31.311,1033709
미국,광주광역시,202503,29.861,1778441
미국,광주광역시,202504,31.624,2839212
미국,광주광역시,202505,26.041,2466784
미국,광주광역시,202506,37.381,1878371
미국,광주광역시,202507,36.542,1686333
미국,광주광역시,202508,31.745,1838925
미국,광주광역시,202509,26.096,2182325
미국,광주광역시,202510,31.679,2420623
미국,광주광역시,202511,30.644,2210898
미국,광주광역시,202512,29.798,1988194
미국,광주광역시,202601,29.357,1435864
미국,광주광역시,202602,32.704,1147016
미국,광주광역시,202603,29.444,2685508
미국,광주광역시,202604,47.365,4000357
미국,광주광역시,202605,27.913,3168459
미국,광주광역시,202606,35.196,2881879
미국,대구광역시,202001,24.916,3604131
미국,대구광역시,202002,29.139,2493142
미국,대구광역시,202003,48.647,595362
미국,대구광역시,202004,54.183,595868
미국,대구광역시,202005,61.817,1186484
미국,대구광역시,202006,65.908,1324568
미국,대구광역시,202007,70.845,1411764
미국,대구광역시,202008,65.322,1366973
미국,대구광역시,202009,58.055,1400393
미국,대구광역시,202010,68.137,1754781
미국,대구광역시,202011,65.399,1539030
미국,대구광역시,202012,61.909,1590107
미국,대구광역시,202101,58.001,1206651
미국,대구광역시,202102,71.772,1264785
미국,대구광역시,202103,67.679,1796881
미국,대구광역시,202104,68.393,1877254
미국,대구광역시,202105,72.004,2011698
미국,대구광역시,202106,70.149,1745345
미국,대구광역시,202107,73.734,2020322
미국,대구광역시,202108,65.509,1884990
미국,대구광역시,202109,62.735,2007715
미국,대구광역시,202110,57.685,2535999
미국,대구광역시,202111,64.244,2047396
미국,대구광역시,202112,64.64,1824045
미국,대구광역시,202201,60.18,1087022
미국,대구광역시,202202,61.035,1456806
미국,대구광역시,202203,57.869,2001156
미국,대구광역시,202204,63.485,2623788
미국,대구광역시,202205,45.709,4271897
미국,대구광역시,202206,63.697,2867864
미국,대구광역시,202207,68.229,3087928
미국,대구광역시,202208,63.543,2827313
미국,대구광역시,202209,62.538,3156366
미국,대구광역시,202210,59.87,3822380
미국,대구광역시,202211,56.232,3472288
미국,대구광역시,202212,58.022,3294762
미국,대구광역시,202301,52.16,2721438
미국,대구광역시,202302,57.392,2778157
미국,대구광역시,202303,56.422,3950628
미국,대구광역시,202304,50.779,4376706
미국,대구광역시,202305,51.832,4552386
미국,대구광역시,202306,53.771,4395101
미국,대구광역시,202307,52.696,4640683
미국,대구광역시,202308,49.175,3960296
미국,대구광역시,202309,47.85,4492697
미국,대구광역시,202310,48.824,4983310
미국,대구광역시,202311,49.06,4366793
미국,대구광역시,202312,48.863,4052883
미국,대구광역시,202401,52.485,3049207
미국,대구광역시,202402,52.062,3198913
미국,대구광역시,202403,45.977,4593858
미국,대구광역시,202404,44.845,4868191
미국,대구광역시,202405,46.671,5742767
미국,대구광역시,202406,52.513,5023921
미국,대구광역시,202407,48.1,4986962
미국,대구광역시,202408,45.025,5390168
미국,대구광역시,202409,41.329,5476978
미국,대구광역시,202410,40.491,6127432
미국,대구광역시,202411,41.739,5729296
미국,대구광역시,202412,44.998,5546930
미국,대구광역시,202501,43.371,4322540
미국,대구광역시,202502,46.216,4224143
미국,대구광역시,202503,40.592,6335517
미국,대구광역시,202504,37.341,6706748
미국,대구광역시,202505,39.259,6713599
미국,대구광역시,202506,43.485,6325127
미국,대구광역시,202507,44.252,5839053
미국,대구광역시,202508,42.446,5951107
미국,대구광역시,202509,38.604,6632886
미국,대구광역시,202510,39.563,6888602
미국,대구광역시,202511,42.971,6731918
미국,대구광역시,202512,44.634,6131683
미국,대구광역시,202601,48.808,4649737
미국,대구광역시,202602,50.269,4283616
미국,대구광역시,202603,39.584,8016429
미국,대구광역시,202604,38.639,8395975
미국,대구광역시,202605,36.962,9166185
미국,대구광역시,202606,37.629,8736758
미국,대구광역시,202607,43.916,7948053
미국,대전광역시,202001,20.629,2152944
미국,대전광역시,202002,20.25,1552615
미국,대전광역시,202003,23.206,543007
미국,대전광역시,202004,23.497,514627
미국,대전광역시,202005,38.151,631438
미국,대전광역시,202006,39.085,670716
미국,대전광역시,202007,43.722,850466
미국,대전광역시,202008,32.623,887815
미국,대전광역시,202009,28.276,818812
미국,대전광역시,202010,33.088,1013270
미국,대전광역시,202011,31.55,1028614
미국,대전광역시,202012,33.221,756297
미국,대전광역시,202101,32.703,644008
미국,대전광역시,202102,35.084,622888
미국,대전광역시,202103,38.519,847203
미국,대전광역시,202104,39.512,819002
미국,대전광역시,202105,47.224,1097909
미국,대전광역시,202106,45.325,923621
미국,대전광역시,202107,48.532,951980
미국,대전광역시,202108,40.01,958905
미국,대전광역시,202109,38.765,999588
미국,대전광역시,202110,37.555,1233731
미국,대전광역시,202111,43.493,1248486
미국,대전광역시,202112,42.371,1080480
미국,대전광역시,202201,35.491,775592
미국,대전광역시,202202,29.023,920859
미국,대전광역시,202203,33.088,1119333
미국,대전광역시,202204,39.348,1516154
미국,대전광역시,202205,44.262,2002978
미국,대전광역시,202206,43.645,2235724
미국,대전광역시,202207,46.668,2574586
미국,대전광역시,202208,37.037,2442030
미국,대전광역시,202209,34.348,3049939
미국,대전광역시,202210,35.693,3892267
미국,대전광역시,202211,35.54,2976131
미국,대전광역시,202212,30.349,2751547
미국,대전광역시,202301,32.73,1765065
미국,대전광역시,202302,29.184,1925736
미국,대전광역시,202303,29.154,3049601
미국,대전광역시,202304,29.922,3621324
미국,대전광역시,202305,32.921,3439027
미국,대전광역시,202306,37.369,3498342
미국,대전광역시,202307,34.09,3675892
미국,대전광역시,202308,26.378,3564290
미국,대전광역시,202309,27.958,3748317
미국,대전광역시,202310,31.843,4183928
미국,대전광역시,202311,30.54,3550173
미국,대전광역시,202312,30.885,2982791
미국,대전광역시,202401,28.421,2365520
미국,대전광역시,202402,29.482,2149130
미국,대전광역시,202403,29.314,3573010
미국,대전광역시,202404,29.098,4063206
미국,대전광역시,202405,30.539,3822627
미국,대전광역시,202406,39.705,4148165
미국,대전광역시,202407,37.892,3743573
미국,대전광역시,202408,27.257,3741742
미국,대전광역시,202409,26.909,3974513
미국,대전광역시,202410,29.252,5087813
미국,대전광역시,202411,32.409,4355038
미국,대전광역시,202412,32.151,3828920
미국,대전광역시,202501,30.862,2478406
미국,대전광역시,202502,30.33,2508867
미국,대전광역시,202503,29.68,4087124
미국,대전광역시,202504,29.225,4598320
미국,대전광역시,202505,28.368,4461749
미국,대전광역시,202506,32.644,4935605
미국,대전광역시,202507,30.792,4390773
미국,대전광역시,202508,24.411,3846235
미국,대전광역시,202509,23.511,5251825
미국,대전광역시,202510,29.422,5137972
미국,대전광역시,202511,28.048,5077947
미국,대전광역시,202512,28.791,4414667
미국,대전광역시,202601,28.675,3500508
미국,대전광역시,202602,26.954,3070413
미국,대전광역시,202603,25.231,5824123
미국,대전광역시,202604,26.246,5905807
미국,대전광역시,202605,27.631,6256761
미국,대전광역시,202606,31.884,6679487
미국,대전광역시,202607,28.321,7004617
미국,부산광역시,202001,8.1,33826894
미국,부산광역시,202002,12.65,22192325
미국,부산광역시,202003,19.941,4359000
미국,부산광역시,202004,23.053,2996752
미국,부산광역시,202005,37.198,4295514
미국,부산광역시,202006,35.07,4846281
미국,부산광역시,202007,48.736,5556211
미국,부산광역시,202008,35.372,4505834
미국,부산광역시,202009,35.586,4338551
미국,부산광역시,202010,43.328,4988689
미국,부산광역시,202011,40.193,4999467
미국,부산광역시,202012,36.68,4689055
미국,부산광역시,202101,33.239,3918309
미국,부산광역시,202102,42.564,3894688
미국,부산광역시,202103,48.178,5326239
미국,부산광역시,202104,48.705,4047820
미국,부산광역시,202105,50.262,5474413
미국,부산광역시,202106,47.475,4788646
미국,부산광역시,202107,49.189,5331590
미국,부산광역시,202108,44.734,5053488
미국,부산광역시,202109,38.988,5544246
미국,부산광역시,202110,39.352,6465898
미국,부산광역시,202111,40.601,5943494
미국,부산광역시,202112,41.918,5748642
미국,부산광역시,202201,33.88,4204485
미국,부산광역시,202202,35.828,4836993
미국,부산광역시,202203,42.275,5290181
미국,부산광역시,202204,45.183,6930469
미국,부산광역시,202205,44.981,10459518
미국,부산광역시,202206,46.65,10765331
미국,부산광역시,202207,45.676,13462885
미국,부산광역시,202208,38.712,14589882
미국,부산광역시,202209,41.328,17922176
미국,부산광역시,202210,29.049,27847871
미국,부산광역시,202211,27.299,22183573
미국,부산광역시,202212,20.706,23430786
미국,부산광역시,202301,16.564,20860468
미국,부산광역시,202302,18.832,17778101
미국,부산광역시,202303,28.008,36709994
미국,부산광역시,202304,20.846,42905278
미국,부산광역시,202305,19.568,40524489
미국,부산광역시,202306,21.15,43372470
미국,부산광역시,202307,19.867,40911650
미국,부산광역시,202308,15.745,40115026
미국,부산광역시,202309,16.53,45919424
미국,부산광역시,202310,20.622,59233113
미국,부산광역시,202311,21.581,50685242
미국,부산광역시,202312,15.017,39902433
미국,부산광역시,202401,13.252,32365065
미국,부산광역시,202402,13.237,36359330
미국,부산광역시,202403,14.02,52560544
미국,부산광역시,202404,16.453,61725432
미국,부산광역시,202405,16.902,60294435
미국,부산광역시,202406,25.381,62878027
미국,부산광역시,202407,19.754,57962831
미국,부산광역시,202408,18.291,63552819
미국,부산광역시,202409,17.938,62696905
미국,부산광역시,202410,16.543,76103678
미국,부산광역시,202411,16.818,66722845
미국,부산광역시,202412,13.912,61108911
미국,부산광역시,202501,12.877,48400799
미국,부산광역시,202502,14.013,44993319
미국,부산광역시,202503,21.849,73426059
미국,부산광역시,202504,15.613,84063690
미국,부산광역시,202505,14.668,80879384
미국,부산광역시,202506,17.537,79987222
미국,부산광역시,202507,14.979,80326942
미국,부산광역시,202508,10.92,90576046
미국,부산광역시,202509,13.497,86198909
미국,부산광역시,202510,14.009,91543923
미국,부산광역시,202511,16.737,95535873
미국,부산광역시,202512,11.762,83702991
미국,부산광역시,202601,12.879,61552520
미국,부산광역시,202602,10.048,64227494
미국,부산광역시,202603,13.059,96186178
미국,부산광역시,202604,12.33,119139636
미국,부산광역시,202605,11.265,132062354
미국,부산광역시,202606,12.506,137058290
미국,부산광역시,202607,10.995,132023883
미국,서울특별시,202001,9.843,351349914
미국,서울특별시,202002,13.785,186462860
미국,서울특별시,202003,20.266,43849949
미국,서울특별시,202004,20.649,34676869
미국,서울특별시,202005,33.465,33858325
미국,서울특별시,202006,37.651,37028633
미국,서울특별시,202007,38.227,43712654
미국,서울특별시,202008,40.622,39282050
미국,서울특별시,202009,37.519,39443955
미국,서울특별시,202010,44.928,42329231
미국,서울특별시,202011,41.129,41938892
미국,서울특별시,202012,38.992,39469949
미국,서울특별시,202101,37.065,32768838
미국,서울특별시,202102,38.258,29437112
미국,서울특별시,202103,38.942,37218185
미국,서울특별시,202104,45.744,38453656
미국,서울특별시,202105,48.343,42655666
미국,서울특별시,202106,48.252,44200065
미국,서울특별시,202107,50.31,46333460
미국,서울특별시,202108,45.748,45953789
미국,서울특별시,202109,44.779,46462033
미국,서울특별시,202110,45.44,60146491
미국,서울특별시,202111,45.394,61312648
미국,서울특별시,202112,43.446,55556780
미국,서울특별시,202201,42.048,37233687
미국,서울특별시,202202,36.086,41740183
미국,서울특별시,202203,37.298,52489582
미국,서울특별시,202204,43.023,82787820
미국,서울특별시,202205,40.915,119198139
미국,서울특별시,202206,40.384,140103704
미국,서울특별시,202207,37.849,177203092
미국,서울특별시,202208,34.853,169983773
미국,서울특별시,202209,33.792,212086989
미국,서울특별시,202210,31.177,304980066
미국,서울특별시,202211,27.938,270592589
미국,서울특별시,202212,21.989,297572881
미국,서울특별시,202301,21.141,210305200
미국,서울특별시,202302,20.575,210512050
미국,서울특별시,202303,22.268,321840042
미국,서울특별시,202304,21.5,415433479
미국,서울특별시,202305,22.252,412234471
미국,서울특별시,202306,23.97,417665934
미국,서울특별시,202307,21.37,415219254
미국,서울특별시,202308,19.225,384863562
미국,서울특별시,202309,20.827,433743600
미국,서울특별시,202310,21.54,521251054
미국,서울특별시,202311,19.628,490472331
미국,서울특별시,202312,17.346,457134138
미국,서울특별시,202401,16.268,363272597
미국,서울특별시,202402,16.142,338992845
미국,서울특별시,202403,19.077,513952690
미국,서울특별시,202404,18.914,596867997
미국,서울특별시,202405,19.453,577373050
미국,서울특별시,202406,23.134,579653181
미국,서울특별시,202407,21.217,528084485
미국,서울특별시,202408,18.524,522567314
미국,서울특별시,202409,18.893,566392993
미국,서울특별시,202410,20.267,708093147
미국,서울특별시,202411,19.951,645600829
미국,서울특별시,202412,18.763,614298283
미국,서울특별시,202501,17.64,450653879
미국,서울특별시,202502,17.435,431650489
미국,서울특별시,202503,19.459,656703454
미국,서울특별시,202504,19.508,797175308
미국,서울특별시,202505,18.951,723803910
미국,서울특별시,202506,21.764,700434505
미국,서울특별시,202507,19.413,660754990
미국,서울특별시,202508,16.379,653346105
미국,서울특별시,202509,18.363,740909635
미국,서울특별시,202510,20.233,790881853
미국,서울특별시,202511,20.151,852396002
미국,서울특별시,202512,17.773,849501601
미국,서울특별시,202601,16.909,627754741
미국,서울특별시,202602,15.594,559644308
미국,서울특별시,202603,17.026,956896757
미국,서울특별시,202604,17.313,1153017696
미국,서울특별시,202605,16.102,1204071105
미국,서울특별시,202606,17.754,1176519303
미국,서울특별시,202607,17.435,1070717487
미국,세종특별자치시,202001,42.296,64317
미국,세종특별자치시,202002,26.188,66284
미국,세종특별자치시,202003,21.556,63695
미국,세종특별자치시,202004,30.206,49693
미국,세종특별자치시,202005,43.696,62815
미국,세종특별자치시,202006,42.114,88180
미국,세종특별자치시,202007,46.015,77623
미국,세종특별자치시,202008,47.643,88948
미국,세종특별자치시,202009,37.371,112786
미국,세종특별자치시,202010,44.581,94456
미국,세종특별자치시,202011,38.328,85060
미국,세종특별자치시,202012,37.441,100225
미국,세종특별자치시,202101,35.968,83460
미국,세종특별자치시,202102,51.105,68653
미국,세종특별자치시,202103,42.543,90482
미국,세종특별자치시,202104,42.478,95109
미국,세종특별자치시,202105,38.805,101820
미국,세종특별자치시,202106,45.929,99538
미국,세종특별자치시,202107,47.867,130509
미국,세종특별자치시,202108,49.562,107684
미국,세종특별자치시,202109,43.426,136090
미국,세종특별자치시,202110,43.736,149825
미국,세종특별자치시,202111,42.448,108293
미국,세종특별자치시,202112,50.294,102706
미국,세종특별자치시,202201,37.584,93837
미국,세종특별자치시,202202,31.202,104695
미국,세종특별자치시,202203,38.839,147603
미국,세종특별자치시,202204,42.015,147490
미국,세종특별자치시,202205,46.203,192436
미국,세종특별자치시,202206,51.564,189772
미국,세종특별자치시,202207,61.919,199021
미국,세종특별자치시,202208,49.641,181550
미국,세종특별자치시,202209,51.038,184511
미국,세종특별자치시,202210,42.452,207460
미국,세종특별자치시,202211,47.264,191596
미국,세종특별자치시,202212,38.401,197546
미국,세종특별자치시,202301,40.871,136147
미국,세종특별자치시,202302,39.263,126770
미국,세종특별자치시,202303,39.573,186143
미국,세종특별자치시,202304,39.942,204717
미국,세종특별자치시,202305,44.07,209806
미국,세종특별자치시,202306,48.25,232631
미국,세종특별자치시,202307,47.384,288130
미국,세종특별자치시,202308,39.002,259533
미국,세종특별자치시,202309,37.626,278786
미국,세종특별자치시,202310,40.721,378052
미국,세종특별자치시,202311,37.566,282833
미국,세종특별자치시,202312,38.789,271706
미국,세종특별자치시,202401,35.745,235974
미국,세종특별자치시,202402,48.834,231949
미국,세종특별자치시,202403,47.094,349046
미국,세종특별자치시,202404,43.621,265549
미국,세종특별자치시,202405,45.401,293967
미국,세종특별자치시,202406,42.988,328780
미국,세종특별자치시,202407,50.791,297976
미국,세종특별자치시,202408,42.718,280268
미국,세종특별자치시,202409,37.132,313997
미국,세종특별자치시,202410,39.291,472628
미국,세종특별자치시,202411,35.357,399379
미국,세종특별자치시,202412,37.894,358502
미국,세종특별자치시,202501,40.341,233782
미국,세종특별자치시,202502,42.403,256352
미국,세종특별자치시,202503,30.816,354102
미국,세종특별자치시,202504,31.386,444655
미국,세종특별자치시,202505,36.43,435469
미국,세종특별자치시,202506,40.495,449899
미국,세종특별자치시,202507,44.302,367111
미국,세종특별자치시,202508,33.699,359805
미국,세종특별자치시,202509,29.572,465624
미국,세종특별자치시,202510,44.216,439217
미국,세종특별자치시,202511,30.831,437263
미국,세종특별자치시,202512,34.713,453078
미국,세종특별자치시,202601,26.335,434369
미국,세종특별자치시,202602,30.339,347530
미국,세종특별자치시,202603,18.776,842369
미국,세종특별자치시,202604,20.845,909421
미국,세종특별자치시,202605,21.656,1137264
미국,세종특별자치시,202606,23.001,918755
미국,세종특별자치시,202607,35.953,731197
미국,울산광역시,202001,13.791,1030480
미국,울산광역시,202002,17.212,859576
미국,울산광역시,202003,17.849,246587
미국,울산광역시,202004,15.065,243234
미국,울산광역시,202005,19.601,333803
미국,울산광역시,202006,18.828,379736
미국,울산광역시,202007,19.016,514134
미국,울산광역시,202008,20.728,533550
미국,울산광역시,202009,18.125,555487
미국,울산광역시,202010,14.708,717606
미국,울산광역시,202011,16.941,604882
미국,울산광역시,202012,24.525,536501
미국,울산광역시,202101,23.236,428175
미국,울산광역시,202102,21.009,432120
미국,울산광역시,202103,22.224,573704
미국,울산광역시,202104,23.626,552655
미국,울산광역시,202105,23.261,433813
미국,울산광역시,202106,32.141,506938
미국,울산광역시,202107,33.619,471921
미국,울산광역시,202108,24.593,428368
미국,울산광역시,202109,24.014,500889
미국,울산광역시,202110,26.1,628371
미국,울산광역시,202111,21.434,623740
미국,울산광역시,202112,22.985,541909
미국,울산광역시,202201,29.34,479189
미국,울산광역시,202202,22.703,568374
미국,울산광역시,202203,19.164,513762
미국,울산광역시,202204,22.774,708778
미국,울산광역시,202205,37.903,1137634
미국,울산광역시,202206,42.584,1030398
미국,울산광역시,202207,32.848,1005313
미국,울산광역시,202208,31.132,797112
미국,울산광역시,202209,30.846,787754
미국,울산광역시,202210,31.893,1426623
미국,울산광역시,202211,31.099,1126637
미국,울산광역시,202212,27.316,892663
미국,울산광역시,202301,22.987,791295
미국,울산광역시,202302,20.312,970803
미국,울산광역시,202303,24.391,1218074
미국,울산광역시,202304,26.031,1176379
미국,울산광역시,202305,29.292,1288435
미국,울산광역시,202306,41.001,1516414
미국,울산광역시,202307,29.691,1217172
미국,울산광역시,202308,25.526,1072548
미국,울산광역시,202309,34.691,1313037
미국,울산광역시,202310,25.893,1446957
미국,울산광역시,202311,20.931,1519786
미국,울산광역시,202312,20.514,1304195
미국,울산광역시,202401,19.884,1074246
미국,울산광역시,202402,26.962,1103702
미국,울산광역시,202403,25.446,1241361
미국,울산광역시,202404,28.486,1397576
미국,울산광역시,202405,25.326,1491798
미국,울산광역시,202406,29.925,1680416
미국,울산광역시,202407,33.268,1475713
미국,울산광역시,202408,31.872,1364388
미국,울산광역시,202409,29.916,1606974
미국,울산광역시,202410,25.947,1867704
미국,울산광역시,202411,23.465,1739352
미국,울산광역시,202412,26.544,1440369
미국,울산광역시,202501,22.149,1243965
미국,울산광역시,202502,18.329,1452139
미국,울산광역시,202503,21.705,1615356
미국,울산광역시,202504,22.649,1697997
미국,울산광역시,202505,24.144,1812556
미국,울산광역시,202506,28.289,1760908
미국,울산광역시,202507,25.328,1779861
미국,울산광역시,202508,24.404,1641708
미국,울산광역시,202509,24.712,2003916
미국,울산광역시,202510,29.683,2385567
미국,울산광역시,202511,26.835,2052937
미국,울산광역시,202512,28.329,1738462
미국,울산광역시,202601,28.542,1790499
미국,울산광역시,202602,26.572,1623934
미국,울산광역시,202603,23.616,2538225
미국,울산광역시,202604,29.908,2619361
미국,울산광역시,202605,31.354,2852809
미국,울산광역시,202606,30.599,2580985
미국,울산광역시,202607,29.449,2475254
미국,인천광역시,202001,13.543,39240477
미국,인천광역시,202002,13.289,29624915
미국,인천광역시,202003,17.765,6884005
미국,인천광역시,202004,28.659,4151206
미국,인천광역시,202005,34.54,5340178
미국,인천광역시,202006,36.12,5098783
미국,인천광역시,202007,33.119,5958797
미국,인천광역시,202008,39.68,6155165
미국,인천광역시,202009,34.686,5264410
미국,인천광역시,202010,39.42,4944903
미국,인천광역시,202011,40.967,5096223
미국,인천광역시,202012,37.029,4621835
미국,인천광역시,202101,42.195,4438393
미국,인천광역시,202102,51.056,4114931
미국,인천광역시,202103,48.583,5501276
미국,인천광역시,202104,46.293,5274493
미국,인천광역시,202105,44.869,5353902
미국,인천광역시,202106,42.546,5835522
미국,인천광역시,202107,51.545,6312824
미국,인천광역시,202108,39.828,7126769
미국,인천광역시,202109,39.836,6282857
미국,인천광역시,202110,44.423,6604230
미국,인천광역시,202111,45.78,6066065
미국,인천광역시,202112,41.551,5891166
미국,인천광역시,202201,44.214,5459172
미국,인천광역시,202202,41.779,5143558
미국,인천광역시,202203,41.044,6046092
미국,인천광역시,202204,44.997,7449695
미국,인천광역시,202205,42.647,11196435
미국,인천광역시,202206,43.419,11559169
미국,인천광역시,202207,39.732,15764295
미국,인천광역시,202208,32.401,19401538
미국,인천광역시,202209,34.475,22419964
미국,인천광역시,202210,28.913,30147113
미국,인천광역시,202211,28.16,30567090
미국,인천광역시,202212,22.174,32166750
미국,인천광역시,202301,21.013,29577169
미국,인천광역시,202302,21.978,24914946
미국,인천광역시,202303,23.998,34281547
미국,인천광역시,202304,24.041,39933049
미국,인천광역시,202305,22.567,45780188
미국,인천광역시,202306,24.174,40069327
미국,인천광역시,202307,23.332,39194473
미국,인천광역시,202308,22.451,39503860
미국,인천광역시,202309,23.077,38106054
미국,인천광역시,202310,24.802,37172117
미국,인천광역시,202311,23.281,39485997
미국,인천광역시,202312,19.919,37560298
미국,인천광역시,202401,18.312,37425072
미국,인천광역시,202402,19.788,35382988
미국,인천광역시,202403,21.43,44658871
미국,인천광역시,202404,19.326,50849392
미국,인천광역시,202405,21.267,49231451
미국,인천광역시,202406,20.774,51669567
미국,인천광역시,202407,21.601,48614639
미국,인천광역시,202408,18.32,58676086
미국,인천광역시,202409,20.899,56377405
미국,인천광역시,202410,20.197,58869497
미국,인천광역시,202411,18.251,63137319
미국,인천광역시,202412,17.377,58969792
미국,인천광역시,202501,17.622,55783820
미국,인천광역시,202502,16.852,48820737
미국,인천광역시,202503,18.761,67370520
미국,인천광역시,202504,19.758,71292389
미국,인천광역시,202505,17.981,70117431
미국,인천광역시,202506,19.528,65222046
미국,인천광역시,202507,18.906,71986641
미국,인천광역시,202508,15.582,75482615
미국,인천광역시,202509,17.844,71390473
미국,인천광역시,202510,19.061,70596490
미국,인천광역시,202511,19.741,76649920
미국,인천광역시,202512,18.691,78597496
미국,인천광역시,202601,17.366,70514766
미국,인천광역시,202602,15.761,62318376
미국,인천광역시,202603,16.749,92648542
미국,인천광역시,202604,16.719,102065502
미국,인천광역시,202605,16.78,115499816
미국,인천광역시,202606,18.187,101419421
미국,인천광역시,202607,18.553,97776030
미국,전라남도,202001,20.241,583633
미국,전라남도,202002,27.405,623651
미국,전라남도,202003,24.551,366065
미국,전라남도,202004,27.036,285929
미국,전라남도,202005,29.088,361631
미국,전라남도,202006,32.571,387968
미국,전라남도,202007,30.973,439218
미국,전라남도,202008,26.959,452109
미국,전라남도,202009,23.071,463957
미국,전라남도,202010,29.339,433331
미국,전라남도,202011,26.714,503568
미국,전라남도,202012,26.051,510370
미국,전라남도,202101,21.448,463978
미국,전라남도,202102,32.355,449798
미국,전라남도,202103,38.208,543792
미국,전라남도,202104,26.793,536818
미국,전라남도,202105,29.669,654641
미국,전라남도,202106,42.474,519111
미국,전라남도,202107,46.325,629147
미국,전라남도,202108,43.286,558467
미국,전라남도,202109,41.857,610420
미국,전라남도,202110,42.142,625137
미국,전라남도,202111,44.699,576692
미국,전라남도,202112,30.468,485430
미국,전라남도,202201,26.401,388729
미국,전라남도,202202,32.098,364419
미국,전라남도,202203,37.344,553861
미국,전라남도,202204,39.461,710583
미국,전라남도,202205,36.845,1112743
미국,전라남도,202206,46.613,1075249
미국,전라남도,202207,48.069,1111025
미국,전라남도,202208,40.894,1004698
미국,전라남도,202209,43.924,1151022
미국,전라남도,202210,50.097,1653345
미국,전라남도,202211,41.082,1224057
미국,전라남도,202212,29.141,1011386
미국,전라남도,202301,26.171,856454
미국,전라남도,202302,21.971,1022613
미국,전라남도,202303,33.049,1103580
미국,전라남도,202304,37.277,1603619
미국,전라남도,202305,37.934,1739300
미국,전라남도,202306,40.186,1494113
미국,전라남도,202307,30.15,1796531
미국,전라남도,202308,23.746,1639083
미국,전라남도,202309,32.673,1528203
미국,전라남도,202310,35.232,2264966
미국,전라남도,202311,29.889,1916644
미국,전라남도,202312,23.961,1224327
미국,전라남도,202401,19.051,1170536
미국,전라남도,202402,20.607,1034365
미국,전라남도,202403,27.9,1599255
미국,전라남도,202404,33.943,1752083
미국,전라남도,202405,32.134,1906712
미국,전라남도,202406,33.906,1844135
미국,전라남도,202407,30.947,1694904
미국,전라남도,202408,28.248,1778913
미국,전라남도,202409,32.732,1886447
미국,전라남도,202410,42.314,2822530
미국,전라남도,202411,33.25,1929094
미국,전라남도,202412,31.295,1557816
미국,전라남도,202501,26.706,1146965
미국,전라남도,202502,30.676,1037483
미국,전라남도,202503,34.195,1644483
미국,전라남도,202504,37.601,1940745
미국,전라남도,202505,34.266,1951796
미국,전라남도,202506,36.978,1787002
미국,전라남도,202507,30.145,1793190
미국,전라남도,202508,27.061,1617032
미국,전라남도,202509,30.201,1771918
미국,전라남도,202510,37.428,2378630
미국,전라남도,202511,32.944,1919324
미국,전라남도,202512,26.461,1679487
미국,전라남도,202601,25.996,1209089
미국,전라남도,202602,28.248,1027259
미국,전라남도,202603,24.001,2031826
미국,전라남도,202604,28.36,2855424
미국,전라남도,202605,24.998,3235000
미국,전라남도,202606,31.826,2573585
미국,전북특별자치도,202001,38.211,1333395
미국,전북특별자치도,202002,40.671,1114422
미국,전북특별자치도,202003,35.061,797656
미국,전북특별자치도,202004,35.596,832515
미국,전북특별자치도,202005,51.553,975668
미국,전북특별자치도,202006,53.501,1058451
미국,전북특별자치도,202007,51.513,1197816
미국,전북특별자치도,202008,50.27,1129207
미국,전북특별자치도,202009,39.686,1209394
미국,전북특별자치도,202010,50.04,1401127
미국,전북특별자치도,202011,50.585,1193213
미국,전북특별자치도,202012,47.634,1271228
미국,전북특별자치도,202101,44.03,738913
미국,전북특별자치도,202102,64.782,987248
미국,전북특별자치도,202103,54.57,1242632
미국,전북특별자치도,202104,56.903,1109806
미국,전북특별자치도,202105,60.459,1153879
미국,전북특별자치도,202106,61.466,1082469
미국,전북특별자치도,202107,61.118,924143
미국,전북특별자치도,202108,60.042,1117399
미국,전북특별자치도,202109,54.781,1063909
미국,전북특별자치도,202110,61.048,1377945
미국,전북특별자치도,202111,62.757,1191121
미국,전북특별자치도,202112,59.656,1129260
미국,전북특별자치도,202201,52.837,678550
미국,전북특별자치도,202202,60.878,839365
미국,전북특별자치도,202203,52.592,1039727
미국,전북특별자치도,202204,60.673,1378053
미국,전북특별자치도,202205,57.65,1663963
미국,전북특별자치도,202206,60.832,1681150
미국,전북특별자치도,202207,60.844,1793605
미국,전북특별자치도,202208,59.856,1683674
미국,전북특별자치도,202209,59.348,1882427
미국,전북특별자치도,202210,60.001,2435493
미국,전북특별자치도,202211,59.449,2006969
미국,전북특별자치도,202212,60.23,2033745
미국,전북특별자치도,202301,57.754,1503122
미국,전북특별자치도,202302,63.094,1511163
미국,전북특별자치도,202303,55.487,1986261
미국,전북특별자치도,202304,51.723,2317869
미국,전북특별자치도,202305,49.319,2555768
미국,전북특별자치도,202306,58.604,2108066
미국,전북특별자치도,202307,55.646,2296588
미국,전북특별자치도,202308,37.524,3091899
미국,전북특별자치도,202309,51.294,2614159
미국,전북특별자치도,202310,53.399,2979950
미국,전북특별자치도,202311,54.21,2640327
미국,전북특별자치도,202312,54.963,2370027
미국,전북특별자치도,202401,55.066,1811830
미국,전북특별자치도,202402,60.221,1845076
미국,전북특별자치도,202403,55.714,2751578
미국,전북특별자치도,202404,59.218,3381202
미국,전북특별자치도,202405,51.037,2847452
미국,전북특별자치도,202406,60.607,2645361
미국,전북특별자치도,202407,57.744,2352558
미국,전북특별자치도,202408,53.258,2848452
미국,전북특별자치도,202409,50.418,2789561
미국,전북특별자치도,202410,49.327,3608646
미국,전북특별자치도,202411,53.414,3131373
미국,전북특별자치도,202412,57.888,2693248
미국,전북특별자치도,202501,59.379,2012546
미국,전북특별자치도,202502,59.476,1957453
미국,전북특별자치도,202503,54.789,2870907
미국,전북특별자치도,202504,48.052,3432085
미국,전북특별자치도,202505,49.654,3348417
미국,전북특별자치도,202506,54.791,2886053
미국,전북특별자치도,202507,53.759,2695172
미국,전북특별자치도,202508,46.863,3080272
미국,전북특별자치도,202509,43.93,3158449
미국,전북특별자치도,202510,44.082,3926359
미국,전북특별자치도,202511,47.462,3788461
미국,전북특별자치도,202512,52.944,3012360
미국,전북특별자치도,202601,54.213,2152761
미국,전북특별자치도,202602,52.402,1940533
미국,전북특별자치도,202603,33.66,4200815
미국,전북특별자치도,202604,34.003,5105190
미국,전북특별자치도,202605,33.419,5002245
미국,전북특별자치도,202606,39.468,4213411
미국,전북특별자치도,202607,44.45,3640232
미국,제주특별자치도,202001,4.013,16953814
미국,제주특별자치도,202002,6.908,6576409
미국,제주특별자치도,202003,10.496,1893958
미국,제주특별자치도,202004,14.215,1467491
미국,제주특별자치도,202005,20.694,1624666
미국,제주특별자치도,202006,31.023,1918372
미국,제주특별자치도,202007,37.407,3198828
미국,제주특별자치도,202008,28.716,2425624
미국,제주특별자치도,202009,24.754,2058316
미국,제주특별자치도,202010,31.288,2310897
미국,제주특별자치도,202011,23.487,2756824
미국,제주특별자치도,202012,17.079,2551444
미국,제주특별자치도,202101,13.355,2691278
미국,제주특별자치도,202102,5.783,6558733
미국,제주특별자치도,202103,13.528,5919175
미국,제주특별자치도,202104,20.86,3242630
미국,제주특별자치도,202105,29.588,3551818
미국,제주특별자치도,202106,37.498,2758804
미국,제주특별자치도,202107,43.651,3147172
미국,제주특별자치도,202108,31.926,2671115
미국,제주특별자치도,202109,33.879,2261274
미국,제주특별자치도,202110,34.941,2338591
미국,제주특별자치도,202111,39.849,1949870
미국,제주특별자치도,202112,34.611,1709569
미국,제주특별자치도,202201,28.792,1542940
미국,제주특별자치도,202202,25.975,1447047
미국,제주특별자치도,202203,35.263,1775486
미국,제주특별자치도,202204,36.146,2550696
미국,제주특별자치도,202205,42.43,4302178
미국,제주특별자치도,202206,42.494,5725830
미국,제주특별자치도,202207,40.358,6570464
미국,제주특별자치도,202208,32.092,6588763
미국,제주특별자치도,202209,34.182,6343912
미국,제주특별자치도,202210,36.588,9198813
미국,제주특별자치도,202211,21.151,9180067
미국,제주특별자치도,202212,13.917,8820287
미국,제주특별자치도,202301,12.78,5717465
미국,제주특별자치도,202302,13.995,4931297
미국,제주특별자치도,202303,18.105,9317058
미국,제주특별자치도,202304,19.668,16147481
미국,제주특별자치도,202305,18.964,18864066
미국,제주특별자치도,202306,22.259,19843183
미국,제주특별자치도,202307,16.864,21924251
미국,제주특별자치도,202308,11.474,22160734
미국,제주특별자치도,202309,14.561,19004995
미국,제주특별자치도,202310,15.519,22645169
미국,제주특별자치도,202311,14.428,15883326
미국,제주특별자치도,202312,10.206,13821408
미국,제주특별자치도,202401,7.29,12868777
미국,제주특별자치도,202402,5.963,13936300
미국,제주특별자치도,202403,11.139,20896016
미국,제주특별자치도,202404,13.453,24199957
미국,제주특별자치도,202405,14.165,27797408
미국,제주특별자치도,202406,18.318,27714610
미국,제주특별자치도,202407,12.793,26096069
미국,제주특별자치도,202408,10.363,32396272
미국,제주특별자치도,202409,12.696,26183271
미국,제주특별자치도,202410,15.52,30564027
미국,제주특별자치도,202411,12.538,19535349
미국,제주특별자치도,202412,9.479,17498506
미국,제주특별자치도,202501,7.535,14683888
미국,제주특별자치도,202502,7.726,12882091
미국,제주특별자치도,202503,13.609,19457298
미국,제주특별자치도,202504,12.914,27402378
미국,제주특별자치도,202505,12.74,30579102
미국,제주특별자치도,202506,15.07,30337369
미국,제주특별자치도,202507,11.096,31975448
미국,제주특별자치도,202508,9.378,35144954
미국,제주특별자치도,202509,10.044,35062337
미국,제주특별자치도,202510,10.927,36477143
미국,제주특별자치도,202511,10.169,29505069
미국,제주특별자치도,202512,6.772,29202077
미국,제주특별자치도,202601,5.386,25296524
미국,제주특별자치도,202602,5.287,25805992
미국,제주특별자치도,202603,7.179,45101409
미국,제주특별자치도,202604,8.383,58491450
미국,제주특별자치도,202605,8.116,65310651
미국,제주특별자치도,202606,9.133,64840846
미국,제주특별자치도,202607,8.378,58942422
미국,충청남도,202001,32.172,1334027
미국,충청남도,202002,29.873,1380849
미국,충청남도,202003,29.801,775081
미국,충청남도,202004,43.102,762743
미국,충청남도,202005,57.521,894786
미국,충청남도,202006,61.286,982331
미국,충청남도,202007,58.794,1158301
미국,충청남도,202008,53.675,1119120
미국,충청남도,202009,43.534,1228303
미국,충청남도,202010,46.561,1304182
미국,충청남도,202011,41.76,1251465
미국,충청남도,202012,42.3,1265414
미국,충청남도,202101,46.036,1102678
미국,충청남도,202102,54.686,1146254
미국,충청남도,202103,51.558,1464005
미국,충청남도,202104,52.984,1304082
미국,충청남도,202105,54.801,1400040
미국,충청남도,202106,50.794,1435169
미국,충청남도,202107,52.63,1685535
미국,충청남도,202108,54.446,1456537
미국,충청남도,202109,50.82,1463872
미국,충청남도,202110,50.212,1619455
미국,충청남도,202111,50.843,1491985
미국,충청남도,202112,51.383,1436324
미국,충청남도,202201,51.222,1049615
미국,충청남도,202202,55.273,1104871
미국,충청남도,202203,52.827,1312818
미국,충청남도,202204,56.274,1574057
미국,충청남도,202205,58.783,1705509
미국,충청남도,202206,60.302,1761317
미국,충청남도,202207,62.35,2034812
미국,충청남도,202208,54.322,1808515
미국,충청남도,202209,58.377,1982145
미국,충청남도,202210,55.777,2208803
미국,충청남도,202211,53.488,1908865
미국,충청남도,202212,52.056,1802679
미국,충청남도,202301,51.095,1506740
미국,충청남도,202302,55.152,1452652
미국,충청남도,202303,51.123,2103398
미국,충청남도,202304,52.982,2418657
미국,충청남도,202305,51.642,2335855
미국,충청남도,202306,57.34,2354172
미국,충청남도,202307,53.391,2509251
미국,충청남도,202308,50.71,2474937
미국,충청남도,202309,52.982,2560494
미국,충청남도,202310,51.439,2818268
미국,충청남도,202311,50.851,2496716
미국,충청남도,202312,50.913,2254930
미국,충청남도,202401,52.973,2092859
미국,충청남도,202402,55.271,1968567
미국,충청남도,202403,47.867,2851233
미국,충청남도,202404,50.442,2848009
미국,충청남도,202405,48.873,3123683
미국,충청남도,202406,52.803,3249690
미국,충청남도,202407,49.973,2894318
미국,충청남도,202408,48.599,3045661
미국,충청남도,202409,47.141,3091321
미국,충청남도,202410,49.494,3499964
미국,충청남도,202411,49.754,3087549
미국,충청남도,202412,50.028,2987013
미국,충청남도,202501,48.537,2606924
미국,충청남도,202502,52.5,2430097
미국,충청남도,202503,45.37,3555490
미국,충청남도,202504,45.006,3523510
미국,충청남도,202505,48.919,3618449
미국,충청남도,202506,51.322,3478701
미국,충청남도,202507,48.767,3273725
미국,충청남도,202508,47.471,3303791
미국,충청남도,202509,41.328,3389344
미국,충청남도,202510,45.094,3954473
미국,충청남도,202511,49.21,3688029
미국,충청남도,202512,46.562,3687818
미국,충청남도,202601,45.255,3298751
미국,충청남도,202602,48.983,2864059
미국,충청남도,202603,38.775,4577770
미국,충청남도,202604,40.892,4652509
미국,충청남도,202605,39.626,5331602
미국,충청남도,202606,40.762,5094334
미국,충청남도,202607,39.23,5248787
미국,충청북도,202001,14.584,947201
미국,충청북도,202002,20.005,827379
미국,충청북도,202003,12.672,597220
미국,충청북도,202004,17.398,378954
미국,충청북도,202005,25.147,503781
미국,충청북도,202006,22.116,639045
미국,충청북도,202007,22.849,666192
미국,충청북도,202008,25.461,643938
미국,충청북도,202009,21.604,693649
미국,충청북도,202010,28.051,658969
미국,충청북도,202011,22.926,704941
미국,충청북도,202012,23.743,577083
미국,충청북도,202101,20.306,522203
미국,충청북도,202102,25.163,524491
미국,충청북도,202103,26.169,701737
미국,충청북도,202104,36.396,742850
미국,충청북도,202105,29.795,794317
미국,충청북도,202106,26.45,836714
미국,충청북도,202107,32.681,1001109
미국,충청북도,202108,29.591,851995
미국,충청북도,202109,29.571,885012
미국,충청북도,202110,32.135,972225
미국,충청북도,202111,34.189,804203
미국,충청북도,202112,34.577,634527
미국,충청북도,202201,27.859,431773
미국,충청북도,202202,21.607,649045
미국,충청북도,202203,24.919,732808
미국,충청북도,202204,32.065,861444
미국,충청북도,202205,33.468,1044427
미국,충청북도,202206,35.767,1083064
미국,충청북도,202207,40.23,1077221
미국,충청북도,202208,36.517,897050
미국,충청북도,202209,34.214,1051246
미국,충청북도,202210,39.541,1242307
미국,충청북도,202211,34.924,1136303
미국,충청북도,202212,27.4,1122132
미국,충청북도,202301,29.231,857362
미국,충청북도,202302,26.874,951407
미국,충청북도,202303,25.775,1317933
미국,충청북도,202304,32.264,1448432
미국,충청북도,202305,31.863,1419061
미국,충청북도,202306,37.195,1457671
미국,충청북도,202307,36.214,1400110
미국,충청북도,202308,33.175,1371490
미국,충청북도,202309,26.752,1643990
미국,충청북도,202310,29.964,1912155
미국,충청북도,202311,26.397,1831910
미국,충청북도,202312,22.413,1467470
미국,충청북도,202401,22.597,1260188
미국,충청북도,202402,24.977,1136918
미국,충청북도,202403,21.376,1663265
미국,충청북도,202404,28.627,1801540
미국,충청북도,202405,31.263,1670419
미국,충청북도,202406,35.299,1762750
미국,충청북도,202407,34.603,1525908
미국,충청북도,202408,29.937,1520513
미국,충청북도,202409,24.979,2117698
미국,충청북도,202410,27.434,2463487
미국,충청북도,202411,23.736,2256404
미국,충청북도,202412,25.445,1859666
미국,충청북도,202501,26.5,1428974
미국,충청북도,202502,28.82,1292252
미국,충청북도,202503,22.029,2154366
미국,충청북도,202504,25.046,2251397
미국,충청북도,202505,23.47,2423617
미국,충청북도,202506,29.556,2215573
미국,충청북도,202507,28.889,2145786
미국,충청북도,202508,23.435,2018351
미국,충청북도,202509,18.689,2715386
미국,충청북도,202510,23.836,2827567
미국,충청북도,202511,14.178,4794017
미국,충청북도,202512,20.33,2507636
미국,충청북도,202601,23.164,1719902
미국,충청북도,202602,23.654,1632033
미국,충청북도,202603,13.552,3817708
미국,충청북도,202604,17.709,3853376
미국,충청북도,202605,17.851,4268131
미국,충청북도,202606,22.258,3818687
미국,충청북도,202607,27.193,3195775
일본,강원특별자치도,202001,2.385,5672147
일본,강원특별자치도,202002,4.793,2369131
일본,강원특별자치도,202003,3.323,673829
일본,강원특별자치도,202004,2.746,668254
일본,강원특별자치도,202005,3.633,751476
일본,강원특별자치도,202006,2.998,829504
일본,강원특별자치도,202007,2.871,1198248
일본,강원특별자치도,202008,5.611,1094231
일본,강원특별자치도,202009,4.464,1075294
일본,강원특별자치도,202010,6.901,1170418
일본,강원특별자치도,202011,8.971,962200
일본,강원특별자치도,202012,6.887,861894
일본,강원특별자치도,202101,4.711,749368
일본,강원특별자치도,202102,6.656,1064215
일본,강원특별자치도,202103,7.531,869103
일본,강원특별자치도,202104,5.782,867159
일본,강원특별자치도,202105,6.835,1118353
일본,강원특별자치도,202106,6.611,1102241
일본,강원특별자치도,202107,5.928,1531474
일본,강원특별자치도,202108,3.401,1309439
일본,강원특별자치도,202109,3.193,1354214
일본,강원특별자치도,202110,3.021,1357771
일본,강원특별자치도,202111,3.774,1232315
일본,강원특별자치도,202112,3.169,1505838
일본,강원특별자치도,202201,4.022,1131981
일본,강원특별자치도,202202,3.305,1222613
일본,강원특별자치도,202203,4.46,1118199
일본,강원특별자치도,202204,3.308,1616237
일본,강원특별자치도,202205,3.571,2323166
일본,강원특별자치도,202206,2.859,2282525
일본,강원특별자치도,202207,2.33,2794204
일본,강원특별자치도,202208,3.701,2788137
일본,강원특별자치도,202209,2.794,3223648
일본,강원특별자치도,202210,3.283,3578243
일본,강원특별자치도,202211,4.048,2501660
일본,강원특별자치도,202212,2.121,5414833
일본,강원특별자치도,202301,3.477,3909861
일본,강원특별자치도,202302,4.364,2816591
일본,강원특별자치도,202303,4.791,2470977
일본,강원특별자치도,202304,3.542,3532632
일본,강원특별자치도,202305,3.832,3503293
일본,강원특별자치도,202306,3.806,3603632
일본,강원특별자치도,202307,3.413,3721307
일본,강원특별자치도,202308,3.568,4359043
일본,강원특별자치도,202309,3.854,3500794
일본,강원특별자치도,202310,3.547,4676423
일본,강원특별자치도,202311,4.135,3003481
일본,강원특별자치도,202312,3.149,6519994
일본,강원특별자치도,202401,4.226,5752507
일본,강원특별자치도,202402,4.067,4698338
일본,강원특별자치도,202403,4.556,2990382
일본,강원특별자치도,202404,3.83,3384418
일본,강원특별자치도,202405,4.17,3632763
일본,강원특별자치도,202406,5.144,5501989
일본,강원특별자치도,202407,3.649,3813270
일본,강원특별자치도,202408,4.332,4383123
일본,강원특별자치도,202409,3.757,4123483
일본,강원특별자치도,202410,3.324,5567470
일본,강원특별자치도,202411,3.77,3485011
일본,강원특별자치도,202412,2.784,7020599
일본,강원특별자치도,202501,4.345,5830564
일본,강원특별자치도,202502,5.493,4362570
일본,강원특별자치도,202503,5.124,3049864
일본,강원특별자치도,202504,4.406,3929638
일본,강원특별자치도,202505,4.763,4170550
일본,강원특별자치도,202506,3.584,4183558
일본,강원특별자치도,202507,3.984,4721259
일본,강원특별자치도,202508,5.121,4826066
일본,강원특별자치도,202509,5.424,3782946
일본,강원특별자치도,202510,4.266,5906202
일본,강원특별자치도,202511,4.435,4278026
일본,강원특별자치도,202512,2.568,8755272
일본,강원특별자치도,202601,4.292,6059742
일본,강원특별자치도,202602,4.968,6264365
일본,강원특별자치도,202603,3.708,4592667
일본,강원특별자치도,202604,3.327,6626635
일본,강원특별자치도,202605,3.179,7482784
일본,강원특별자치도,202606,3.034,7250879
일본,강원특별자치도,202607,3.014,6562572
일본,경기도,202001,8.069,35645465
일본,경기도,202002,9.019,27841973
일본,경기도,202003,7.889,13130988
일본,경기도,202004,7.773,10713056
일본,경기도,202005,6.311,14367337
일본,경기도,202006,3.629,15897945
일본,경기도,202007,4.81,18589907
일본,경기도,202008,6.299,17324322
일본,경기도,202009,7.149,18038518
일본,경기도,202010,5.373,20525355
일본,경기도,202011,6.267,19440468
일본,경기도,202012,6.136,18171345
일본,경기도,202101,7.433,15061376
일본,경기도,202102,7.759,16030119
일본,경기도,202103,6.484,21243734
일본,경기도,202104,6.339,20177076
일본,경기도,202105,5.956,22552175
일본,경기도,202106,6.699,21665377
일본,경기도,202107,6.756,22377770
일본,경기도,202108,6.158,22458652
일본,경기도,202109,6.332,21827526
일본,경기도,202110,5.187,26171074
일본,경기도,202111,5.884,24766252
일본,경기도,202112,7.041,22160903
일본,경기도,202201,8.7,14398933
일본,경기도,202202,7.098,17516907
일본,경기도,202203,6.574,22015432
일본,경기도,202204,5.694,28824957
일본,경기도,202205,5.351,33803354
일본,경기도,202206,5.787,36079282
일본,경기도,202207,5.924,41292078
일본,경기도,202208,7.54,37396217
일본,경기도,202209,6.403,40441868
일본,경기도,202210,6.408,50008197
일본,경기도,202211,7.039,44305235
일본,경기도,202212,7.788,44771504
일본,경기도,202301,8.68,33928781
일본,경기도,202302,8.493,34734011
일본,경기도,202303,8.393,46279852
일본,경기도,202304,7.265,51904071
일본,경기도,202305,7.905,53208270
일본,경기도,202306,7.729,52541921
일본,경기도,202307,7.903,51466523
일본,경기도,202308,9.149,48361309
일본,경기도,202309,8.535,50869110
일본,경기도,202310,7.582,60482191
일본,경기도,202311,8.792,56479006
일본,경기도,202312,8.467,52219285
일본,경기도,202401,8.449,44116233
일본,경기도,202402,9.303,42580869
일본,경기도,202403,9.798,56484205
일본,경기도,202404,7.963,60780313
일본,경기도,202405,8.32,59563239
일본,경기도,202406,7.583,61094062
일본,경기도,202407,7.972,58549297
일본,경기도,202408,10.072,58952896
일본,경기도,202409,9.893,59671026
일본,경기도,202410,9.134,70124218
일본,경기도,202411,10.748,68812692
일본,경기도,202412,10.095,66943173
일본,경기도,202501,10.298,52264894
일본,경기도,202502,11.347,50321885
일본,경기도,202503,10.952,69989767
일본,경기도,202504,8.623,73501735
일본,경기도,202505,8.9,74102725
일본,경기도,202506,9.552,72088580
일본,경기도,202507,10.952,68406089
일본,경기도,202508,11.918,66837951
일본,경기도,202509,11.484,69996920
일본,경기도,202510,8.944,80359800
일본,경기도,202511,10.588,84865689
일본,경기도,202512,10.09,84098157
일본,경기도,202601,10.306,67227887
일본,경기도,202602,11.218,58909312
일본,경기도,202603,10.395,90937569
일본,경기도,202604,7.54,103386696
일본,경기도,202605,8.48,106156472
일본,경기도,202606,7.748,99772775
일본,경기도,202607,7.961,95766721
일본,경상남도,202001,7.05,2821024
일본,경상남도,202002,7.065,2465061
일본,경상남도,202003,2.167,1367780
일본,경상남도,202004,2.003,1170629
일본,경상남도,202005,3.207,1215736
일본,경상남도,202006,3.695,1438797
일본,경상남도,202007,3.94,1457613
일본,경상남도,202008,3.697,1578318
일본,경상남도,202009,3.011,1718017
일본,경상남도,202010,3.97,1726256
일본,경상남도,202011,3.337,1910519
일본,경상남도,202012,3.614,1623108
일본,경상남도,202101,4.758,1379973
일본,경상남도,202102,4.984,1197886
일본,경상남도,202103,4.482,1624495
일본,경상남도,202104,3.445,1524906
일본,경상남도,202105,3.522,1748554
일본,경상남도,202106,4.229,1778325
일본,경상남도,202107,4.337,1706786
일본,경상남도,202108,5.376,1714196
일본,경상남도,202109,5.888,1767239
일본,경상남도,202110,4.864,2010019
일본,경상남도,202111,4.573,2075463
일본,경상남도,202112,5.029,1724010
일본,경상남도,202201,5.132,1207730
일본,경상남도,202202,5.682,1131395
일본,경상남도,202203,5.789,1655939
일본,경상남도,202204,3.479,1885531
일본,경상남도,202205,4.653,2307618
일본,경상남도,202206,4.825,2372788
일본,경상남도,202207,5.659,2939674
일본,경상남도,202208,7.543,2564154
일본,경상남도,202209,7.488,2441127
일본,경상남도,202210,6.428,2970887
일본,경상남도,202211,7.313,2686769
일본,경상남도,202212,8.631,2647160
일본,경상남도,202301,10.034,2060247
일본,경상남도,202302,8.318,2182245
일본,경상남도,202303,9.764,2895481
일본,경상남도,202304,8.173,3357719
일본,경상남도,202305,7.865,3550822
일본,경상남도,202306,8.273,3125441
일본,경상남도,202307,7.074,3572787
일본,경상남도,202308,9.725,3037381
일본,경상남도,202309,7.614,3688791
일본,경상남도,202310,7.296,4528625
일본,경상남도,202311,7.128,3697889
일본,경상남도,202312,8.106,3377265
일본,경상남도,202401,7.734,2963043
일본,경상남도,202402,8.683,2662662
일본,경상남도,202403,9.032,3731943
일본,경상남도,202404,6.828,3984774
일본,경상남도,202405,7.237,4029045
일본,경상남도,202406,7.152,4038907
일본,경상남도,202407,7.581,3972599
일본,경상남도,202408,9.924,3652409
일본,경상남도,202409,7.832,3838137
일본,경상남도,202410,7.498,5101272
일본,경상남도,202411,8.668,4513885
일본,경상남도,202412,7.467,4243213
일본,경상남도,202501,6.804,3482656
일본,경상남도,202502,9.337,3402645
일본,경상남도,202503,6.992,4727271
일본,경상남도,202504,7.984,5052865
일본,경상남도,202505,7.658,5001888
일본,경상남도,202506,7.2,5165059
일본,경상남도,202507,7.291,5050696
일본,경상남도,202508,7.188,5161201
일본,경상남도,202509,5.918,5621069
일본,경상남도,202510,5.189,6255197
일본,경상남도,202511,4.286,8321967
일본,경상남도,202512,7.243,5233360
일본,경상남도,202601,6.908,4304159
일본,경상남도,202602,7.791,3785557
일본,경상남도,202603,5.991,6118737
일본,경상남도,202604,6.191,6938692
일본,경상남도,202605,6.975,7243511
일본,경상남도,202606,6.787,6562127
일본,경상남도,202607,5.857,6295300
일본,경상북도,202001,9.388,1625896
일본,경상북도,202002,11.702,1121701
일본,경상북도,202003,3.877,452839
일본,경상북도,202004,3.646,453240
일본,경상북도,202005,3.829,693482
일본,경상북도,202006,3.035,744294
일본,경상북도,202007,5.842,982722
일본,경상북도,202008,7.051,1050543
일본,경상북도,202009,7.503,1027389
일본,경상북도,202010,3.841,1112678
일본,경상북도,202011,4.726,1068515
일본,경상북도,202012,6.63,967674
일본,경상북도,202101,4.368,841147
일본,경상북도,202102,5.977,762385
일본,경상북도,202103,4.334,1059629
일본,경상북도,202104,8.033,986932
일본,경상북도,202105,5.674,1067675
일본,경상북도,202106,5.744,1118099
일본,경상북도,202107,5.984,1236207
일본,경상북도,202108,5.704,1170875
일본,경상북도,202109,5.504,1225037
일본,경상북도,202110,6.474,1495777
일본,경상북도,202111,7.195,1485779
일본,경상북도,202112,5.994,1147668
일본,경상북도,202201,9.716,828004
일본,경상북도,202202,7.622,863708
일본,경상북도,202203,5.323,1216638
일본,경상북도,202204,4.197,1875661
일본,경상북도,202205,4.905,1874048
일본,경상북도,202206,5.761,2079262
일본,경상북도,202207,5.63,2354618
일본,경상북도,202208,6.436,2262054
일본,경상북도,202209,6.648,2339799
일본,경상북도,202210,6.165,3496325
일본,경상북도,202211,6.941,2581217
일본,경상북도,202212,6.825,2482295
일본,경상북도,202301,7.979,2016578
일본,경상북도,202302,5.989,2339935
일본,경상북도,202303,5.166,3628666
일본,경상북도,202304,6.426,4182818
일본,경상북도,202305,5.924,3826710
일본,경상북도,202306,6.027,3961784
일본,경상북도,202307,5.57,3716363
일본,경상북도,202308,6.559,3814148
일본,경상북도,202309,6.55,3825771
일본,경상북도,202310,4.946,4629207
일본,경상북도,202311,8.556,3827314
일본,경상북도,202312,7.061,2935639
일본,경상북도,202401,5.98,2414688
일본,경상북도,202402,5.906,2773465
일본,경상북도,202403,5.969,4618506
일본,경상북도,202404,5.427,4639326
일본,경상북도,202405,5.763,5046167
일본,경상북도,202406,6.308,4395343
일본,경상북도,202407,5.56,4089682
일본,경상북도,202408,5.345,5110201
일본,경상북도,202409,5.932,5450236
일본,경상북도,202410,6.014,6187358
일본,경상북도,202411,6.066,5287938
일본,경상북도,202412,5.611,4309976
일본,경상북도,202501,5.495,2994467
일본,경상북도,202502,7.201,3669191
일본,경상북도,202503,5.683,6655454
일본,경상북도,202504,4.575,6464151
일본,경상북도,202505,5.126,6318613
일본,경상북도,202506,5.69,5594361
일본,경상북도,202507,5.857,4772022
일본,경상북도,202508,6.428,5444693
일본,경상북도,202509,6.809,6010425
일본,경상북도,202510,4.983,8074866
일본,경상북도,202511,8.87,7052614
일본,경상북도,202512,6.344,4575833
일본,경상북도,202601,6.111,3031059
일본,경상북도,202602,5.758,3046291
일본,경상북도,202603,3.896,8021124
일본,경상북도,202604,2.617,9165578
일본,경상북도,202605,3.992,9483358
일본,경상북도,202606,3.09,7487848
일본,경상북도,202607,3.473,7217154
일본,광주광역시,202001,8.757,800621
일본,광주광역시,202002,9.866,543558
일본,광주광역시,202003,3.505,383465
일본,광주광역시,202004,3.792,450289
일본,광주광역시,202005,3.586,473306
일본,광주광역시,202006,5.006,426929
일본,광주광역시,202007,3.004,500090
일본,광주광역시,202008,4.195,409073
일본,광주광역시,202009,6.052,412703
일본,광주광역시,202010,5.15,559901
일본,광주광역시,202011,4.054,541820
일본,광주광역시,202012,5.225,499572
일본,광주광역시,202101,4.393,393509
일본,광주광역시,202102,2.95,415547
일본,광주광역시,202103,3.968,599508
일본,광주광역시,202104,3.942,548501
일본,광주광역시,202105,3.679,595741
일본,광주광역시,202106,3.048,560571
일본,광주광역시,202107,3.589,599727
일본,광주광역시,202108,3.974,580982
일본,광주광역시,202109,3.609,709124
일본,광주광역시,202110,4.789,860302
일본,광주광역시,202111,4.738,633253
일본,광주광역시,202112,5.144,509916
일본,광주광역시,202201,8.504,372921
일본,광주광역시,202202,3.879,350597
일본,광주광역시,202203,5.76,529638
일본,광주광역시,202204,4.5,793908
일본,광주광역시,202205,3.718,1119488
일본,광주광역시,202206,4.674,997332
일본,광주광역시,202207,4.9,1030389
일본,광주광역시,202208,7.474,928095
일본,광주광역시,202209,5.923,1001456
일본,광주광역시,202210,4.901,1378161
일본,광주광역시,202211,5.305,1120378
일본,광주광역시,202212,6.742,1132377
일본,광주광역시,202301,8.132,817226
일본,광주광역시,202302,6.225,820445
일본,광주광역시,202303,6.091,1053000
일본,광주광역시,202304,3.001,1779752
일본,광주광역시,202305,6.794,1343547
일본,광주광역시,202306,7.861,1244959
일본,광주광역시,202307,8.335,1272104
일본,광주광역시,202308,11.506,1105822
일본,광주광역시,202309,8.227,1500100
일본,광주광역시,202310,4.991,2084997
일본,광주광역시,202311,5.848,1781053
일본,광주광역시,202312,5.161,1403889
일본,광주광역시,202401,6.771,970813
일본,광주광역시,202402,8.417,819237
일본,광주광역시,202403,4.921,1598610
일본,광주광역시,202404,4.373,1687865
일본,광주광역시,202405,5.505,1651334
일본,광주광역시,202406,4.544,1540480
일본,광주광역시,202407,5.299,1359424
일본,광주광역시,202408,10.099,1348327
일본,광주광역시,202409,6.016,1956192
일본,광주광역시,202410,5.449,2154708
일본,광주광역시,202411,5.22,2099681
일본,광주광역시,202412,6.835,1758159
일본,광주광역시,202501,5.143,1251472
일본,광주광역시,202502,8.65,1033709
일본,광주광역시,202503,7.897,1778441
일본,광주광역시,202504,5.528,2839212
일본,광주광역시,202505,6.774,2466784
일본,광주광역시,202506,4.216,1878371
일본,광주광역시,202507,5.106,1686333
일본,광주광역시,202508,8.231,1838925
일본,광주광역시,202509,5.922,2182325
일본,광주광역시,202510,5.17,2420623
일본,광주광역시,202511,4.753,2210898
일본,광주광역시,202512,5.551,1988194
일본,광주광역시,202601,5.945,1435864
일본,광주광역시,202602,10.392,1147016
일본,광주광역시,202603,6.208,2685508
일본,광주광역시,202604,3.199,4000357
일본,광주광역시,202605,4.533,3168459
일본,광주광역시,202606,3.305,2881879
일본,대구광역시,202001,8.919,3604131
일본,대구광역시,202002,7.942,2493142
일본,대구광역시,202003,2.022,595362
일본,대구광역시,202004,2.069,595868
일본,대구광역시,202005,2.718,1186484
일본,대구광역시,202006,2.293,1324568
일본,대구광역시,202007,2.305,1411764
일본,대구광역시,202008,3.168,1366973
일본,대구광역시,202009,3.228,1400393
일본,대구광역시,202010,3.204,1754781
일본,대구광역시,202011,3.753,1539030
일본,대구광역시,202012,4.079,1590107
일본,대구광역시,202101,4.75,1206651
일본,대구광역시,202102,3.46,1264785
일본,대구광역시,202103,2.965,1796881
일본,대구광역시,202104,2.206,1877254
일본,대구광역시,202105,2.129,2011698
일본,대구광역시,202106,2.184,1745345
일본,대구광역시,202107,2.195,2020322
일본,대구광역시,202108,3.116,1884990
일본,대구광역시,202109,6.542,2007715
일본,대구광역시,202110,6.102,2535999
일본,대구광역시,202111,4.426,2047396
일본,대구광역시,202112,5.827,1824045
일본,대구광역시,202201,8.593,1087022
일본,대구광역시,202202,6.171,1456806
일본,대구광역시,202203,5.986,2001156
일본,대구광역시,202204,4.665,2623788
일본,대구광역시,202205,4.668,4271897
일본,대구광역시,202206,4.004,2867864
일본,대구광역시,202207,6.47,3087928
일본,대구광역시,202208,7.982,2827313
일본,대구광역시,202209,6.714,3156366
일본,대구광역시,202210,5.522,3822380
일본,대구광역시,202211,6.855,3472288
일본,대구광역시,202212,6.671,3294762
일본,대구광역시,202301,7.837,2721438
일본,대구광역시,202302,7.461,2778157
일본,대구광역시,202303,7.537,3950628
일본,대구광역시,202304,6.964,4376706
일본,대구광역시,202305,8.947,4552386
일본,대구광역시,202306,7.444,4395101
일본,대구광역시,202307,7.455,4640683
일본,대구광역시,202308,10.022,3960296
일본,대구광역시,202309,8.298,4492697
일본,대구광역시,202310,7.767,4983310
일본,대구광역시,202311,9.474,4366793
일본,대구광역시,202312,8.379,4052883
일본,대구광역시,202401,8.722,3049207
일본,대구광역시,202402,8.714,3198913
일본,대구광역시,202403,8.935,4593858
일본,대구광역시,202404,9.099,4868191
일본,대구광역시,202405,7.966,5742767
일본,대구광역시,202406,8.17,5023921
일본,대구광역시,202407,9.991,4986962
일본,대구광역시,202408,14.144,5390168
일본,대구광역시,202409,13.616,5476978
일본,대구광역시,202410,11.692,6127432
일본,대구광역시,202411,13.54,5729296
일본,대구광역시,202412,10.472,5546930
일본,대구광역시,202501,10.78,4322540
일본,대구광역시,202502,12.084,4224143
일본,대구광역시,202503,13.181,6335517
일본,대구광역시,202504,10.901,6706748
일본,대구광역시,202505,11.468,6713599
일본,대구광역시,202506,10.538,6325127
일본,대구광역시,202507,13.208,5839053
일본,대구광역시,202508,13.893,5951107
일본,대구광역시,202509,13.595,6632886
일본,대구광역시,202510,9.513,6888602
일본,대구광역시,202511,7.325,6731918
일본,대구광역시,202512,8.008,6131683
일본,대구광역시,202601,7.52,4649737
일본,대구광역시,202602,8.048,4283616
일본,대구광역시,202603,7.732,8016429
일본,대구광역시,202604,4.991,8395975
일본,대구광역시,202605,7.736,9166185
일본,대구광역시,202606,6.431,8736758
일본,대구광역시,202607,6.586,7948053
일본,대전광역시,202001,7.885,2152944
일본,대전광역시,202002,9.175,1552615
일본,대전광역시,202003,5.168,543007
일본,대전광역시,202004,7.007,514627
일본,대전광역시,202005,4.488,631438
일본,대전광역시,202006,4.386,670716
일본,대전광역시,202007,4.065,850466
일본,대전광역시,202008,3.847,887815
일본,대전광역시,202009,4.902,818812
일본,대전광역시,202010,5.586,1013270
일본,대전광역시,202011,6.027,1028614
일본,대전광역시,202012,5.492,756297
일본,대전광역시,202101,5.323,644008
일본,대전광역시,202102,8.183,622888
일본,대전광역시,202103,4.041,847203
일본,대전광역시,202104,5.181,819002
일본,대전광역시,202105,3.848,1097909
일본,대전광역시,202106,7.027,923621
일본,대전광역시,202107,3.822,951980
일본,대전광역시,202108,3.766,958905
일본,대전광역시,202109,5.012,999588
일본,대전광역시,202110,5.741,1233731
일본,대전광역시,202111,5.547,1248486
일본,대전광역시,202112,5.646,1080480
일본,대전광역시,202201,4.85,775592
일본,대전광역시,202202,5.816,920859
일본,대전광역시,202203,5.883,1119333
일본,대전광역시,202204,5.22,1516154
일본,대전광역시,202205,4.998,2002978
일본,대전광역시,202206,4.615,2235724
일본,대전광역시,202207,4.491,2574586
일본,대전광역시,202208,6.96,2442030
일본,대전광역시,202209,7.184,3049939
일본,대전광역시,202210,6.919,3892267
일본,대전광역시,202211,6.723,2976131
일본,대전광역시,202212,7.662,2751547
일본,대전광역시,202301,7.914,1765065
일본,대전광역시,202302,8.975,1925736
일본,대전광역시,202303,8.967,3049601
일본,대전광역시,202304,6.158,3621324
일본,대전광역시,202305,7.617,3439027
일본,대전광역시,202306,6.565,3498342
일본,대전광역시,202307,6.4,3675892
일본,대전광역시,202308,10.473,3564290
일본,대전광역시,202309,7.471,3748317
일본,대전광역시,202310,6.833,4183928
일본,대전광역시,202311,7.622,3550173
일본,대전광역시,202312,7.381,2982791
일본,대전광역시,202401,6.89,2365520
일본,대전광역시,202402,7.668,2149130
일본,대전광역시,202403,8.368,3573010
일본,대전광역시,202404,6.054,4063206
일본,대전광역시,202405,6.25,3822627
일본,대전광역시,202406,5.564,4148165
일본,대전광역시,202407,5.904,3743573
일본,대전광역시,202408,9.314,3741742
일본,대전광역시,202409,6.595,3974513
일본,대전광역시,202410,6.106,5087813
일본,대전광역시,202411,6.685,4355038
일본,대전광역시,202412,6.588,3828920
일본,대전광역시,202501,7.683,2478406
일본,대전광역시,202502,7.854,2508867
일본,대전광역시,202503,8.091,4087124
일본,대전광역시,202504,5.475,4598320
일본,대전광역시,202505,6.843,4461749
일본,대전광역시,202506,6.04,4935605
일본,대전광역시,202507,5.883,4390773
일본,대전광역시,202508,9.38,3846235
일본,대전광역시,202509,6.556,5251825
일본,대전광역시,202510,5.8,5137972
일본,대전광역시,202511,7.008,5077947
일본,대전광역시,202512,6.491,4414667
일본,대전광역시,202601,6.329,3500508
일본,대전광역시,202602,6.198,3070413
일본,대전광역시,202603,7.237,5824123
일본,대전광역시,202604,4.653,5905807
일본,대전광역시,202605,5.444,6256761
일본,대전광역시,202606,4.877,6679487
일본,대전광역시,202607,4.797,7004617
일본,부산광역시,202001,40.097,33826894
일본,부산광역시,202002,43.462,22192325
일본,부산광역시,202003,7.432,4359000
일본,부산광역시,202004,6.325,2996752
일본,부산광역시,202005,7.312,4295514
일본,부산광역시,202006,13.99,4846281
일본,부산광역시,202007,5.04,5556211
일본,부산광역시,202008,6.151,4505834
일본,부산광역시,202009,6.212,4338551
일본,부산광역시,202010,6.377,4988689
일본,부산광역시,202011,6.496,4999467
일본,부산광역시,202012,5.922,4689055
일본,부산광역시,202101,6.752,3918309
일본,부산광역시,202102,8.291,3894688
일본,부산광역시,202103,6.317,5326239
일본,부산광역시,202104,5.282,4047820
일본,부산광역시,202105,5.825,5474413
일본,부산광역시,202106,5.598,4788646
일본,부산광역시,202107,5.275,5331590
일본,부산광역시,202108,6.628,5053488
일본,부산광역시,202109,5.373,5544246
일본,부산광역시,202110,5.866,6465898
일본,부산광역시,202111,7.391,5943494
일본,부산광역시,202112,9.351,5748642
일본,부산광역시,202201,7.801,4204485
일본,부산광역시,202202,15.033,4836993
일본,부산광역시,202203,7.855,5290181
일본,부산광역시,202204,6.624,6930469
일본,부산광역시,202205,5.862,10459518
일본,부산광역시,202206,4.977,10765331
일본,부산광역시,202207,6.188,13462885
일본,부산광역시,202208,13.407,14589882
일본,부산광역시,202209,17.246,17922176
일본,부산광역시,202210,20.764,27847871
일본,부산광역시,202211,28.403,22183573
일본,부산광역시,202212,30.033,23430786
일본,부산광역시,202301,37.533,20860468
일본,부산광역시,202302,31.217,17778101
일본,부산광역시,202303,30.414,36709994
일본,부산광역시,202304,22.78,42905278
일본,부산광역시,202305,26.24,40524489
일본,부산광역시,202306,24.711,43372470
일본,부산광역시,202307,23.614,40911650
일본,부산광역시,202308,28.256,40115026
일본,부산광역시,202309,26.255,45919424
일본,부산광역시,202310,24.153,59233113
일본,부산광역시,202311,27.769,50685242
일본,부산광역시,202312,28.11,39902433
일본,부산광역시,202401,35.221,32365065
일본,부산광역시,202402,31.747,36359330
일본,부산광역시,202403,28.753,52560544
일본,부산광역시,202404,22.743,61725432
일본,부산광역시,202405,22.831,60294435
일본,부산광역시,202406,20.007,62878027
일본,부산광역시,202407,25.742,57962831
일본,부산광역시,202408,26.337,63552819
일본,부산광역시,202409,26.946,62696905
일본,부산광역시,202410,22.512,76103678
일본,부산광역시,202411,25.818,66722845
일본,부산광역시,202412,25.119,61108911
일본,부산광역시,202501,25.873,48400799
일본,부산광역시,202502,27.062,44993319
일본,부산광역시,202503,23.883,73426059
일본,부산광역시,202504,19.81,84063690
일본,부산광역시,202505,20.909,80879384
일본,부산광역시,202506,20.366,79987222
일본,부산광역시,202507,21.849,80326942
일본,부산광역시,202508,24.429,90576046
일본,부산광역시,202509,23.183,86198909
일본,부산광역시,202510,18.063,91543923
일본,부산광역시,202511,23.697,95535873
일본,부산광역시,202512,23.84,83702991
일본,부산광역시,202601,27.3,61552520
일본,부산광역시,202602,23.084,64227494
일본,부산광역시,202603,22.059,96186178
일본,부산광역시,202604,17.816,119139636
일본,부산광역시,202605,19.21,132062354
일본,부산광역시,202606,18.372,137058290
일본,부산광역시,202607,18.043,132023883
일본,서울특별시,202001,14.571,351349914
일본,서울특별시,202002,25.186,186462860
일본,서울특별시,202003,11.708,43849949
일본,서울특별시,202004,3.494,34676869
일본,서울특별시,202005,5.045,33858325
일본,서울특별시,202006,4.151,37028633
일본,서울특별시,202007,4.341,43712654
일본,서울특별시,202008,4.761,39282050
일본,서울특별시,202009,4.39,39443955
일본,서울특별시,202010,4.766,42329231
일본,서울특별시,202011,5.062,41938892
일본,서울특별시,202012,5.148,39469949
일본,서울특별시,202101,5.464,32768838
일본,서울특별시,202102,7.066,29437112
일본,서울특별시,202103,7.172,37218185
일본,서울특별시,202104,5.562,38453656
일본,서울특별시,202105,5.924,42655666
일본,서울특별시,202106,5.414,44200065
일본,서울특별시,202107,4.938,46333460
일본,서울특별시,202108,6.085,45953789
일본,서울특별시,202109,6.341,46462033
일본,서울특별시,202110,5.547,60146491
일본,서울특별시,202111,5.572,61312648
일본,서울특별시,202112,5.33,55556780
일본,서울특별시,202201,5.703,37233687
일본,서울특별시,202202,7.458,41740183
일본,서울특별시,202203,6.6,52489582
일본,서울특별시,202204,4.717,82787820
일본,서울특별시,202205,4.062,119198139
일본,서울특별시,202206,4.679,140103704
일본,서울특별시,202207,8.037,177203092
일본,서울특별시,202208,11.912,169983773
일본,서울특별시,202209,11.623,212086989
일본,서울특별시,202210,10.632,304980066
일본,서울특별시,202211,12.505,270592589
일본,서울특별시,202212,13.843,297572881
일본,서울특별시,202301,17.274,210305200
일본,서울특별시,202302,19.695,210512050
일본,서울특별시,202303,19.686,321840042
일본,서울특별시,202304,13.606,415433479
일본,서울특별시,202305,16.726,412234471
일본,서울특별시,202306,17.037,417665934
일본,서울특별시,202307,18.736,415219254
일본,서울특별시,202308,21.321,384863562
일본,서울특별시,202309,19.757,433743600
일본,서울특별시,202310,16.147,521251054
일본,서울특별시,202311,19.502,490472331
일본,서울특별시,202312,16.984,457134138
일본,서울특별시,202401,18.936,363272597
일본,서울특별시,202402,21.767,338992845
일본,서울특별시,202403,21.636,513952690
일본,서울특별시,202404,14.867,596867997
일본,서울특별시,202405,16.953,577373050
일본,서울특별시,202406,16.554,579653181
일본,서울특별시,202407,17.341,528084485
일본,서울특별시,202408,20.855,522567314
일본,서울특별시,202409,20.521,566392993
일본,서울특별시,202410,16.515,708093147
일본,서울특별시,202411,19.765,645600829
일본,서울특별시,202412,16.446,614298283
일본,서울특별시,202501,17.153,450653879
일본,서울특별시,202502,20.964,431650489
일본,서울특별시,202503,20.468,656703454
일본,서울특별시,202504,13.156,797175308
일본,서울특별시,202505,16.395,723803910
일본,서울특별시,202506,16.451,700434505
일본,서울특별시,202507,17.586,660754990
일본,서울특별시,202508,19.908,653346105
일본,서울특별시,202509,18.384,740909635
일본,서울특별시,202510,14.071,790881853
일본,서울특별시,202511,17.149,852396002
일본,서울특별시,202512,15.125,849501601
일본,서울특별시,202601,15.419,627754741
일본,서울특별시,202602,16.074,559644308
일본,서울특별시,202603,16.038,956896757
일본,서울특별시,202604,10.249,1153017696
일본,서울특별시,202605,12.251,1204071105
일본,서울특별시,202606,11.613,1176519303
일본,서울특별시,202607,12.106,1070717487
일본,세종특별자치시,202001,5.227,64317
일본,세종특별자치시,202002,3.633,66284
일본,세종특별자치시,202003,3.313,63695
일본,세종특별자치시,202004,1.027,49693
일본,세종특별자치시,202005,2.512,62815
일본,세종특별자치시,202006,3.403,88180
일본,세종특별자치시,202007,5.7,77623
일본,세종특별자치시,202008,4.75,88948
일본,세종특별자치시,202009,3.793,112786
일본,세종특별자치시,202010,4.904,94456
일본,세종특별자치시,202011,3.466,85060
일본,세종특별자치시,202012,3.872,100225
일본,세종특별자치시,202101,7.092,83460
일본,세종특별자치시,202102,6.867,68653
일본,세종특별자치시,202103,3.844,90482
일본,세종특별자치시,202104,4.462,95109
일본,세종특별자치시,202105,3.513,101820
일본,세종특별자치시,202106,2.25,99538
일본,세종특별자치시,202107,2.706,130509
일본,세종특별자치시,202108,3.343,107684
일본,세종특별자치시,202109,4.494,136090
일본,세종특별자치시,202110,2.971,149825
일본,세종특별자치시,202111,3.301,108293
일본,세종특별자치시,202112,1.991,102706
일본,세종특별자치시,202201,1.413,93837
일본,세종특별자치시,202202,1.818,104695
일본,세종특별자치시,202203,2.07,147603
일본,세종특별자치시,202204,2.848,147490
일본,세종특별자치시,202205,3.431,192436
일본,세종특별자치시,202206,4.786,189772
일본,세종특별자치시,202207,1.974,199021
일본,세종특별자치시,202208,5.977,181550
일본,세종특별자치시,202209,3.536,184511
일본,세종특별자치시,202210,7.846,207460
일본,세종특별자치시,202211,2.071,191596
일본,세종특별자치시,202212,8.048,197546
일본,세종특별자치시,202301,5.957,136147
일본,세종특별자치시,202302,1.995,126770
일본,세종특별자치시,202303,5.881,186143
일본,세종특별자치시,202304,2.992,204717
일본,세종특별자치시,202305,5.541,209806
일본,세종특별자치시,202306,5.492,232631
일본,세종특별자치시,202307,4.197,288130
일본,세종특별자치시,202308,4.779,259533
일본,세종특별자치시,202309,4.563,278786
일본,세종특별자치시,202310,2.979,378052
일본,세종특별자치시,202311,4.862,282833
일본,세종특별자치시,202312,2.688,271706
일본,세종특별자치시,202401,3.772,235974
일본,세종특별자치시,202402,4.713,231949
일본,세종특별자치시,202403,4.497,349046
일본,세종특별자치시,202404,5.099,265549
일본,세종특별자치시,202405,4.508,293967
일본,세종특별자치시,202406,4.35,328780
일본,세종특별자치시,202407,3.382,297976
일본,세종특별자치시,202408,4.977,280268
일본,세종특별자치시,202409,3.534,313997
일본,세종특별자치시,202410,2.279,472628
일본,세종특별자치시,202411,3.815,399379
일본,세종특별자치시,202412,3.693,358502
일본,세종특별자치시,202501,4.055,233782
일본,세종특별자치시,202502,5.458,256352
일본,세종특별자치시,202503,4.258,354102
일본,세종특별자치시,202504,4.148,444655
일본,세종특별자치시,202505,3.465,435469
일본,세종특별자치시,202506,4.393,449899
일본,세종특별자치시,202507,3.728,367111
일본,세종특별자치시,202508,8.209,359805
일본,세종특별자치시,202509,3.515,465624
일본,세종특별자치시,202510,3.741,439217
일본,세종특별자치시,202511,3.136,437263
일본,세종특별자치시,202512,5.685,453078
일본,세종특별자치시,202601,3.103,434369
일본,세종특별자치시,202602,2.94,347530
일본,세종특별자치시,202603,1.727,842369
일본,세종특별자치시,202604,1.59,909421
일본,세종특별자치시,202605,1.411,1137264
일본,세종특별자치시,202606,1.535,918755
일본,세종특별자치시,202607,1.958,731197
일본,울산광역시,202001,10.673,1030480
일본,울산광역시,202002,11.56,859576
일본,울산광역시,202003,5.836,246587
일본,울산광역시,202004,4.053,243234
일본,울산광역시,202005,4.838,333803
일본,울산광역시,202006,2.935,379736
일본,울산광역시,202007,4.254,514134
일본,울산광역시,202008,4.263,533550
일본,울산광역시,202009,9.601,555487
일본,울산광역시,202010,15.37,717606
일본,울산광역시,202011,6.14,604882
일본,울산광역시,202012,12.189,536501
일본,울산광역시,202101,8.383,428175
일본,울산광역시,202102,5.113,432120
일본,울산광역시,202103,7.035,573704
일본,울산광역시,202104,5.669,552655
일본,울산광역시,202105,8.2,433813
일본,울산광역시,202106,5.036,506938
일본,울산광역시,202107,4.576,471921
일본,울산광역시,202108,7.41,428368
일본,울산광역시,202109,5.677,500889
일본,울산광역시,202110,4.821,628371
일본,울산광역시,202111,4.9,623740
일본,울산광역시,202112,6.608,541909
일본,울산광역시,202201,3.621,479189
일본,울산광역시,202202,6.016,568374
일본,울산광역시,202203,5.984,513762
일본,울산광역시,202204,8.187,708778
일본,울산광역시,202205,5.488,1137634
일본,울산광역시,202206,5.651,1030398
일본,울산광역시,202207,5.15,1005313
일본,울산광역시,202208,8.006,797112
일본,울산광역시,202209,10.1,787754
일본,울산광역시,202210,10.719,1426623
일본,울산광역시,202211,7.758,1126637
일본,울산광역시,202212,11.21,892663
일본,울산광역시,202301,7.07,791295
일본,울산광역시,202302,6.465,970803
일본,울산광역시,202303,10.991,1218074
일본,울산광역시,202304,9.704,1176379
일본,울산광역시,202305,10.455,1288435
일본,울산광역시,202306,7.165,1516414
일본,울산광역시,202307,9.709,1217172
일본,울산광역시,202308,9.846,1072548
일본,울산광역시,202309,9.213,1313037
일본,울산광역시,202310,9.772,1446957
일본,울산광역시,202311,12.905,1519786
일본,울산광역시,202312,15.465,1304195
일본,울산광역시,202401,10.204,1074246
일본,울산광역시,202402,11.317,1103702
일본,울산광역시,202403,10.566,1241361
일본,울산광역시,202404,8.694,1397576
일본,울산광역시,202405,7.832,1491798
일본,울산광역시,202406,9.106,1680416
일본,울산광역시,202407,8.465,1475713
일본,울산광역시,202408,9.469,1364388
일본,울산광역시,202409,7.759,1606974
일본,울산광역시,202410,9.67,1867704
일본,울산광역시,202411,7.226,1739352
일본,울산광역시,202412,7.347,1440369
일본,울산광역시,202501,7.777,1243965
일본,울산광역시,202502,6.733,1452139
일본,울산광역시,202503,9.104,1615356
일본,울산광역시,202504,8.345,1697997
일본,울산광역시,202505,8.266,1812556
일본,울산광역시,202506,11.347,1760908
일본,울산광역시,202507,9.76,1779861
일본,울산광역시,202508,9.63,1641708
일본,울산광역시,202509,8.366,2003916
일본,울산광역시,202510,6.889,2385567
일본,울산광역시,202511,8.234,2052937
일본,울산광역시,202512,6.685,1738462
일본,울산광역시,202601,5.526,1790499
일본,울산광역시,202602,6.645,1623934
일본,울산광역시,202603,7.256,2538225
일본,울산광역시,202604,5.937,2619361
일본,울산광역시,202605,6.107,2852809
일본,울산광역시,202606,5.559,2580985
일본,울산광역시,202607,7.731,2475254
일본,인천광역시,202001,36.511,39240477
일본,인천광역시,202002,42.712,29624915
일본,인천광역시,202003,24.547,6884005
일본,인천광역시,202004,1.796,4151206
일본,인천광역시,202005,1.481,5340178
일본,인천광역시,202006,1.515,5098783
일본,인천광역시,202007,1.978,5958797
일본,인천광역시,202008,2.535,6155165
일본,인천광역시,202009,3.845,5264410
일본,인천광역시,202010,3.739,4944903
일본,인천광역시,202011,5.084,5096223
일본,인천광역시,202012,8.428,4621835
일본,인천광역시,202101,8.382,4438393
일본,인천광역시,202102,6.254,4114931
일본,인천광역시,202103,6.316,5501276
일본,인천광역시,202104,6.477,5274493
일본,인천광역시,202105,7.416,5353902
일본,인천광역시,202106,6.814,5835522
일본,인천광역시,202107,5.189,6312824
일본,인천광역시,202108,4.538,7126769
일본,인천광역시,202109,5.772,6282857
일본,인천광역시,202110,5.082,6604230
일본,인천광역시,202111,5.001,6066065
일본,인천광역시,202112,4.615,5891166
일본,인천광역시,202201,3.874,5459172
일본,인천광역시,202202,4.424,5143558
일본,인천광역시,202203,4.294,6046092
일본,인천광역시,202204,3.934,7449695
일본,인천광역시,202205,4.649,11196435
일본,인천광역시,202206,6.259,11559169
일본,인천광역시,202207,15.6,15764295
일본,인천광역시,202208,26.53,19401538
일본,인천광역시,202209,24.615,22419964
일본,인천광역시,202210,28.669,30147113
일본,인천광역시,202211,29.126,30567090
일본,인천광역시,202212,33.492,32166750
일본,인천광역시,202301,34.135,29577169
일본,인천광역시,202302,35.606,24914946
일본,인천광역시,202303,32.683,34281547
일본,인천광역시,202304,27.716,39933049
일본,인천광역시,202305,28.581,45780188
일본,인천광역시,202306,31.22,40069327
일본,인천광역시,202307,33.594,39194473
일본,인천광역시,202308,36.11,39503860
일본,인천광역시,202309,39.285,38106054
일본,인천광역시,202310,31.13,37172117
일본,인천광역시,202311,35.818,39485997
일본,인천광역시,202312,40.435,37560298
일본,인천광역시,202401,37.225,37425072
일본,인천광역시,202402,42.398,35382988
일본,인천광역시,202403,40.798,44658871
일본,인천광역시,202404,39.6,50849392
일본,인천광역시,202405,38.17,49231451
일본,인천광역시,202406,41.349,51669567
일본,인천광역시,202407,38.147,48614639
일본,인천광역시,202408,44.989,58676086
일본,인천광역시,202409,40.778,56377405
일본,인천광역시,202410,36.718,58869497
일본,인천광역시,202411,41.394,63137319
일본,인천광역시,202412,43.061,58969792
일본,인천광역시,202501,42.341,55783820
일본,인천광역시,202502,44.305,48820737
일본,인천광역시,202503,40.057,67370520
일본,인천광역시,202504,36.929,71292389
일본,인천광역시,202505,42.846,70117431
일본,인천광역시,202506,40.253,65222046
일본,인천광역시,202507,41.702,71986641
일본,인천광역시,202508,48.697,75482615
일본,인천광역시,202509,44.254,71390473
일본,인천광역시,202510,37.6,70596490
일본,인천광역시,202511,40.106,76649920
일본,인천광역시,202512,41.668,78597496
일본,인천광역시,202601,43.943,70514766
일본,인천광역시,202602,46.576,62318376
일본,인천광역시,202603,34.206,92648542
일본,인천광역시,202604,31.798,102065502
일본,인천광역시,202605,35.975,115499816
일본,인천광역시,202606,32.925,101419421
일본,인천광역시,202607,36.711,97776030
일본,전라남도,202001,7.887,583633
일본,전라남도,202002,12.956,623651
일본,전라남도,202003,11.09,366065
일본,전라남도,202004,4.023,285929
일본,전라남도,202005,3.384,361631
일본,전라남도,202006,3.585,387968
일본,전라남도,202007,4.507,439218
일본,전라남도,202008,4.206,452109
일본,전라남도,202009,4.681,463957
일본,전라남도,202010,6.318,433331
일본,전라남도,202011,6.06,503568
일본,전라남도,202012,9.521,510370
일본,전라남도,202101,14.195,463978
일본,전라남도,202102,9.371,449798
일본,전라남도,202103,9.74,543792
일본,전라남도,202104,10.079,536818
일본,전라남도,202105,11.553,654641
일본,전라남도,202106,7.521,519111
일본,전라남도,202107,8.691,629147
일본,전라남도,202108,5.813,558467
일본,전라남도,202109,6.132,610420
일본,전라남도,202110,8.697,625137
일본,전라남도,202111,11.229,576692
일본,전라남도,202112,12.136,485430
일본,전라남도,202201,9.677,388729
일본,전라남도,202202,7.131,364419
일본,전라남도,202203,5.28,553861
일본,전라남도,202204,6.199,710583
일본,전라남도,202205,6.541,1112743
일본,전라남도,202206,4.161,1075249
일본,전라남도,202207,5.451,1111025
일본,전라남도,202208,6.543,1004698
일본,전라남도,202209,6.667,1151022
일본,전라남도,202210,6.132,1653345
일본,전라남도,202211,8.308,1224057
일본,전라남도,202212,11.237,1011386
일본,전라남도,202301,8.322,856454
일본,전라남도,202302,8.543,1022613
일본,전라남도,202303,10.696,1103580
일본,전라남도,202304,7.701,1603619
일본,전라남도,202305,9.156,1739300
일본,전라남도,202306,9.101,1494113
일본,전라남도,202307,6.358,1796531
일본,전라남도,202308,6.629,1639083
일본,전라남도,202309,6.16,1528203
일본,전라남도,202310,7.084,2264966
일본,전라남도,202311,6.336,1916644
일본,전라남도,202312,6.703,1224327
일본,전라남도,202401,5.499,1170536
일본,전라남도,202402,9.816,1034365
일본,전라남도,202403,6.005,1599255
일본,전라남도,202404,5.642,1752083
일본,전라남도,202405,5.514,1906712
일본,전라남도,202406,6.167,1844135
일본,전라남도,202407,6.866,1694904
일본,전라남도,202408,6.043,1778913
일본,전라남도,202409,5.363,1886447
일본,전라남도,202410,6.719,2822530
일본,전라남도,202411,7.963,1929094
일본,전라남도,202412,7.053,1557816
일본,전라남도,202501,7.636,1146965
일본,전라남도,202502,9.946,1037483
일본,전라남도,202503,5.979,1644483
일본,전라남도,202504,5.019,1940745
일본,전라남도,202505,5.625,1951796
일본,전라남도,202506,6.837,1787002
일본,전라남도,202507,4.855,1793190
일본,전라남도,202508,8.098,1617032
일본,전라남도,202509,5.631,1771918
일본,전라남도,202510,5.148,2378630
일본,전라남도,202511,7.612,1919324
일본,전라남도,202512,6.131,1679487
일본,전라남도,202601,5.786,1209089
일본,전라남도,202602,6.403,1027259
일본,전라남도,202603,6.444,2031826
일본,전라남도,202604,5.081,2855424
일본,전라남도,202605,4.315,3235000
일본,전라남도,202606,4.938,2573585
일본,전북특별자치도,202001,7.216,1333395
일본,전북특별자치도,202002,7.262,1114422
일본,전북특별자치도,202003,4.198,797656
일본,전북특별자치도,202004,0.981,832515
일본,전북특별자치도,202005,1.857,975668
일본,전북특별자치도,202006,1.134,1058451
일본,전북특별자치도,202007,1.623,1197816
일본,전북특별자치도,202008,1.866,1129207
일본,전북특별자치도,202009,1.845,1209394
일본,전북특별자치도,202010,2.992,1401127
일본,전북특별자치도,202011,4.213,1193213
일본,전북특별자치도,202012,2.795,1271228
일본,전북특별자치도,202101,2.685,738913
일본,전북특별자치도,202102,1.833,987248
일본,전북특별자치도,202103,2.508,1242632
일본,전북특별자치도,202104,2.28,1109806
일본,전북특별자치도,202105,3.049,1153879
일본,전북특별자치도,202106,2.316,1082469
일본,전북특별자치도,202107,2.3,924143
일본,전북특별자치도,202108,1.936,1117399
일본,전북특별자치도,202109,3.655,1063909
일본,전북특별자치도,202110,2.037,1377945
일본,전북특별자치도,202111,3.343,1191121
일본,전북특별자치도,202112,3.73,1129260
일본,전북특별자치도,202201,5.233,678550
일본,전북특별자치도,202202,4.293,839365
일본,전북특별자치도,202203,4.645,1039727
일본,전북특별자치도,202204,3.761,1378053
일본,전북특별자치도,202205,3.198,1663963
일본,전북특별자치도,202206,4.322,1681150
일본,전북특별자치도,202207,3.326,1793605
일본,전북특별자치도,202208,5.258,1683674
일본,전북특별자치도,202209,4.757,1882427
일본,전북특별자치도,202210,4.408,2435493
일본,전북특별자치도,202211,4.721,2006969
일본,전북특별자치도,202212,3.889,2033745
일본,전북특별자치도,202301,4.708,1503122
일본,전북특별자치도,202302,4.253,1511163
일본,전북특별자치도,202303,4.657,1986261
일본,전북특별자치도,202304,3.379,2317869
일본,전북특별자치도,202305,4.717,2555768
일본,전북특별자치도,202306,4.241,2108066
일본,전북특별자치도,202307,3.431,2296588
일본,전북특별자치도,202308,3.555,3091899
일본,전북특별자치도,202309,4.799,2614159
일본,전북특별자치도,202310,3.078,2979950
일본,전북특별자치도,202311,3.631,2640327
일본,전북특별자치도,202312,2.768,2370027
일본,전북특별자치도,202401,2.572,1811830
일본,전북특별자치도,202402,3.001,1845076
일본,전북특별자치도,202403,3.625,2751578
일본,전북특별자치도,202404,2.502,3381202
일본,전북특별자치도,202405,3.9,2847452
일본,전북특별자치도,202406,3.487,2645361
일본,전북특별자치도,202407,3.954,2352558
일본,전북특별자치도,202408,3.882,2848452
일본,전북특별자치도,202409,3.149,2789561
일본,전북특별자치도,202410,2.902,3608646
일본,전북특별자치도,202411,3.404,3131373
일본,전북특별자치도,202412,4.557,2693248
일본,전북특별자치도,202501,5.01,2012546
일본,전북특별자치도,202502,5.646,1957453
일본,전북특별자치도,202503,4.912,2870907
일본,전북특별자치도,202504,4.312,3432085
일본,전북특별자치도,202505,4.492,3348417
일본,전북특별자치도,202506,4.901,2886053
일본,전북특별자치도,202507,4.27,2695172
일본,전북특별자치도,202508,6.857,3080272
일본,전북특별자치도,202509,4.023,3158449
일본,전북특별자치도,202510,3.98,3926359
일본,전북특별자치도,202511,4.067,3788461
일본,전북특별자치도,202512,3.458,3012360
일본,전북특별자치도,202601,4.038,2152761
일본,전북특별자치도,202602,5.16,1940533
일본,전북특별자치도,202603,2.889,4200815
일본,전북특별자치도,202604,2.731,5105190
일본,전북특별자치도,202605,3.22,5002245
일본,전북특별자치도,202606,2.932,4213411
일본,전북특별자치도,202607,4.282,3640232
일본,제주특별자치도,202001,5.123,16953814
일본,제주특별자치도,202002,9.368,6576409
일본,제주특별자치도,202003,4.498,1893958
일본,제주특별자치도,202004,4.864,1467491
일본,제주특별자치도,202005,3.025,1624666
일본,제주특별자치도,202006,2.965,1918372
일본,제주특별자치도,202007,2.357,3198828
일본,제주특별자치도,202008,3.085,2425624
일본,제주특별자치도,202009,3.468,2058316
일본,제주특별자치도,202010,4.3,2310897
일본,제주특별자치도,202011,2.558,2756824
일본,제주특별자치도,202012,2.26,2551444
일본,제주특별자치도,202101,3.041,2691278
일본,제주특별자치도,202102,0.971,6558733
일본,제주특별자치도,202103,1.873,5919175
일본,제주특별자치도,202104,2.562,3242630
일본,제주특별자치도,202105,2.344,3551818
일본,제주특별자치도,202106,2.433,2758804
일본,제주특별자치도,202107,2.051,3147172
일본,제주특별자치도,202108,2.656,2671115
일본,제주특별자치도,202109,3.577,2261274
일본,제주특별자치도,202110,4.083,2338591
일본,제주특별자치도,202111,5.009,1949870
일본,제주특별자치도,202112,5.525,1709569
일본,제주특별자치도,202201,5.66,1542940
일본,제주특별자치도,202202,4.577,1447047
일본,제주특별자치도,202203,3.314,1775486
일본,제주특별자치도,202204,3.538,2550696
일본,제주특별자치도,202205,3.37,4302178
일본,제주특별자치도,202206,2.183,5725830
일본,제주특별자치도,202207,2.636,6570464
일본,제주특별자치도,202208,4.475,6588763
일본,제주특별자치도,202209,4.474,6343912
일본,제주특별자치도,202210,4.09,9198813
일본,제주특별자치도,202211,6.928,9180067
일본,제주특별자치도,202212,6.454,8820287
일본,제주특별자치도,202301,11.157,5717465
일본,제주특별자치도,202302,11.131,4931297
일본,제주특별자치도,202303,10.928,9317058
일본,제주특별자치도,202304,5.2,16147481
일본,제주특별자치도,202305,8.076,18864066
일본,제주특별자치도,202306,4.997,19843183
일본,제주특별자치도,202307,7.366,21924251
일본,제주특별자치도,202308,7.921,22160734
일본,제주특별자치도,202309,6.963,19004995
일본,제주특별자치도,202310,5.104,22645169
일본,제주특별자치도,202311,6.674,15883326
일본,제주특별자치도,202312,7.124,13821408
일본,제주특별자치도,202401,6.646,12868777
일본,제주특별자치도,202402,6.449,13936300
일본,제주특별자치도,202403,9.602,20896016
일본,제주특별자치도,202404,5.976,24199957
일본,제주특별자치도,202405,6.65,27797408
일본,제주특별자치도,202406,5.743,27714610
일본,제주특별자치도,202407,6.95,26096069
일본,제주특별자치도,202408,10.613,32396272
일본,제주특별자치도,202409,6.622,26183271
일본,제주특별자치도,202410,5.906,30564027
일본,제주특별자치도,202411,10.723,19535349
일본,제주특별자치도,202412,6.145,17498506
일본,제주특별자치도,202501,7.296,14683888
일본,제주특별자치도,202502,7.595,12882091
일본,제주특별자치도,202503,7.881,19457298
일본,제주특별자치도,202504,6.732,27402378
일본,제주특별자치도,202505,7.873,30579102
일본,제주특별자치도,202506,6.417,30337369
일본,제주특별자치도,202507,7.093,31975448
일본,제주특별자치도,202508,8.742,35144954
일본,제주특별자치도,202509,9.501,35062337
일본,제주특별자치도,202510,6.739,36477143
일본,제주특별자치도,202511,8.87,29505069
일본,제주특별자치도,202512,7.782,29202077
일본,제주특별자치도,202601,9.589,25296524
일본,제주특별자치도,202602,8.673,25805992
일본,제주특별자치도,202603,8.865,45101409
일본,제주특별자치도,202604,5.275,58491450
일본,제주특별자치도,202605,5.855,65310651
일본,제주특별자치도,202606,5.142,64840846
일본,제주특별자치도,202607,4.989,58942422
일본,충청남도,202001,8.573,1334027
일본,충청남도,202002,12.965,1380849
일본,충청남도,202003,9.717,775081
일본,충청남도,202004,2.976,762743
일본,충청남도,202005,3.203,894786
일본,충청남도,202006,3.926,982331
일본,충청남도,202007,5.996,1158301
일본,충청남도,202008,13.844,1119120
일본,충청남도,202009,16.188,1228303
일본,충청남도,202010,21.791,1304182
일본,충청남도,202011,24.864,1251465
일본,충청남도,202012,25.564,1265414
일본,충청남도,202101,21.017,1102678
일본,충청남도,202102,21.355,1146254
일본,충청남도,202103,18.106,1464005
일본,충청남도,202104,18.023,1304082
일본,충청남도,202105,18.09,1400040
일본,충청남도,202106,19.785,1435169
일본,충청남도,202107,19.358,1685535
일본,충청남도,202108,16.439,1456537
일본,충청남도,202109,17.999,1463872
일본,충청남도,202110,18.836,1619455
일본,충청남도,202111,19.412,1491985
일본,충청남도,202112,20.822,1436324
일본,충청남도,202201,15.866,1049615
일본,충청남도,202202,15.356,1104871
일본,충청남도,202203,14.609,1312818
일본,충청남도,202204,12.907,1574057
일본,충청남도,202205,10.895,1705509
일본,충청남도,202206,8.524,1761317
일본,충청남도,202207,6.721,2034812
일본,충청남도,202208,7.507,1808515
일본,충청남도,202209,8.029,1982145
일본,충청남도,202210,8.073,2208803
일본,충청남도,202211,8.552,1908865
일본,충청남도,202212,9.145,1802679
일본,충청남도,202301,6.61,1506740
일본,충청남도,202302,7.02,1452652
일본,충청남도,202303,7.925,2103398
일본,충청남도,202304,7.814,2418657
일본,충청남도,202305,8.862,2335855
일본,충청남도,202306,8.377,2354172
일본,충청남도,202307,7.274,2509251
일본,충청남도,202308,7.603,2474937
일본,충청남도,202309,9.501,2560494
일본,충청남도,202310,8.281,2818268
일본,충청남도,202311,7.999,2496716
일본,충청남도,202312,8.437,2254930
일본,충청남도,202401,6.986,2092859
일본,충청남도,202402,7.836,1968567
일본,충청남도,202403,12.198,2851233
일본,충청남도,202404,11.204,2848009
일본,충청남도,202405,12.846,3123683
일본,충청남도,202406,11.658,3249690
일본,충청남도,202407,11.291,2894318
일본,충청남도,202408,11.345,3045661
일본,충청남도,202409,9.692,3091321
일본,충청남도,202410,9.808,3499964
일본,충청남도,202411,9.268,3087549
일본,충청남도,202412,8.959,2987013
일본,충청남도,202501,7.412,2606924
일본,충청남도,202502,8.758,2430097
일본,충청남도,202503,9.341,3555490
일본,충청남도,202504,9.07,3523510
일본,충청남도,202505,8.748,3618449
일본,충청남도,202506,8.627,3478701
일본,충청남도,202507,10.472,3273725
일본,충청남도,202508,10.34,3303791
일본,충청남도,202509,8.745,3389344
일본,충청남도,202510,7.318,3954473
일본,충청남도,202511,8.49,3688029
일본,충청남도,202512,8.722,3687818
일본,충청남도,202601,8.295,3298751
일본,충청남도,202602,9.259,2864059
일본,충청남도,202603,8.558,4577770
일본,충청남도,202604,6.439,4652509
일본,충청남도,202605,6.289,5331602
일본,충청남도,202606,6.457,5094334
일본,충청남도,202607,6.097,5248787
일본,충청북도,202001,16.321,947201
일본,충청북도,202002,19.921,827379
일본,충청북도,202003,13.975,597220
일본,충청북도,202004,10.07,378954
일본,충청북도,202005,11.57,503781
일본,충청북도,202006,10.133,639045
일본,충청북도,202007,8.012,666192
일본,충청북도,202008,6.169,643938
일본,충청북도,202009,8.188,693649
일본,충청북도,202010,10.549,658969
일본,충청북도,202011,10.312,704941
일본,충청북도,202012,13.874,577083
일본,충청북도,202101,22.441,522203
일본,충청북도,202102,24.951,524491
일본,충청북도,202103,17.619,701737
일본,충청북도,202104,10.094,742850
일본,충청북도,202105,7.982,794317
일본,충청북도,202106,7.935,836714
일본,충청북도,202107,11.722,1001109
일본,충청북도,202108,13.869,851995
일본,충청북도,202109,11.954,885012
일본,충청북도,202110,14.57,972225
일본,충청북도,202111,15.699,804203
일본,충청북도,202112,19.778,634527
일본,충청북도,202201,21.356,431773
일본,충청북도,202202,13.576,649045
일본,충청북도,202203,18.049,732808
일본,충청북도,202204,14.956,861444
일본,충청북도,202205,15.433,1044427
일본,충청북도,202206,12.852,1083064
일본,충청북도,202207,12.257,1077221
일본,충청북도,202208,15.503,897050
일본,충청북도,202209,12.502,1051246
일본,충청북도,202210,9.657,1242307
일본,충청북도,202211,14.999,1136303
일본,충청북도,202212,20.767,1122132
일본,충청북도,202301,17.934,857362
일본,충청북도,202302,16.096,951407
일본,충청북도,202303,13.873,1317933
일본,충청북도,202304,10.601,1448432
일본,충청북도,202305,14.463,1419061
일본,충청북도,202306,12.249,1457671
일본,충청북도,202307,11.776,1400110
일본,충청북도,202308,15.867,1371490
일본,충청북도,202309,11.783,1643990
일본,충청북도,202310,10.421,1912155
일본,충청북도,202311,12.25,1831910
일본,충청북도,202312,13.176,1467470
일본,충청북도,202401,17.576,1260188
일본,충청북도,202402,14.475,1136918
일본,충청북도,202403,12.16,1663265
일본,충청북도,202404,10.665,1801540
일본,충청북도,202405,9.609,1670419
일본,충청북도,202406,10.326,1762750
일본,충청북도,202407,11.266,1525908
일본,충청북도,202408,12.421,1520513
일본,충청북도,202409,8.341,2117698
일본,충청북도,202410,8.428,2463487
일본,충청북도,202411,8.426,2256404
일본,충청북도,202412,9.06,1859666
일본,충청북도,202501,10.821,1428974
일본,충청북도,202502,9.469,1292252
일본,충청북도,202503,8.716,2154366
일본,충청북도,202504,8.199,2251397
일본,충청북도,202505,9.977,2423617
일본,충청북도,202506,9.691,2215573
일본,충청북도,202507,13.375,2145786
일본,충청북도,202508,15.606,2018351
일본,충청북도,202509,11.774,2715386
일본,충청북도,202510,10.237,2827567
일본,충청북도,202511,6.739,4794017
일본,충청북도,202512,15.123,2507636
일본,충청북도,202601,16.709,1719902
일본,충청북도,202602,15.997,1632033
일본,충청북도,202603,10.346,3817708
일본,충청북도,202604,7.865,3853376
일본,충청북도,202605,9.244,4268131
일본,충청북도,202606,10.474,3818687
일본,충청북도,202607,14.842,3195775
중국,강원특별자치도,202001,46.068,5672147
중국,강원특별자치도,202002,30.65,2369131
중국,강원특별자치도,202003,40.515,673829
중국,강원특별자치도,202004,32.973,668254
중국,강원특별자치도,202005,26.375,751476
중국,강원특별자치도,202006,27.289,829504
중국,강원특별자치도,202007,21.525,1198248
중국,강원특별자치도,202008,18.985,1094231
중국,강원특별자치도,202009,26.702,1075294
중국,강원특별자치도,202010,17.769,1170418
중국,강원특별자치도,202011,19.084,962200
중국,강원특별자치도,202012,13.258,861894
중국,강원특별자치도,202101,19.972,749368
중국,강원특별자치도,202102,12.841,1064215
중국,강원특별자치도,202103,18.435,869103
중국,강원특별자치도,202104,13.236,867159
중국,강원특별자치도,202105,16.756,1118353
중국,강원특별자치도,202106,12.509,1102241
중국,강원특별자치도,202107,15.759,1531474
중국,강원특별자치도,202108,12.723,1309439
중국,강원특별자치도,202109,13.528,1354214
중국,강원특별자치도,202110,9.116,1357771
중국,강원특별자치도,202111,5.264,1232315
중국,강원특별자치도,202112,3.585,1505838
중국,강원특별자치도,202201,6.67,1131981
중국,강원특별자치도,202202,8.373,1222613
중국,강원특별자치도,202203,6.617,1118199
중국,강원특별자치도,202204,5.827,1616237
중국,강원특별자치도,202205,6.477,2323166
중국,강원특별자치도,202206,6.867,2282525
중국,강원특별자치도,202207,5.796,2794204
중국,강원특별자치도,202208,4.536,2788137
중국,강원특별자치도,202209,5.22,3223648
중국,강원특별자치도,202210,4.323,3578243
중국,강원특별자치도,202211,4.217,2501660
중국,강원특별자치도,202212,3.018,5414833
중국,강원특별자치도,202301,4.985,3909861
중국,강원특별자치도,202302,4.617,2816591
중국,강원특별자치도,202303,7.106,2470977
중국,강원특별자치도,202304,5.692,3532632
중국,강원특별자치도,202305,6.907,3503293
중국,강원특별자치도,202306,6.746,3603632
중국,강원특별자치도,202307,8.378,3721307
중국,강원특별자치도,202308,7.118,4359043
중국,강원특별자치도,202309,12.114,3500794
중국,강원특별자치도,202310,7.639,4676423
중국,강원특별자치도,202311,7.901,3003481
중국,강원특별자치도,202312,6.531,6519994
중국,강원특별자치도,202401,10.379,5752507
중국,강원특별자치도,202402,14.716,4698338
중국,강원특별자치도,202403,11.422,2990382
중국,강원특별자치도,202404,8.561,3384418
중국,강원특별자치도,202405,9.823,3632763
중국,강원특별자치도,202406,22.233,5501989
중국,강원특별자치도,202407,9.304,3813270
중국,강원특별자치도,202408,8.196,4383123
중국,강원특별자치도,202409,14.208,4123483
중국,강원특별자치도,202410,10.379,5567470
중국,강원특별자치도,202411,10.66,3485011
중국,강원특별자치도,202412,6.434,7020599
중국,강원특별자치도,202501,9.855,5830564
중국,강원특별자치도,202502,10.52,4362570
중국,강원특별자치도,202503,13.389,3049864
중국,강원특별자치도,202504,11.136,3929638
중국,강원특별자치도,202505,12.396,4170550
중국,강원특별자치도,202506,9.469,4183558
중국,강원특별자치도,202507,8.667,4721259
중국,강원특별자치도,202508,8.14,4826066
중국,강원특별자치도,202509,13.578,3782946
중국,강원특별자치도,202510,13.11,5906202
중국,강원특별자치도,202511,13.486,4278026
중국,강원특별자치도,202512,7.789,8755272
중국,강원특별자치도,202601,7.549,6059742
중국,강원특별자치도,202602,17.949,6264365
중국,강원특별자치도,202603,24.689,4592667
중국,강원특별자치도,202604,22.121,6626635
중국,강원특별자치도,202605,23.236,7482784
중국,강원특별자치도,202606,23.031,7250879
중국,강원특별자치도,202607,17.705,6562572
중국,경기도,202001,33.433,35645465
중국,경기도,202002,29.227,27841973
중국,경기도,202003,38.032,13130988
중국,경기도,202004,35.358,10713056
중국,경기도,202005,22.608,14367337
중국,경기도,202006,18.871,15897945
중국,경기도,202007,19.155,18589907
중국,경기도,202008,18.666,17324322
중국,경기도,202009,25.224,18038518
중국,경기도,202010,16.147,20525355
중국,경기도,202011,20.095,19440468
중국,경기도,202012,21.374,18171345
중국,경기도,202101,22.983,15061376
중국,경기도,202102,13.83,16030119
중국,경기도,202103,15.106,21243734
중국,경기도,202104,13.081,20177076
중국,경기도,202105,14.029,22552175
중국,경기도,202106,14.238,21665377
중국,경기도,202107,12.74,22377770
중국,경기도,202108,13.425,22458652
중국,경기도,202109,13.859,21827526
중국,경기도,202110,13.908,26171074
중국,경기도,202111,8.689,24766252
중국,경기도,202112,6.899,22160903
중국,경기도,202201,8.897,14398933
중국,경기도,202202,12.532,17516907
중국,경기도,202203,10.92,22015432
중국,경기도,202204,7.767,28824957
중국,경기도,202205,9.099,33803354
중국,경기도,202206,9.37,36079282
중국,경기도,202207,9.396,41292078
중국,경기도,202208,8.572,37396217
중국,경기도,202209,8.257,40441868
중국,경기도,202210,7.09,50008197
중국,경기도,202211,7.748,44305235
중국,경기도,202212,10.097,44771504
중국,경기도,202301,9.6,33928781
중국,경기도,202302,11.441,34734011
중국,경기도,202303,12.211,46279852
중국,경기도,202304,11.26,51904071
중국,경기도,202305,11.949,53208270
중국,경기도,202306,10.835,52541921
중국,경기도,202307,12.744,51466523
중국,경기도,202308,12.481,48361309
중국,경기도,202309,13.875,50869110
중국,경기도,202310,11.655,60482191
중국,경기도,202311,14.226,56479006
중국,경기도,202312,13.348,52219285
중국,경기도,202401,16.849,44116233
중국,경기도,202402,11.702,42580869
중국,경기도,202403,12.274,56484205
중국,경기도,202404,11.58,60780313
중국,경기도,202405,10.895,59563239
중국,경기도,202406,10.662,61094062
중국,경기도,202407,10.754,58549297
중국,경기도,202408,12.902,58952896
중국,경기도,202409,13.916,59671026
중국,경기도,202410,11.936,70124218
중국,경기도,202411,12.266,68812692
중국,경기도,202412,11.144,66943173
중국,경기도,202501,11.502,52264894
중국,경기도,202502,10.333,50321885
중국,경기도,202503,12.362,69989767
중국,경기도,202504,11.322,73501735
중국,경기도,202505,11.6,74102725
중국,경기도,202506,10.821,72088580
중국,경기도,202507,10.482,68406089
중국,경기도,202508,10.431,66837951
중국,경기도,202509,12.515,69996920
중국,경기도,202510,11.455,80359800
중국,경기도,202511,10.901,84865689
중국,경기도,202512,11.267,84098157
중국,경기도,202601,13.15,67227887
중국,경기도,202602,12.609,58909312
중국,경기도,202603,20.561,90937569
중국,경기도,202604,21.423,103386696
중국,경기도,202605,20.326,106156472
중국,경기도,202606,21.126,99772775
중국,경기도,202607,20.9,95766721
중국,경상남도,202001,30.646,2821024
중국,경상남도,202002,27.104,2465061
중국,경상남도,202003,43.386,1367780
중국,경상남도,202004,32.135,1170629
중국,경상남도,202005,21.646,1215736
중국,경상남도,202006,24.418,1438797
중국,경상남도,202007,17.147,1457613
중국,경상남도,202008,16.484,1578318
중국,경상남도,202009,23.477,1718017
중국,경상남도,202010,13.529,1726256
중국,경상남도,202011,18.601,1910519
중국,경상남도,202012,15.864,1623108
중국,경상남도,202101,16.78,1379973
중국,경상남도,202102,10.66,1197886
중국,경상남도,202103,12.953,1624495
중국,경상남도,202104,15.41,1524906
중국,경상남도,202105,13.653,1748554
중국,경상남도,202106,12.144,1778325
중국,경상남도,202107,12.5,1706786
중국,경상남도,202108,15.57,1714196
중국,경상남도,202109,13.391,1767239
중국,경상남도,202110,9.793,2010019
중국,경상남도,202111,6.11,2075463
중국,경상남도,202112,7.853,1724010
중국,경상남도,202201,11.738,1207730
중국,경상남도,202202,9.733,1131395
중국,경상남도,202203,11.781,1655939
중국,경상남도,202204,9.806,1885531
중국,경상남도,202205,12.305,2307618
중국,경상남도,202206,10.105,2372788
중국,경상남도,202207,9.265,2939674
중국,경상남도,202208,5.945,2564154
중국,경상남도,202209,6.688,2441127
중국,경상남도,202210,5.425,2970887
중국,경상남도,202211,7.34,2686769
중국,경상남도,202212,8.654,2647160
중국,경상남도,202301,7.39,2060247
중국,경상남도,202302,9.853,2182245
중국,경상남도,202303,10.658,2895481
중국,경상남도,202304,8.373,3357719
중국,경상남도,202305,10.948,3550822
중국,경상남도,202306,9.119,3125441
중국,경상남도,202307,12.683,3572787
중국,경상남도,202308,9.198,3037381
중국,경상남도,202309,16.689,3688791
중국,경상남도,202310,10.447,4528625
중국,경상남도,202311,15.444,3697889
중국,경상남도,202312,12.578,3377265
중국,경상남도,202401,19.651,2963043
중국,경상남도,202402,7.779,2662662
중국,경상남도,202403,13.561,3731943
중국,경상남도,202404,13.981,3984774
중국,경상남도,202405,12.222,4029045
중국,경상남도,202406,11.204,4038907
중국,경상남도,202407,11.227,3972599
중국,경상남도,202408,11.765,3652409
중국,경상남도,202409,12.963,3838137
중국,경상남도,202410,12.951,5101272
중국,경상남도,202411,12.481,4513885
중국,경상남도,202412,13.133,4243213
중국,경상남도,202501,14.009,3482656
중국,경상남도,202502,10.735,3402645
중국,경상남도,202503,11.531,4727271
중국,경상남도,202504,12.694,5052865
중국,경상남도,202505,10.889,5001888
중국,경상남도,202506,10.634,5165059
중국,경상남도,202507,10.75,5050696
중국,경상남도,202508,11.137,5161201
중국,경상남도,202509,12.479,5621069
중국,경상남도,202510,11.765,6255197
중국,경상남도,202511,8.806,8321967
중국,경상남도,202512,13.343,5233360
중국,경상남도,202601,13.132,4304159
중국,경상남도,202602,10.854,3785557
중국,경상남도,202603,21.911,6118737
중국,경상남도,202604,25.355,6938692
중국,경상남도,202605,22.169,7243511
중국,경상남도,202606,20.931,6562127
중국,경상남도,202607,19.885,6295300
중국,경상북도,202001,31.481,1625896
중국,경상북도,202002,23.747,1121701
중국,경상북도,202003,43.758,452839
중국,경상북도,202004,33.329,453240
중국,경상북도,202005,18.89,693482
중국,경상북도,202006,15.5,744294
중국,경상북도,202007,13.87,982722
중국,경상북도,202008,13.14,1050543
중국,경상북도,202009,21.483,1027389
중국,경상북도,202010,16.382,1112678
중국,경상북도,202011,15.164,1068515
중국,경상북도,202012,14.46,967674
중국,경상북도,202101,24.633,841147
중국,경상북도,202102,10.69,762385
중국,경상북도,202103,12.931,1059629
중국,경상북도,202104,13.133,986932
중국,경상북도,202105,14.42,1067675
중국,경상북도,202106,8.53,1118099
중국,경상북도,202107,10.466,1236207
중국,경상북도,202108,13.212,1170875
중국,경상북도,202109,14.582,1225037
중국,경상북도,202110,13.31,1495777
중국,경상북도,202111,11.145,1485779
중국,경상북도,202112,11.827,1147668
중국,경상북도,202201,10.156,828004
중국,경상북도,202202,9.638,863708
중국,경상북도,202203,13.258,1216638
중국,경상북도,202204,8.217,1875661
중국,경상북도,202205,9.533,1874048
중국,경상북도,202206,11.262,2079262
중국,경상북도,202207,12.823,2354618
중국,경상북도,202208,9.619,2262054
중국,경상북도,202209,9.046,2339799
중국,경상북도,202210,6.864,3496325
중국,경상북도,202211,11.207,2581217
중국,경상북도,202212,16.351,2482295
중국,경상북도,202301,16.886,2016578
중국,경상북도,202302,19.387,2339935
중국,경상북도,202303,13.314,3628666
중국,경상북도,202304,14.192,4182818
중국,경상북도,202305,19.904,3826710
중국,경상북도,202306,18.789,3961784
중국,경상북도,202307,20.494,3716363
중국,경상북도,202308,16.747,3814148
중국,경상북도,202309,18.902,3825771
중국,경상북도,202310,16.657,4629207
중국,경상북도,202311,19.896,3827314
중국,경상북도,202312,17.186,2935639
중국,경상북도,202401,21.053,2414688
중국,경상북도,202402,10.423,2773465
중국,경상북도,202403,14.373,4618506
중국,경상북도,202404,13.828,4639326
중국,경상북도,202405,13.24,5046167
중국,경상북도,202406,12.553,4395343
중국,경상북도,202407,10.682,4089682
중국,경상북도,202408,10.072,5110201
중국,경상북도,202409,19.499,5450236
중국,경상북도,202410,18.392,6187358
중국,경상북도,202411,21.131,5287938
중국,경상북도,202412,17.242,4309976
중국,경상북도,202501,14.132,2994467
중국,경상북도,202502,10.83,3669191
중국,경상북도,202503,17.823,6655454
중국,경상북도,202504,17.014,6464151
중국,경상북도,202505,17.584,6318613
중국,경상북도,202506,15.685,5594361
중국,경상북도,202507,9.102,4772022
중국,경상북도,202508,9.546,5444693
중국,경상북도,202509,22.943,6010425
중국,경상북도,202510,19.518,8074866
중국,경상북도,202511,22.094,7052614
중국,경상북도,202512,22.854,4575833
중국,경상북도,202601,12.756,3031059
중국,경상북도,202602,10.493,3046291
중국,경상북도,202603,37.201,8021124
중국,경상북도,202604,33.29,9165578
중국,경상북도,202605,33.994,9483358
중국,경상북도,202606,31.352,7487848
중국,경상북도,202607,15.282,7217154
중국,광주광역시,202001,38.26,800621
중국,광주광역시,202002,28.593,543558
중국,광주광역시,202003,51.573,383465
중국,광주광역시,202004,60.231,450289
중국,광주광역시,202005,49.283,473306
중국,광주광역시,202006,40.98,426929
중국,광주광역시,202007,36.71,500090
중국,광주광역시,202008,33.574,409073
중국,광주광역시,202009,38.562,412703
중국,광주광역시,202010,48.963,559901
중국,광주광역시,202011,48.51,541820
중국,광주광역시,202012,35.566,499572
중국,광주광역시,202101,39.138,393509
중국,광주광역시,202102,28.616,415547
중국,광주광역시,202103,40.561,599508
중국,광주광역시,202104,37.067,548501
중국,광주광역시,202105,41.85,595741
중국,광주광역시,202106,25.864,560571
중국,광주광역시,202107,19.676,599727
중국,광주광역시,202108,25.392,580982
중국,광주광역시,202109,34.669,709124
중국,광주광역시,202110,41.389,860302
중국,광주광역시,202111,20.643,633253
중국,광주광역시,202112,20.031,509916
중국,광주광역시,202201,23.389,372921
중국,광주광역시,202202,27.613,350597
중국,광주광역시,202203,25.649,529638
중국,광주광역시,202204,31.76,793908
중국,광주광역시,202205,20.317,1119488
중국,광주광역시,202206,19.055,997332
중국,광주광역시,202207,15.647,1030389
중국,광주광역시,202208,11.043,928095
중국,광주광역시,202209,16.265,1001456
중국,광주광역시,202210,17.126,1378161
중국,광주광역시,202211,20.134,1120378
중국,광주광역시,202212,26.254,1132377
중국,광주광역시,202301,21.023,817226
중국,광주광역시,202302,28.077,820445
중국,광주광역시,202303,26.358,1053000
중국,광주광역시,202304,16.822,1779752
중국,광주광역시,202305,22.336,1343547
중국,광주광역시,202306,22.507,1244959
중국,광주광역시,202307,18.463,1272104
중국,광주광역시,202308,17.791,1105822
중국,광주광역시,202309,36.775,1500100
중국,광주광역시,202310,30.635,2084997
중국,광주광역시,202311,39.649,1781053
중국,광주광역시,202312,40.698,1403889
중국,광주광역시,202401,22.92,970813
중국,광주광역시,202402,13.34,819237
중국,광주광역시,202403,37.26,1598610
중국,광주광역시,202404,32.127,1687865
중국,광주광역시,202405,29.949,1651334
중국,광주광역시,202406,26.84,1540480
중국,광주광역시,202407,21.364,1359424
중국,광주광역시,202408,23.95,1348327
중국,광주광역시,202409,33.847,1956192
중국,광주광역시,202410,31.849,2154708
중국,광주광역시,202411,33.473,2099681
중국,광주광역시,202412,28.047,1758159
중국,광주광역시,202501,18.457,1251472
중국,광주광역시,202502,19.658,1033709
중국,광주광역시,202503,32.917,1778441
중국,광주광역시,202504,25.797,2839212
중국,광주광역시,202505,31.545,2466784
중국,광주광역시,202506,27.179,1878371
중국,광주광역시,202507,21.716,1686333
중국,광주광역시,202508,20.413,1838925
중국,광주광역시,202509,25.826,2182325
중국,광주광역시,202510,23.951,2420623
중국,광주광역시,202511,27.471,2210898
중국,광주광역시,202512,28.303,1988194
중국,광주광역시,202601,29.627,1435864
중국,광주광역시,202602,13.982,1147016
중국,광주광역시,202603,36.176,2685508
중국,광주광역시,202604,25.812,4000357
중국,광주광역시,202605,40.918,3168459
중국,광주광역시,202606,34.208,2881879
중국,대구광역시,202001,24.965,3604131
중국,대구광역시,202002,20.693,2493142
중국,대구광역시,202003,34.657,595362
중국,대구광역시,202004,28.392,595868
중국,대구광역시,202005,21.787,1186484
중국,대구광역시,202006,19.073,1324568
중국,대구광역시,202007,15.187,1411764
중국,대구광역시,202008,12.682,1366973
중국,대구광역시,202009,21.166,1400393
중국,대구광역시,202010,13.03,1754781
중국,대구광역시,202011,16.057,1539030
중국,대구광역시,202012,15.822,1590107
중국,대구광역시,202101,23.2,1206651
중국,대구광역시,202102,11.28,1264785
중국,대구광역시,202103,10.604,1796881
중국,대구광역시,202104,10.343,1877254
중국,대구광역시,202105,8.762,2011698
중국,대구광역시,202106,7.79,1745345
중국,대구광역시,202107,8.783,2020322
중국,대구광역시,202108,16.825,1884990
중국,대구광역시,202109,9.752,2007715
중국,대구광역시,202110,16.843,2535999
중국,대구광역시,202111,5.858,2047396
중국,대구광역시,202112,5.13,1824045
중국,대구광역시,202201,7.998,1087022
중국,대구광역시,202202,15.442,1456806
중국,대구광역시,202203,11.463,2001156
중국,대구광역시,202204,8.021,2623788
중국,대구광역시,202205,15.683,4271897
중국,대구광역시,202206,11.872,2867864
중국,대구광역시,202207,6.206,3087928
중국,대구광역시,202208,6.113,2827313
중국,대구광역시,202209,5.408,3156366
중국,대구광역시,202210,3.835,3822380
중국,대구광역시,202211,6.447,3472288
중국,대구광역시,202212,6.149,3294762
중국,대구광역시,202301,7.669,2721438
중국,대구광역시,202302,7.13,2778157
중국,대구광역시,202303,9.09,3950628
중국,대구광역시,202304,10.171,4376706
중국,대구광역시,202305,8.741,4552386
중국,대구광역시,202306,10.716,4395101
중국,대구광역시,202307,10.42,4640683
중국,대구광역시,202308,12.579,3960296
중국,대구광역시,202309,13.107,4492697
중국,대구광역시,202310,10.759,4983310
중국,대구광역시,202311,11.749,4366793
중국,대구광역시,202312,11.376,4052883
중국,대구광역시,202401,10.203,3049207
중국,대구광역시,202402,9.611,3198913
중국,대구광역시,202403,12.799,4593858
중국,대구광역시,202404,12.085,4868191
중국,대구광역시,202405,10.087,5742767
중국,대구광역시,202406,7.951,5023921
중국,대구광역시,202407,8.591,4986962
중국,대구광역시,202408,8.93,5390168
중국,대구광역시,202409,10.045,5476978
중국,대구광역시,202410,11.553,6127432
중국,대구광역시,202411,11.53,5729296
중국,대구광역시,202412,10.297,5546930
중국,대구광역시,202501,8.085,4322540
중국,대구광역시,202502,8.467,4224143
중국,대구광역시,202503,12.105,6335517
중국,대구광역시,202504,11.62,6706748
중국,대구광역시,202505,11.421,6713599
중국,대구광역시,202506,9.748,6325127
중국,대구광역시,202507,8.567,5839053
중국,대구광역시,202508,8.364,5951107
중국,대구광역시,202509,12.315,6632886
중국,대구광역시,202510,14.052,6888602
중국,대구광역시,202511,14.177,6731918
중국,대구광역시,202512,13.448,6131683
중국,대구광역시,202601,12.971,4649737
중국,대구광역시,202602,13.212,4283616
중국,대구광역시,202603,24.643,8016429
중국,대구광역시,202604,28.441,8395975
중국,대구광역시,202605,26.894,9166185
중국,대구광역시,202606,27.297,8736758
중국,대구광역시,202607,21.875,7948053
중국,대전광역시,202001,43.04,2152944
중국,대전광역시,202002,40.32,1552615
중국,대전광역시,202003,45.235,543007
중국,대전광역시,202004,42.162,514627
중국,대전광역시,202005,31.169,631438
중국,대전광역시,202006,28.154,670716
중국,대전광역시,202007,24.467,850466
중국,대전광역시,202008,24.85,887815
중국,대전광역시,202009,34.383,818812
중국,대전광역시,202010,27.164,1013270
중국,대전광역시,202011,26.387,1028614
중국,대전광역시,202012,22.327,756297
중국,대전광역시,202101,29.133,644008
중국,대전광역시,202102,18.544,622888
중국,대전광역시,202103,16.711,847203
중국,대전광역시,202104,14.133,819002
중국,대전광역시,202105,16.239,1097909
중국,대전광역시,202106,11.764,923621
중국,대전광역시,202107,15.805,951980
중국,대전광역시,202108,21.848,958905
중국,대전광역시,202109,18.304,999588
중국,대전광역시,202110,14.196,1233731
중국,대전광역시,202111,7.529,1248486
중국,대전광역시,202112,6.102,1080480
중국,대전광역시,202201,10.314,775592
중국,대전광역시,202202,18.237,920859
중국,대전광역시,202203,13.919,1119333
중국,대전광역시,202204,10.341,1516154
중국,대전광역시,202205,7.25,2002978
중국,대전광역시,202206,10.293,2235724
중국,대전광역시,202207,8.07,2574586
중국,대전광역시,202208,6.656,2442030
중국,대전광역시,202209,6.96,3049939
중국,대전광역시,202210,4.786,3892267
중국,대전광역시,202211,5.99,2976131
중국,대전광역시,202212,7.778,2751547
중국,대전광역시,202301,8.833,1765065
중국,대전광역시,202302,12.515,1925736
중국,대전광역시,202303,9.44,3049601
중국,대전광역시,202304,7.76,3621324
중국,대전광역시,202305,8.246,3439027
중국,대전광역시,202306,9.526,3498342
중국,대전광역시,202307,13.267,3675892
중국,대전광역시,202308,9.8,3564290
중국,대전광역시,202309,11.513,3748317
중국,대전광역시,202310,10.96,4183928
중국,대전광역시,202311,12.971,3550173
중국,대전광역시,202312,12.563,2982791
중국,대전광역시,202401,18.235,2365520
중국,대전광역시,202402,10.952,2149130
중국,대전광역시,202403,12.024,3573010
중국,대전광역시,202404,10.456,4063206
중국,대전광역시,202405,10.284,3822627
중국,대전광역시,202406,8.86,4148165
중국,대전광역시,202407,11.274,3743573
중국,대전광역시,202408,12.776,3741742
중국,대전광역시,202409,10.872,3974513
중국,대전광역시,202410,9.317,5087813
중국,대전광역시,202411,11.323,4355038
중국,대전광역시,202412,10.136,3828920
중국,대전광역시,202501,12.548,2478406
중국,대전광역시,202502,9.665,2508867
중국,대전광역시,202503,11.508,4087124
중국,대전광역시,202504,9.921,4598320
중국,대전광역시,202505,10.425,4461749
중국,대전광역시,202506,10.931,4935605
중국,대전광역시,202507,13.328,4390773
중국,대전광역시,202508,9.444,3846235
중국,대전광역시,202509,12.07,5251825
중국,대전광역시,202510,10.226,5137972
중국,대전광역시,202511,12.368,5077947
중국,대전광역시,202512,11.274,4414667
중국,대전광역시,202601,16.106,3500508
중국,대전광역시,202602,12.853,3070413
중국,대전광역시,202603,20.907,5824123
중국,대전광역시,202604,21.943,5905807
중국,대전광역시,202605,20.943,6256761
중국,대전광역시,202606,20.291,6679487
중국,대전광역시,202607,25.847,7004617
중국,부산광역시,202001,20.013,33826894
중국,부산광역시,202002,15.7,22192325
중국,부산광역시,202003,36.361,4359000
중국,부산광역시,202004,39.403,2996752
중국,부산광역시,202005,23.312,4295514
중국,부산광역시,202006,17.451,4846281
중국,부산광역시,202007,20.617,5556211
중국,부산광역시,202008,23.364,4505834
중국,부산광역시,202009,27.218,4338551
중국,부산광역시,202010,22.427,4988689
중국,부산광역시,202011,24.542,4999467
중국,부산광역시,202012,27.093,4689055
중국,부산광역시,202101,29.907,3918309
중국,부산광역시,202102,17.778,3894688
중국,부산광역시,202103,19.302,5326239
중국,부산광역시,202104,13.945,4047820
중국,부산광역시,202105,14.057,5474413
중국,부산광역시,202106,17.389,4788646
중국,부산광역시,202107,15.392,5331590
중국,부산광역시,202108,15.068,5053488
중국,부산광역시,202109,20.736,5544246
중국,부산광역시,202110,15.479,6465898
중국,부산광역시,202111,9.025,5943494
중국,부산광역시,202112,10.732,5748642
중국,부산광역시,202201,11.752,4204485
중국,부산광역시,202202,13.047,4836993
중국,부산광역시,202203,16.846,5290181
중국,부산광역시,202204,13.052,6930469
중국,부산광역시,202205,14.018,10459518
중국,부산광역시,202206,9.869,10765331
중국,부산광역시,202207,9.752,13462885
중국,부산광역시,202208,7.472,14589882
중국,부산광역시,202209,4.501,17922176
중국,부산광역시,202210,3.986,27847871
중국,부산광역시,202211,4.393,22183573
중국,부산광역시,202212,5.056,23430786
중국,부산광역시,202301,5.904,20860468
중국,부산광역시,202302,6.216,17778101
중국,부산광역시,202303,3.696,36709994
중국,부산광역시,202304,4.95,42905278
중국,부산광역시,202305,7.995,40524489
중국,부산광역시,202306,7.751,43372470
중국,부산광역시,202307,7.951,40911650
중국,부산광역시,202308,8.701,40115026
중국,부산광역시,202309,8.225,45919424
중국,부산광역시,202310,9.287,59233113
중국,부산광역시,202311,8.343,50685242
중국,부산광역시,202312,8.174,39902433
중국,부산광역시,202401,9.589,32365065
중국,부산광역시,202402,11.366,36359330
중국,부산광역시,202403,5.942,52560544
중국,부산광역시,202404,7.825,61725432
중국,부산광역시,202405,9.732,60294435
중국,부산광역시,202406,8.328,62878027
중국,부산광역시,202407,9.516,57962831
중국,부산광역시,202408,11.059,63552819
중국,부산광역시,202409,8.104,62696905
중국,부산광역시,202410,9.819,76103678
중국,부산광역시,202411,7.064,66722845
중국,부산광역시,202412,7.1,61108911
중국,부산광역시,202501,9.482,48400799
중국,부산광역시,202502,8.505,44993319
중국,부산광역시,202503,6.714,73426059
중국,부산광역시,202504,6.751,84063690
중국,부산광역시,202505,9.46,80879384
중국,부산광역시,202506,7.769,79987222
중국,부산광역시,202507,10.436,80326942
중국,부산광역시,202508,9.182,90576046
중국,부산광역시,202509,9.063,86198909
중국,부산광역시,202510,11.419,91543923
중국,부산광역시,202511,7.572,95535873
중국,부산광역시,202512,7.786,83702991
중국,부산광역시,202601,9.28,61552520
중국,부산광역시,202602,14.027,64227494
중국,부산광역시,202603,13.554,96186178
중국,부산광역시,202604,15.484,119139636
중국,부산광역시,202605,19.086,132062354
중국,부산광역시,202606,20.028,137058290
중국,부산광역시,202607,21.096,132023883
중국,서울특별시,202001,48.421,351349914
중국,서울특별시,202002,29.962,186462860
중국,서울특별시,202003,46.73,43849949
중국,서울특별시,202004,54.366,34676869
중국,서울특별시,202005,35.446,33858325
중국,서울특별시,202006,30.861,37028633
중국,서울특별시,202007,33.698,43712654
중국,서울특별시,202008,27.563,39282050
중국,서울특별시,202009,34.97,39443955
중국,서울특별시,202010,25.832,42329231
중국,서울특별시,202011,29.46,41938892
중국,서울특별시,202012,30.898,39469949
중국,서울특별시,202101,31.747,32768838
중국,서울특별시,202102,27.862,29437112
중국,서울특별시,202103,25.111,37218185
중국,서울특별시,202104,21.222,38453656
중국,서울특별시,202105,18.671,42655666
중국,서울특별시,202106,19.537,44200065
중국,서울특별시,202107,18.72,46333460
중국,서울특별시,202108,18.061,45953789
중국,서울특별시,202109,18.723,46462033
중국,서울특별시,202110,16.109,60146491
중국,서울특별시,202111,10.143,61312648
중국,서울특별시,202112,8.674,55556780
중국,서울특별시,202201,11.234,37233687
중국,서울특별시,202202,17.259,41740183
중국,서울특별시,202203,15.038,52489582
중국,서울특별시,202204,9.042,82787820
중국,서울특별시,202205,8.329,119198139
중국,서울특별시,202206,8.47,140103704
중국,서울특별시,202207,8.825,177203092
중국,서울특별시,202208,7.559,169983773
중국,서울특별시,202209,6.296,212086989
중국,서울특별시,202210,4.907,304980066
중국,서울특별시,202211,5.719,270592589
중국,서울특별시,202212,7.259,297572881
중국,서울특별시,202301,9.006,210305200
중국,서울특별시,202302,9.352,210512050
중국,서울특별시,202303,9.081,321840042
중국,서울특별시,202304,10.407,415433479
중국,서울특별시,202305,13.257,412234471
중국,서울특별시,202306,14.685,417665934
중국,서울특별시,202307,16.973,415219254
중국,서울특별시,202308,16.392,384863562
중국,서울특별시,202309,14.334,433743600
중국,서울특별시,202310,13.191,521251054
중국,서울특별시,202311,12.979,490472331
중국,서울특별시,202312,15.881,457134138
중국,서울특별시,202401,21.3,363272597
중국,서울특별시,202402,18.284,338992845
중국,서울특별시,202403,12.472,513952690
중국,서울특별시,202404,13.185,596867997
중국,서울특별시,202405,14.65,577373050
중국,서울특별시,202406,14.778,579653181
중국,서울특별시,202407,17.405,528084485
중국,서울특별시,202408,18.081,522567314
중국,서울특별시,202409,14.528,566392993
중국,서울특별시,202410,12.485,708093147
중국,서울특별시,202411,11.326,645600829
중국,서울특별시,202412,13.753,614298283
중국,서울특별시,202501,17.089,450653879
중국,서울특별시,202502,14.122,431650489
중국,서울특별시,202503,12.783,656703454
중국,서울특별시,202504,12.527,797175308
중국,서울특별시,202505,14.022,723803910
중국,서울특별시,202506,13.961,700434505
중국,서울특별시,202507,17.587,660754990
중국,서울특별시,202508,16.957,653346105
중국,서울특별시,202509,13.383,740909635
중국,서울특별시,202510,12.538,790881853
중국,서울특별시,202511,11.449,852396002
중국,서울특별시,202512,15.622,849501601
중국,서울특별시,202601,20.282,627754741
중국,서울특별시,202602,21.558,559644308
중국,서울특별시,202603,22.935,956896757
중국,서울특별시,202604,25.358,1153017696
중국,서울특별시,202605,27.174,1204071105
중국,서울특별시,202606,31.29,1176519303
중국,서울특별시,202607,33.415,1070717487
중국,세종특별자치시,202001,32.849,64317
중국,세종특별자치시,202002,52.41,66284
중국,세종특별자치시,202003,61.079,63695
중국,세종특별자치시,202004,46.572,49693
중국,세종특별자치시,202005,31.799,62815
중국,세종특별자치시,202006,33.781,88180
중국,세종특별자치시,202007,31.564,77623
중국,세종특별자치시,202008,24.45,88948
중국,세종특별자치시,202009,44.49,112786
중국,세종특별자치시,202010,34.858,94456
중국,세종특별자치시,202011,44.663,85060
중국,세종특별자치시,202012,46.39,100225
중국,세종특별자치시,202101,41.498,83460
중국,세종특별자치시,202102,26.574,68653
중국,세종특별자치시,202103,36.034,90482
중국,세종특별자치시,202104,31.084,95109
중국,세종특별자치시,202105,39.878,101820
중국,세종특별자치시,202106,30.305,99538
중국,세종특별자치시,202107,32.037,130509
중국,세종특별자치시,202108,24.275,107684
중국,세종특별자치시,202109,28.941,136090
중국,세종특별자치시,202110,30.841,149825
중국,세종특별자치시,202111,20.308,108293
중국,세종특별자치시,202112,22.047,102706
중국,세종특별자치시,202201,24.112,93837
중국,세종특별자치시,202202,34.903,104695
중국,세종특별자치시,202203,29.229,147603
중국,세종특별자치시,202204,23.48,147490
중국,세종특별자치시,202205,25.246,192436
중국,세종특별자치시,202206,15.809,189772
중국,세종특별자치시,202207,10.474,199021
중국,세종특별자치시,202208,14.621,181550
중국,세종특별자치시,202209,21.17,184511
중국,세종특별자치시,202210,17.792,207460
중국,세종특별자치시,202211,24.453,191596
중국,세종특별자치시,202212,26.415,197546
중국,세종특별자치시,202301,22.353,136147
중국,세종특별자치시,202302,24.491,126770
중국,세종특별자치시,202303,26.994,186143
중국,세종특별자치시,202304,21.993,204717
중국,세종특별자치시,202305,22.032,209806
중국,세종특별자치시,202306,17.117,232631
중국,세종특별자치시,202307,14.69,288130
중국,세종특별자치시,202308,22.222,259533
중국,세종특별자치시,202309,26.547,278786
중국,세종특별자치시,202310,25.958,378052
중국,세종특별자치시,202311,27.139,282833
중국,세종특별자치시,202312,26.743,271706
중국,세종특별자치시,202401,32.383,235974
중국,세종특별자치시,202402,14.927,231949
중국,세종특별자치시,202403,22.057,349046
중국,세종특별자치시,202404,22.289,265549
중국,세종특별자치시,202405,16.824,293967
중국,세종특별자치시,202406,20.037,328780
중국,세종특별자치시,202407,12.276,297976
중국,세종특별자치시,202408,19.014,280268
중국,세종특별자치시,202409,32.1,313997
중국,세종특별자치시,202410,22.439,472628
중국,세종특별자치시,202411,33.38,399379
중국,세종특별자치시,202412,31.5,358502
중국,세종특별자치시,202501,21.008,233782
중국,세종특별자치시,202502,21.195,256352
중국,세종특별자치시,202503,37.785,354102
중국,세종특별자치시,202504,29.346,444655
중국,세종특별자치시,202505,29.026,435469
중국,세종특별자치시,202506,26.015,449899
중국,세종특별자치시,202507,20.926,367111
중국,세종특별자치시,202508,13.954,359805
중국,세종특별자치시,202509,29.775,465624
중국,세종특별자치시,202510,25.742,439217
중국,세종특별자치시,202511,23.845,437263
중국,세종특별자치시,202512,26.897,453078
중국,세종특별자치시,202601,31.491,434369
중국,세종특별자치시,202602,13.649,347530
중국,세종특별자치시,202603,49.625,842369
중국,세종특별자치시,202604,42.195,909421
중국,세종특별자치시,202605,40.505,1137264
중국,세종특별자치시,202606,37.739,918755
중국,세종특별자치시,202607,23.081,731197
중국,울산광역시,202001,32.949,1030480
중국,울산광역시,202002,16.692,859576
중국,울산광역시,202003,18.969,246587
중국,울산광역시,202004,31.081,243234
중국,울산광역시,202005,21.507,333803
중국,울산광역시,202006,20.415,379736
중국,울산광역시,202007,14.766,514134
중국,울산광역시,202008,11.216,533550
중국,울산광역시,202009,10.431,555487
중국,울산광역시,202010,12.61,717606
중국,울산광역시,202011,20.677,604882
중국,울산광역시,202012,9.075,536501
중국,울산광역시,202101,10.047,428175
중국,울산광역시,202102,9.298,432120
중국,울산광역시,202103,11.642,573704
중국,울산광역시,202104,10.109,552655
중국,울산광역시,202105,11.668,433813
중국,울산광역시,202106,10.008,506938
중국,울산광역시,202107,9.719,471921
중국,울산광역시,202108,14.334,428368
중국,울산광역시,202109,18.414,500889
중국,울산광역시,202110,14.745,628371
중국,울산광역시,202111,7.411,623740
중국,울산광역시,202112,6.277,541909
중국,울산광역시,202201,8.981,479189
중국,울산광역시,202202,9.699,568374
중국,울산광역시,202203,10.172,513762
중국,울산광역시,202204,10.207,708778
중국,울산광역시,202205,8.637,1137634
중국,울산광역시,202206,7.409,1030398
중국,울산광역시,202207,11.528,1005313
중국,울산광역시,202208,7.587,797112
중국,울산광역시,202209,3.952,787754
중국,울산광역시,202210,6.093,1426623
중국,울산광역시,202211,7.036,1126637
중국,울산광역시,202212,5.553,892663
중국,울산광역시,202301,5.475,791295
중국,울산광역시,202302,9.038,970803
중국,울산광역시,202303,6.602,1218074
중국,울산광역시,202304,5.93,1176379
중국,울산광역시,202305,5.834,1288435
중국,울산광역시,202306,7.06,1516414
중국,울산광역시,202307,10.118,1217172
중국,울산광역시,202308,13.262,1072548
중국,울산광역시,202309,9.476,1313037
중국,울산광역시,202310,10.573,1446957
중국,울산광역시,202311,10.617,1519786
중국,울산광역시,202312,8.596,1304195
중국,울산광역시,202401,17.333,1074246
중국,울산광역시,202402,8.16,1103702
중국,울산광역시,202403,9.234,1241361
중국,울산광역시,202404,10.758,1397576
중국,울산광역시,202405,8.59,1491798
중국,울산광역시,202406,9.316,1680416
중국,울산광역시,202407,10.784,1475713
중국,울산광역시,202408,10.582,1364388
중국,울산광역시,202409,9.109,1606974
중국,울산광역시,202410,10.076,1867704
중국,울산광역시,202411,11.777,1739352
중국,울산광역시,202412,14.752,1440369
중국,울산광역시,202501,11.477,1243965
중국,울산광역시,202502,9.181,1452139
중국,울산광역시,202503,8.989,1615356
중국,울산광역시,202504,11.464,1697997
중국,울산광역시,202505,10.573,1812556
중국,울산광역시,202506,9.627,1760908
중국,울산광역시,202507,9.389,1779861
중국,울산광역시,202508,11.564,1641708
중국,울산광역시,202509,9.003,2003916
중국,울산광역시,202510,6.725,2385567
중국,울산광역시,202511,9.625,2052937
중국,울산광역시,202512,10.422,1738462
중국,울산광역시,202601,12.08,1790499
중국,울산광역시,202602,10.394,1623934
중국,울산광역시,202603,17.965,2538225
중국,울산광역시,202604,16.948,2619361
중국,울산광역시,202605,16.775,2852809
중국,울산광역시,202606,17.133,2580985
중국,울산광역시,202607,14.544,2475254
중국,인천광역시,202001,23.979,39240477
중국,인천광역시,202002,21.271,29624915
중국,인천광역시,202003,40.641,6884005
중국,인천광역시,202004,49.23,4151206
중국,인천광역시,202005,46.082,5340178
중국,인천광역시,202006,43.797,5098783
중국,인천광역시,202007,48.214,5958797
중국,인천광역시,202008,38.988,6155165
중국,인천광역시,202009,39.227,5264410
중국,인천광역시,202010,31.298,4944903
중국,인천광역시,202011,26.222,5096223
중국,인천광역시,202012,27.179,4621835
중국,인천광역시,202101,24.496,4438393
중국,인천광역시,202102,12.051,4114931
중국,인천광역시,202103,18.653,5501276
중국,인천광역시,202104,16.761,5274493
중국,인천광역시,202105,15.883,5353902
중국,인천광역시,202106,17.927,5835522
중국,인천광역시,202107,16.064,6312824
중국,인천광역시,202108,29.924,7126769
중국,인천광역시,202109,24.106,6282857
중국,인천광역시,202110,12.049,6604230
중국,인천광역시,202111,7.193,6066065
중국,인천광역시,202112,9.445,5891166
중국,인천광역시,202201,6.634,5459172
중국,인천광역시,202202,13.372,5143558
중국,인천광역시,202203,11.438,6046092
중국,인천광역시,202204,7.071,7449695
중국,인천광역시,202205,7.293,11196435
중국,인천광역시,202206,7.499,11559169
중국,인천광역시,202207,6.204,15764295
중국,인천광역시,202208,6.303,19401538
중국,인천광역시,202209,5.392,22419964
중국,인천광역시,202210,4.251,30147113
중국,인천광역시,202211,4.124,30567090
중국,인천광역시,202212,7.098,32166750
중국,인천광역시,202301,8.633,29577169
중국,인천광역시,202302,9.474,24914946
중국,인천광역시,202303,10.258,34281547
중국,인천광역시,202304,10.215,39933049
중국,인천광역시,202305,16.99,45780188
중국,인천광역시,202306,14.025,40069327
중국,인천광역시,202307,13.918,39194473
중국,인천광역시,202308,12.035,39503860
중국,인천광역시,202309,9.718,38106054
중국,인천광역시,202310,10.041,37172117
중국,인천광역시,202311,9.671,39485997
중국,인천광역시,202312,10.107,37560298
중국,인천광역시,202401,14.537,37425072
중국,인천광역시,202402,11.351,35382988
중국,인천광역시,202403,9.121,44658871
중국,인천광역시,202404,8.783,50849392
중국,인천광역시,202405,9.606,49231451
중국,인천광역시,202406,9.516,51669567
중국,인천광역시,202407,10.429,48614639
중국,인천광역시,202408,10.661,58676086
중국,인천광역시,202409,9.34,56377405
중국,인천광역시,202410,9.586,58869497
중국,인천광역시,202411,6.871,63137319
중국,인천광역시,202412,8.085,58969792
중국,인천광역시,202501,8.764,55783820
중국,인천광역시,202502,8.58,48820737
중국,인천광역시,202503,8.726,67370520
중국,인천광역시,202504,7.976,71292389
중국,인천광역시,202505,7.918,70117431
중국,인천광역시,202506,9.202,65222046
중국,인천광역시,202507,8.176,71986641
중국,인천광역시,202508,8.509,75482615
중국,인천광역시,202509,8.078,71390473
중국,인천광역시,202510,8.177,70596490
중국,인천광역시,202511,6.696,76649920
중국,인천광역시,202512,7.226,78597496
중국,인천광역시,202601,9.06,70514766
중국,인천광역시,202602,9.187,62318376
중국,인천광역시,202603,18.284,92648542
중국,인천광역시,202604,19.307,102065502
중국,인천광역시,202605,18.807,115499816
중국,인천광역시,202606,21.302,101419421
중국,인천광역시,202607,17.14,97776030
중국,전라남도,202001,37.23,583633
중국,전라남도,202002,25.286,623651
중국,전라남도,202003,21.549,366065
중국,전라남도,202004,31.177,285929
중국,전라남도,202005,25.998,361631
중국,전라남도,202006,23.508,387968
중국,전라남도,202007,20.636,439218
중국,전라남도,202008,18.475,452109
중국,전라남도,202009,28.519,463957
중국,전라남도,202010,19.882,433331
중국,전라남도,202011,30.665,503568
중국,전라남도,202012,20.133,510370
중국,전라남도,202101,36.5,463978
중국,전라남도,202102,19.694,449798
중국,전라남도,202103,17.747,543792
중국,전라남도,202104,21.91,536818
중국,전라남도,202105,24.973,654641
중국,전라남도,202106,13.825,519111
중국,전라남도,202107,11.907,629147
중국,전라남도,202108,11.638,558467
중국,전라남도,202109,22.843,610420
중국,전라남도,202110,14.19,625137
중국,전라남도,202111,7.473,576692
중국,전라남도,202112,6.064,485430
중국,전라남도,202201,7.968,388729
중국,전라남도,202202,16.724,364419
중국,전라남도,202203,10.382,553861
중국,전라남도,202204,10.077,710583
중국,전라남도,202205,12.725,1112743
중국,전라남도,202206,10.612,1075249
중국,전라남도,202207,10.979,1111025
중국,전라남도,202208,7.357,1004698
중국,전라남도,202209,7.066,1151022
중국,전라남도,202210,5.185,1653345
중국,전라남도,202211,6.553,1224057
중국,전라남도,202212,14.705,1011386
중국,전라남도,202301,23.4,856454
중국,전라남도,202302,20.669,1022613
중국,전라남도,202303,13.602,1103580
중국,전라남도,202304,10.459,1603619
중국,전라남도,202305,12.731,1739300
중국,전라남도,202306,15.114,1494113
중국,전라남도,202307,21.939,1796531
중국,전라남도,202308,15.561,1639083
중국,전라남도,202309,15.302,1528203
중국,전라남도,202310,10.963,2264966
중국,전라남도,202311,16.182,1916644
중국,전라남도,202312,23.005,1224327
중국,전라남도,202401,29.718,1170536
중국,전라남도,202402,21.007,1034365
중국,전라남도,202403,18.411,1599255
중국,전라남도,202404,12.871,1752083
중국,전라남도,202405,13.121,1906712
중국,전라남도,202406,17.46,1844135
중국,전라남도,202407,16.235,1694904
중국,전라남도,202408,17.612,1778913
중국,전라남도,202409,17.898,1886447
중국,전라남도,202410,10.356,2822530
중국,전라남도,202411,13.727,1929094
중국,전라남도,202412,16.238,1557816
중국,전라남도,202501,15.899,1146965
중국,전라남도,202502,14.891,1037483
중국,전라남도,202503,17.515,1644483
중국,전라남도,202504,11.094,1940745
중국,전라남도,202505,13.272,1951796
중국,전라남도,202506,15.121,1787002
중국,전라남도,202507,14.654,1793190
중국,전라남도,202508,13.617,1617032
중국,전라남도,202509,16.717,1771918
중국,전라남도,202510,12.379,2378630
중국,전라남도,202511,17.033,1919324
중국,전라남도,202512,19.255,1679487
중국,전라남도,202601,20.501,1209089
중국,전라남도,202602,15.443,1027259
중국,전라남도,202603,33.396,2031826
중국,전라남도,202604,21.923,2855424
중국,전라남도,202605,31.774,3235000
중국,전라남도,202606,28.146,2573585
중국,전북특별자치도,202001,33.71,1333395
중국,전북특별자치도,202002,34.182,1114422
중국,전북특별자치도,202003,48.957,797656
중국,전북특별자치도,202004,52.968,832515
중국,전북특별자치도,202005,33.361,975668
중국,전북특별자치도,202006,31.042,1058451
중국,전북특별자치도,202007,33.756,1197816
중국,전북특별자치도,202008,27.254,1129207
중국,전북특별자치도,202009,43.124,1209394
중국,전북특별자치도,202010,33.8,1401127
중국,전북특별자치도,202011,30.837,1193213
중국,전북특별자치도,202012,38.166,1271228
중국,전북특별자치도,202101,35.215,738913
중국,전북특별자치도,202102,14.737,987248
중국,전북특별자치도,202103,25.578,1242632
중국,전북특별자치도,202104,19.14,1109806
중국,전북특별자치도,202105,18.466,1153879
중국,전북특별자치도,202106,18.265,1082469
중국,전북특별자치도,202107,18.055,924143
중국,전북특별자치도,202108,15.947,1117399
중국,전북특별자치도,202109,21.606,1063909
중국,전북특별자치도,202110,18.935,1377945
중국,전북특별자치도,202111,12.409,1191121
중국,전북특별자치도,202112,11.249,1129260
중국,전북특별자치도,202201,12.112,678550
중국,전북특별자치도,202202,15.465,839365
중국,전북특별자치도,202203,23.974,1039727
중국,전북특별자치도,202204,14.981,1378053
중국,전북특별자치도,202205,17.35,1663963
중국,전북특별자치도,202206,13.623,1681150
중국,전북특별자치도,202207,12.694,1793605
중국,전북특별자치도,202208,8.286,1683674
중국,전북특별자치도,202209,7.264,1882427
중국,전북특별자치도,202210,7.136,2435493
중국,전북특별자치도,202211,8.763,2006969
중국,전북특별자치도,202212,8.912,2033745
중국,전북특별자치도,202301,10.009,1503122
중국,전북특별자치도,202302,9.691,1511163
중국,전북특별자치도,202303,12.629,1986261
중국,전북특별자치도,202304,11.826,2317869
중국,전북특별자치도,202305,12.127,2555768
중국,전북특별자치도,202306,10.003,2108066
중국,전북특별자치도,202307,9.037,2296588
중국,전북특별자치도,202308,6.161,3091899
중국,전북특별자치도,202309,10.125,2614159
중국,전북특별자치도,202310,10.964,2979950
중국,전북특별자치도,202311,13.437,2640327
중국,전북특별자치도,202312,13.714,2370027
중국,전북특별자치도,202401,14.788,1811830
중국,전북특별자치도,202402,7.998,1845076
중국,전북특별자치도,202403,12.551,2751578
중국,전북특별자치도,202404,8.536,3381202
중국,전북특별자치도,202405,10.505,2847452
중국,전북특별자치도,202406,10.78,2645361
중국,전북특별자치도,202407,8.012,2352558
중국,전북특별자치도,202408,7.777,2848452
중국,전북특별자치도,202409,13.56,2789561
중국,전북특별자치도,202410,11.03,3608646
중국,전북특별자치도,202411,12.684,3131373
중국,전북특별자치도,202412,11.506,2693248
중국,전북특별자치도,202501,7.314,2012546
중국,전북특별자치도,202502,6.199,1957453
중국,전북특별자치도,202503,10.401,2870907
중국,전북특별자치도,202504,9.776,3432085
중국,전북특별자치도,202505,9.838,3348417
중국,전북특별자치도,202506,9.884,2886053
중국,전북특별자치도,202507,7.219,2695172
중국,전북특별자치도,202508,7.706,3080272
중국,전북특별자치도,202509,14.868,3158449
중국,전북특별자치도,202510,13.242,3926359
중국,전북특별자치도,202511,14.006,3788461
중국,전북특별자치도,202512,15.169,3012360
중국,전북특별자치도,202601,11.519,2152761
중국,전북특별자치도,202602,7.805,1940533
중국,전북특별자치도,202603,33.42,4200815
중국,전북특별자치도,202604,29.828,5105190
중국,전북특별자치도,202605,27.503,5002245
중국,전북특별자치도,202606,28.481,4213411
중국,전북특별자치도,202607,14.084,3640232
중국,제주특별자치도,202001,71.734,16953814
중국,제주특별자치도,202002,56.79,6576409
중국,제주특별자치도,202003,60.097,1893958
중국,제주특별자치도,202004,59.426,1467491
중국,제주특별자치도,202005,49.011,1624666
중국,제주특별자치도,202006,37.74,1918372
중국,제주특별자치도,202007,35.083,3198828
중국,제주특별자치도,202008,31.346,2425624
중국,제주특별자치도,202009,39.907,2058316
중국,제주특별자치도,202010,33.28,2310897
중국,제주특별자치도,202011,50.18,2756824
중국,제주특별자치도,202012,59.467,2551444
중국,제주특별자치도,202101,71.163,2691278
중국,제주특별자치도,202102,86.696,6558733
중국,제주특별자치도,202103,72.953,5919175
중국,제주특별자치도,202104,49.24,3242630
중국,제주특별자치도,202105,42.987,3551818
중국,제주특별자치도,202106,16.798,2758804
중국,제주특별자치도,202107,16.557,3147172
중국,제주특별자치도,202108,23.726,2671115
중국,제주특별자치도,202109,22.958,2261274
중국,제주특별자치도,202110,19.956,2338591
중국,제주특별자치도,202111,13.46,1949870
중국,제주특별자치도,202112,13.071,1709569
중국,제주특별자치도,202201,20.716,1542940
중국,제주특별자치도,202202,23.403,1447047
중국,제주특별자치도,202203,21.053,1775486
중국,제주특별자치도,202204,13.061,2550696
중국,제주특별자치도,202205,10.801,4302178
중국,제주특별자치도,202206,9.845,5725830
중국,제주특별자치도,202207,13.727,6570464
중국,제주특별자치도,202208,9.497,6588763
중국,제주특별자치도,202209,6.215,6343912
중국,제주특별자치도,202210,4.212,9198813
중국,제주특별자치도,202211,3.384,9180067
중국,제주특별자치도,202212,6.468,8820287
중국,제주특별자치도,202301,9.512,5717465
중국,제주특별자치도,202302,9.719,4931297
중국,제주특별자치도,202303,5.729,9317058
중국,제주특별자치도,202304,16.798,16147481
중국,제주특별자치도,202305,22.695,18864066
중국,제주특별자치도,202306,29.795,19843183
중국,제주특별자치도,202307,40.412,21924251
중국,제주특별자치도,202308,40.128,22160734
중국,제주특별자치도,202309,33.668,19004995
중국,제주특별자치도,202310,32.054,22645169
중국,제주특별자치도,202311,26.123,15883326
중국,제주특별자치도,202312,27.996,13821408
중국,제주특별자치도,202401,50.511,12868777
중국,제주특별자치도,202402,45.629,13936300
중국,제주특별자치도,202403,26.783,20896016
중국,제주특별자치도,202404,27.322,24199957
중국,제주특별자치도,202405,28.54,27797408
중국,제주특별자치도,202406,27.484,27714610
중국,제주특별자치도,202407,37.347,26096069
중국,제주특별자치도,202408,37.777,32396272
중국,제주특별자치도,202409,31.842,26183271
중국,제주특별자치도,202410,26.979,30564027
중국,제주특별자치도,202411,20.478,19535349
중국,제주특별자치도,202412,23.646,17498506
중국,제주특별자치도,202501,39.003,14683888
중국,제주특별자치도,202502,33.217,12882091
중국,제주특별자치도,202503,22.365,19457298
중국,제주특별자치도,202504,25.158,27402378
중국,제주특별자치도,202505,29.853,30579102
중국,제주특별자치도,202506,27.862,30337369
중국,제주특별자치도,202507,31.539,31975448
중국,제주특별자치도,202508,31.643,35144954
중국,제주특별자치도,202509,22.752,35062337
중국,제주특별자치도,202510,24.316,36477143
중국,제주특별자치도,202511,15.246,29505069
중국,제주특별자치도,202512,18.335,29202077
중국,제주특별자치도,202601,26.596,25296524
중국,제주특별자치도,202602,30.148,25805992
중국,제주특별자치도,202603,33.262,45101409
중국,제주특별자치도,202604,40.57,58491450
중국,제주특별자치도,202605,39.481,65310651
중국,제주특별자치도,202606,42.802,64840846
중국,제주특별자치도,202607,48.024,58942422
중국,충청남도,202001,36.704,1334027
중국,충청남도,202002,38.653,1380849
중국,충청남도,202003,41.04,775081
중국,충청남도,202004,36.388,762743
중국,충청남도,202005,23.979,894786
중국,충청남도,202006,20.897,982331
중국,충청남도,202007,20.537,1158301
중국,충청남도,202008,18.328,1119120
중국,충청남도,202009,25.431,1228303
중국,충청남도,202010,18.014,1304182
중국,충청남도,202011,19.016,1251465
중국,충청남도,202012,20.419,1265414
중국,충청남도,202101,21.412,1102678
중국,충청남도,202102,10.088,1146254
중국,충청남도,202103,13.756,1464005
중국,충청남도,202104,13.56,1304082
중국,충청남도,202105,13.041,1400040
중국,충청남도,202106,12.131,1435169
중국,충청남도,202107,14.353,1685535
중국,충청남도,202108,12.423,1456537
중국,충청남도,202109,14.05,1463872
중국,충청남도,202110,11.664,1619455
중국,충청남도,202111,9.435,1491985
중국,충청남도,202112,7.773,1436324
중국,충청남도,202201,8.931,1049615
중국,충청남도,202202,10.511,1104871
중국,충청남도,202203,12.166,1312818
중국,충청남도,202204,8.913,1574057
중국,충청남도,202205,9.074,1705509
중국,충청남도,202206,10.091,1761317
중국,충청남도,202207,9.783,2034812
중국,충청남도,202208,9.107,1808515
중국,충청남도,202209,8.849,1982145
중국,충청남도,202210,9.898,2208803
중국,충청남도,202211,10.056,1908865
중국,충청남도,202212,13.299,1802679
중국,충청남도,202301,14.042,1506740
중국,충청남도,202302,12.23,1452652
중국,충청남도,202303,13.911,2103398
중국,충청남도,202304,13.133,2418657
중국,충청남도,202305,12.132,2335855
중국,충청남도,202306,11.851,2354172
중국,충청남도,202307,12.585,2509251
중국,충청남도,202308,12.124,2474937
중국,충청남도,202309,13.715,2560494
중국,충청남도,202310,13.651,2818268
중국,충청남도,202311,19.033,2496716
중국,충청남도,202312,16.833,2254930
중국,충청남도,202401,18.126,2092859
중국,충청남도,202402,11.883,1968567
중국,충청남도,202403,13.834,2851233
중국,충청남도,202404,12.974,2848009
중국,충청남도,202405,12.007,3123683
중국,충청남도,202406,10.557,3249690
중국,충청남도,202407,12.325,2894318
중국,충청남도,202408,12.887,3045661
중국,충청남도,202409,15.371,3091321
중국,충청남도,202410,14.691,3499964
중국,충청남도,202411,16.485,3087549
중국,충청남도,202412,17.203,2987013
중국,충청남도,202501,20.434,2606924
중국,충청남도,202502,16.487,2430097
중국,충청남도,202503,18.805,3555490
중국,충청남도,202504,17.463,3523510
중국,충청남도,202505,14.882,3618449
중국,충청남도,202506,13.634,3478701
중국,충청남도,202507,11.538,3273725
중국,충청남도,202508,11.202,3303791
중국,충청남도,202509,16.132,3389344
중국,충청남도,202510,13.081,3954473
중국,충청남도,202511,14.244,3688029
중국,충청남도,202512,14.51,3687818
중국,충청남도,202601,13.605,3298751
중국,충청남도,202602,9.965,2864059
중국,충청남도,202603,22.869,4577770
중국,충청남도,202604,22.464,4652509
중국,충청남도,202605,22.999,5331602
중국,충청남도,202606,25.496,5094334
중국,충청남도,202607,25.784,5248787
중국,충청북도,202001,43.138,947201
중국,충청북도,202002,35.611,827379
중국,충청북도,202003,59.913,597220
중국,충청북도,202004,48.941,378954
중국,충청북도,202005,42.336,503781
중국,충청북도,202006,47.228,639045
중국,충청북도,202007,45.941,666192
중국,충청북도,202008,40.507,643938
중국,충청북도,202009,39.276,693649
중국,충청북도,202010,34.448,658969
중국,충청북도,202011,41.315,704941
중국,충청북도,202012,36.144,577083
중국,충청북도,202101,35.462,522203
중국,충청북도,202102,24.792,524491
중국,충청북도,202103,26.174,701737
중국,충청북도,202104,26.194,742850
중국,충청북도,202105,34.797,794317
중국,충청북도,202106,35.801,836714
중국,충청북도,202107,26.281,1001109
중국,충청북도,202108,26.133,851995
중국,충청북도,202109,34.11,885012
중국,충청북도,202110,21.857,972225
중국,충청북도,202111,15.521,804203
중국,충청북도,202112,13.884,634527
중국,충청북도,202201,17.555,431773
중국,충청북도,202202,30.143,649045
중국,충청북도,202203,26.465,732808
중국,충청북도,202204,21.477,861444
중국,충청북도,202205,21.454,1044427
중국,충청북도,202206,23.094,1083064
중국,충청북도,202207,19.281,1077221
중국,충청북도,202208,14.815,897050
중국,충청북도,202209,20.207,1051246
중국,충청북도,202210,14.174,1242307
중국,충청북도,202211,17.495,1136303
중국,충청북도,202212,20.682,1122132
중국,충청북도,202301,15.632,857362
중국,충청북도,202302,26.229,951407
중국,충청북도,202303,28.61,1317933
중국,충청북도,202304,25.649,1448432
중국,충청북도,202305,23.249,1419061
중국,충청북도,202306,18.281,1457671
중국,충청북도,202307,16.956,1400110
중국,충청북도,202308,16.302,1371490
중국,충청북도,202309,32.966,1643990
중국,충청북도,202310,26.769,1912155
중국,충청북도,202311,31.54,1831910
중국,충청북도,202312,29.056,1467470
중국,충청북도,202401,29.365,1260188
중국,충청북도,202402,21.749,1136918
중국,충청북도,202403,38.523,1663265
중국,충청북도,202404,29.061,1801540
중국,충청북도,202405,26.12,1670419
중국,충청북도,202406,23.444,1762750
중국,충청북도,202407,19.824,1525908
중국,충청북도,202408,22.564,1520513
중국,충청북도,202409,39.357,2117698
중국,충청북도,202410,33.781,2463487
중국,충청북도,202411,39.791,2256404
중국,충청북도,202412,37.988,1859666
중국,충청북도,202501,25.558,1428974
중국,충청북도,202502,20.699,1292252
중국,충청북도,202503,36.664,2154366
중국,충청북도,202504,34.156,2251397
중국,충청북도,202505,32.543,2423617
중국,충청북도,202506,28.733,2215573
중국,충청북도,202507,16.56,2145786
중국,충청북도,202508,22.97,2018351
중국,충청북도,202509,36.913,2715386
중국,충청북도,202510,32.297,2827567
중국,충청북도,202511,22.174,4794017
중국,충청북도,202512,34.545,2507636
중국,충청북도,202601,22.746,1719902
중국,충청북도,202602,18.274,1632033
중국,충청북도,202603,52.798,3817708
중국,충청북도,202604,48.429,3853376
중국,충청북도,202605,44.004,4268131
중국,충청북도,202606,41.623,3818687
중국,충청북도,202607,27.909,3195775
태국,강원특별자치도,202001,1.502,5672147
태국,강원특별자치도,202002,3.119,2369131
태국,강원특별자치도,202003,1.045,673829
태국,강원특별자치도,202004,7.999,668254
태국,강원특별자치도,202005,1.526,751476
태국,강원특별자치도,202006,1.22,829504
태국,강원특별자치도,202007,0.983,1198248
태국,강원특별자치도,202008,4.961,1094231
태국,강원특별자치도,202009,1.286,1075294
태국,강원특별자치도,202010,0.849,1170418
태국,강원특별자치도,202011,0.739,962200
태국,강원특별자치도,202012,5.332,861894
태국,강원특별자치도,202101,0.987,749368
태국,강원특별자치도,202102,1.379,1064215
태국,강원특별자치도,202103,1.539,869103
태국,강원특별자치도,202104,0.664,867159
태국,강원특별자치도,202105,0.997,1118353
태국,강원특별자치도,202106,0.884,1102241
태국,강원특별자치도,202107,0.628,1531474
태국,강원특별자치도,202108,0.958,1309439
태국,강원특별자치도,202109,1.074,1354214
태국,강원특별자치도,202110,0.791,1357771
태국,강원특별자치도,202111,0.868,1232315
태국,강원특별자치도,202112,0.862,1505838
태국,강원특별자치도,202201,0.577,1131981
태국,강원특별자치도,202202,0.497,1222613
태국,강원특별자치도,202203,0.662,1118199
태국,강원특별자치도,202204,0.743,1616237
태국,강원특별자치도,202205,0.771,2323166
태국,강원특별자치도,202206,1.041,2282525
태국,강원특별자치도,202207,0.936,2794204
태국,강원특별자치도,202208,0.815,2788137
태국,강원특별자치도,202209,0.781,3223648
태국,강원특별자치도,202210,2.048,3578243
태국,강원특별자치도,202211,1.31,2501660
태국,강원특별자치도,202212,4.82,5414833
태국,강원특별자치도,202301,3.475,3909861
태국,강원특별자치도,202302,4.106,2816591
태국,강원특별자치도,202303,2.484,2470977
태국,강원특별자치도,202304,1.899,3532632
태국,강원특별자치도,202305,1.344,3503293
태국,강원특별자치도,202306,0.797,3603632
태국,강원특별자치도,202307,1.08,3721307
태국,강원특별자치도,202308,0.704,4359043
태국,강원특별자치도,202309,1.113,3500794
태국,강원특별자치도,202310,1.963,4676423
태국,강원특별자치도,202311,1.123,3003481
태국,강원특별자치도,202312,4.266,6519994
태국,강원특별자치도,202401,2.741,5752507
태국,강원특별자치도,202402,3.07,4698338
태국,강원특별자치도,202403,1.701,2990382
태국,강원특별자치도,202404,1.958,3384418
태국,강원특별자치도,202405,0.873,3632763
태국,강원특별자치도,202406,0.772,5501989
태국,강원특별자치도,202407,0.974,3813270
태국,강원특별자치도,202408,0.784,4383123
태국,강원특별자치도,202409,0.907,4123483
태국,강원특별자치도,202410,1.593,5567470
태국,강원특별자치도,202411,1.288,3485011
태국,강원특별자치도,202412,4.651,7020599
태국,강원특별자치도,202501,3.134,5830564
태국,강원특별자치도,202502,3.86,4362570
태국,강원특별자치도,202503,1.752,3049864
태국,강원특별자치도,202504,1.373,3929638
태국,강원특별자치도,202505,0.932,4170550
태국,강원특별자치도,202506,0.805,4183558
태국,강원특별자치도,202507,1.094,4721259
태국,강원특별자치도,202508,0.859,4826066
태국,강원특별자치도,202509,0.734,3782946
태국,강원특별자치도,202510,1.623,5906202
태국,강원특별자치도,202511,1.569,4278026
태국,강원특별자치도,202512,4.658,8755272
태국,강원특별자치도,202601,2.85,6059742
태국,강원특별자치도,202602,4.128,6264365
태국,강원특별자치도,202603,2.237,4592667
태국,강원특별자치도,202604,1.671,6626635
태국,강원특별자치도,202605,0.918,7482784
태국,강원특별자치도,202606,0.701,7250879
태국,강원특별자치도,202607,0.832,6562572
태국,경기도,202001,1.976,35645465
태국,경기도,202002,2.052,27841973
태국,경기도,202003,0.72,13130988
태국,경기도,202004,0.978,10713056
태국,경기도,202005,0.844,14367337
태국,경기도,202006,0.771,15897945
태국,경기도,202007,0.911,18589907
태국,경기도,202008,0.807,17324322
태국,경기도,202009,0.552,18038518
태국,경기도,202010,0.656,20525355
태국,경기도,202011,0.557,19440468
태국,경기도,202012,0.561,18171345
태국,경기도,202101,0.571,15061376
태국,경기도,202102,0.452,16030119
태국,경기도,202103,0.434,21243734
태국,경기도,202104,0.638,20177076
태국,경기도,202105,0.461,22552175
태국,경기도,202106,0.458,21665377
태국,경기도,202107,0.416,22377770
태국,경기도,202108,0.441,22458652
태국,경기도,202109,0.566,21827526
태국,경기도,202110,0.591,26171074
태국,경기도,202111,0.575,24766252
태국,경기도,202112,0.493,22160903
태국,경기도,202201,0.719,14398933
태국,경기도,202202,0.541,17516907
태국,경기도,202203,0.485,22015432
태국,경기도,202204,0.718,28824957
태국,경기도,202205,0.781,33803354
태국,경기도,202206,1.102,36079282
태국,경기도,202207,1.17,41292078
태국,경기도,202208,0.828,37396217
태국,경기도,202209,0.919,40441868
태국,경기도,202210,2.024,50008197
태국,경기도,202211,1.745,44305235
태국,경기도,202212,2.192,44771504
태국,경기도,202301,2.205,33928781
태국,경기도,202302,2.421,34734011
태국,경기도,202303,1.882,46279852
태국,경기도,202304,2.692,51904071
태국,경기도,202305,1.94,53208270
태국,경기도,202306,1.029,52541921
태국,경기도,202307,1.544,51466523
태국,경기도,202308,0.946,48361309
태국,경기도,202309,1.061,50869110
태국,경기도,202310,2.645,60482191
태국,경기도,202311,2.238,56479006
태국,경기도,202312,2.492,52219285
태국,경기도,202401,2.706,44116233
태국,경기도,202402,2.577,42580869
태국,경기도,202403,2.359,56484205
태국,경기도,202404,3.468,60780313
태국,경기도,202405,2.042,59563239
태국,경기도,202406,1.361,61094062
태국,경기도,202407,1.098,58549297
태국,경기도,202408,0.977,58952896
태국,경기도,202409,1.343,59671026
태국,경기도,202410,2.387,70124218
태국,경기도,202411,1.953,68812692
태국,경기도,202412,2.766,66943173
태국,경기도,202501,1.838,52264894
태국,경기도,202502,2.031,50321885
태국,경기도,202503,2.113,69989767
태국,경기도,202504,2.597,73501735
태국,경기도,202505,1.904,74102725
태국,경기도,202506,1.301,72088580
태국,경기도,202507,1.429,68406089
태국,경기도,202508,1.134,66837951
태국,경기도,202509,1.567,69996920
태국,경기도,202510,2.52,80359800
태국,경기도,202511,2.243,84865689
태국,경기도,202512,2.448,84098157
태국,경기도,202601,1.864,67227887
태국,경기도,202602,1.817,58909312
태국,경기도,202603,2.079,90937569
태국,경기도,202604,2.785,103386696
태국,경기도,202605,1.6,106156472
태국,경기도,202606,1.33,99772775
태국,경기도,202607,1.136,95766721
태국,경상남도,202001,0.995,2821024
태국,경상남도,202002,0.536,2465061
태국,경상남도,202003,1.159,1367780
태국,경상남도,202004,1.24,1170629
태국,경상남도,202005,0.855,1215736
태국,경상남도,202006,0.944,1438797
태국,경상남도,202007,0.901,1457613
태국,경상남도,202008,0.947,1578318
태국,경상남도,202009,0.591,1718017
태국,경상남도,202010,0.7,1726256
태국,경상남도,202011,0.665,1910519
태국,경상남도,202012,0.603,1623108
태국,경상남도,202101,0.712,1379973
태국,경상남도,202102,1.181,1197886
태국,경상남도,202103,1.766,1624495
태국,경상남도,202104,1.053,1524906
태국,경상남도,202105,0.72,1748554
태국,경상남도,202106,0.843,1778325
태국,경상남도,202107,1.045,1706786
태국,경상남도,202108,0.419,1714196
태국,경상남도,202109,0.606,1767239
태국,경상남도,202110,0.579,2010019
태국,경상남도,202111,0.662,2075463
태국,경상남도,202112,0.476,1724010
태국,경상남도,202201,0.739,1207730
태국,경상남도,202202,1.017,1131395
태국,경상남도,202203,0.772,1655939
태국,경상남도,202204,1.125,1885531
태국,경상남도,202205,1.223,2307618
태국,경상남도,202206,1.017,2372788
태국,경상남도,202207,1.581,2939674
태국,경상남도,202208,0.845,2564154
태국,경상남도,202209,0.648,2441127
태국,경상남도,202210,0.911,2970887
태국,경상남도,202211,1.151,2686769
태국,경상남도,202212,1.249,2647160
태국,경상남도,202301,1.145,2060247
태국,경상남도,202302,1.186,2182245
태국,경상남도,202303,1.59,2895481
태국,경상남도,202304,1.728,3357719
태국,경상남도,202305,1.225,3550822
태국,경상남도,202306,1.579,3125441
태국,경상남도,202307,1.807,3572787
태국,경상남도,202308,1.43,3037381
태국,경상남도,202309,1.688,3688791
태국,경상남도,202310,2.223,4528625
태국,경상남도,202311,1.932,3697889
태국,경상남도,202312,1.268,3377265
태국,경상남도,202401,1.066,2963043
태국,경상남도,202402,1.845,2662662
태국,경상남도,202403,2.018,3731943
태국,경상남도,202404,1.836,3984774
태국,경상남도,202405,1.571,4029045
태국,경상남도,202406,2.765,4038907
태국,경상남도,202407,2.425,3972599
태국,경상남도,202408,1.57,3652409
태국,경상남도,202409,1.8,3838137
태국,경상남도,202410,1.209,5101272
태국,경상남도,202411,1.29,4513885
태국,경상남도,202412,1.355,4243213
태국,경상남도,202501,0.902,3482656
태국,경상남도,202502,2.174,3402645
태국,경상남도,202503,1.984,4727271
태국,경상남도,202504,1.823,5052865
태국,경상남도,202505,1.285,5001888
태국,경상남도,202506,1.314,5165059
태국,경상남도,202507,1.203,5050696
태국,경상남도,202508,1.109,5161201
태국,경상남도,202509,1.471,5621069
태국,경상남도,202510,1.753,6255197
태국,경상남도,202511,1.04,8321967
태국,경상남도,202512,1.23,5233360
태국,경상남도,202601,1.847,4304159
태국,경상남도,202602,1.346,3785557
태국,경상남도,202603,1.451,6118737
태국,경상남도,202604,0.848,6938692
태국,경상남도,202605,0.811,7243511
태국,경상남도,202606,1.087,6562127
태국,경상남도,202607,0.829,6295300
태국,경상북도,202001,1.204,1625896
태국,경상북도,202002,2.291,1121701
태국,경상북도,202003,1.818,452839
태국,경상북도,202004,2.311,453240
태국,경상북도,202005,2.004,693482
태국,경상북도,202006,1.516,744294
태국,경상북도,202007,1.068,982722
태국,경상북도,202008,1.112,1050543
태국,경상북도,202009,1.305,1027389
태국,경상북도,202010,1.129,1112678
태국,경상북도,202011,1.056,1068515
태국,경상북도,202012,0.936,967674
태국,경상북도,202101,1.409,841147
태국,경상북도,202102,1.378,762385
태국,경상북도,202103,1.273,1059629
태국,경상북도,202104,1.073,986932
태국,경상북도,202105,0.893,1067675
태국,경상북도,202106,0.902,1118099
태국,경상북도,202107,0.809,1236207
태국,경상북도,202108,0.61,1170875
태국,경상북도,202109,0.508,1225037
태국,경상북도,202110,0.536,1495777
태국,경상북도,202111,0.919,1485779
태국,경상북도,202112,0.941,1147668
태국,경상북도,202201,1.209,828004
태국,경상북도,202202,0.939,863708
태국,경상북도,202203,0.529,1216638
태국,경상북도,202204,1.051,1875661
태국,경상북도,202205,1.524,1874048
태국,경상북도,202206,1.477,2079262
태국,경상북도,202207,1.708,2354618
태국,경상북도,202208,1.095,2262054
태국,경상북도,202209,1.578,2339799
태국,경상북도,202210,2.089,3496325
태국,경상북도,202211,2.073,2581217
태국,경상북도,202212,2.575,2482295
태국,경상북도,202301,1.66,2016578
태국,경상북도,202302,1.395,2339935
태국,경상북도,202303,1.15,3628666
태국,경상북도,202304,1.934,4182818
태국,경상북도,202305,1.766,3826710
태국,경상북도,202306,1.737,3961784
태국,경상북도,202307,1.363,3716363
태국,경상북도,202308,0.898,3814148
태국,경상북도,202309,1.19,3825771
태국,경상북도,202310,1.591,4629207
태국,경상북도,202311,1.123,3827314
태국,경상북도,202312,1.973,2935639
태국,경상북도,202401,1.238,2414688
태국,경상북도,202402,1.03,2773465
태국,경상북도,202403,0.992,4618506
태국,경상북도,202404,1.522,4639326
태국,경상북도,202405,0.95,5046167
태국,경상북도,202406,1.012,4395343
태국,경상북도,202407,0.963,4089682
태국,경상북도,202408,0.704,5110201
태국,경상북도,202409,0.802,5450236
태국,경상북도,202410,1.026,6187358
태국,경상북도,202411,0.885,5287938
태국,경상북도,202412,1.071,4309976
태국,경상북도,202501,1.192,2994467
태국,경상북도,202502,1.812,3669191
태국,경상북도,202503,1.804,6655454
태국,경상북도,202504,1.07,6464151
태국,경상북도,202505,1.02,6318613
태국,경상북도,202506,0.923,5594361
태국,경상북도,202507,1.17,4772022
태국,경상북도,202508,0.829,5444693
태국,경상북도,202509,0.782,6010425
태국,경상북도,202510,2.574,8074866
태국,경상북도,202511,1.235,7052614
태국,경상북도,202512,1.039,4575833
태국,경상북도,202601,1.257,3031059
태국,경상북도,202602,0.987,3046291
태국,경상북도,202603,0.478,8021124
태국,경상북도,202604,1.01,9165578
태국,경상북도,202605,0.719,9483358
태국,경상북도,202606,0.767,7487848
태국,경상북도,202607,0.71,7217154
태국,광주광역시,202001,1.847,800621
태국,광주광역시,202002,3.934,543558
태국,광주광역시,202003,2.13,383465
태국,광주광역시,202004,2.456,450289
태국,광주광역시,202005,1.698,473306
태국,광주광역시,202006,1.836,426929
태국,광주광역시,202007,1.348,500090
태국,광주광역시,202008,0.964,409073
태국,광주광역시,202009,1.133,412703
태국,광주광역시,202010,1.727,559901
태국,광주광역시,202011,2.16,541820
태국,광주광역시,202012,1.221,499572
태국,광주광역시,202101,1.705,393509
태국,광주광역시,202102,1.295,415547
태국,광주광역시,202103,0.428,599508
태국,광주광역시,202104,1.725,548501
태국,광주광역시,202105,1.289,595741
태국,광주광역시,202106,2.499,560571
태국,광주광역시,202107,1.795,599727
태국,광주광역시,202108,1.542,580982
태국,광주광역시,202109,1.147,709124
태국,광주광역시,202110,1.942,860302
태국,광주광역시,202111,1.202,633253
태국,광주광역시,202112,1.261,509916
태국,광주광역시,202201,5.3,372921
태국,광주광역시,202202,2.999,350597
태국,광주광역시,202203,1.141,529638
태국,광주광역시,202204,1.495,793908
태국,광주광역시,202205,1.034,1119488
태국,광주광역시,202206,1.692,997332
태국,광주광역시,202207,1.367,1030389
태국,광주광역시,202208,1.41,928095
태국,광주광역시,202209,1.858,1001456
태국,광주광역시,202210,1.329,1378161
태국,광주광역시,202211,1.332,1120378
태국,광주광역시,202212,0.722,1132377
태국,광주광역시,202301,1.627,817226
태국,광주광역시,202302,0.978,820445
태국,광주광역시,202303,0.753,1053000
태국,광주광역시,202304,1.071,1779752
태국,광주광역시,202305,1.596,1343547
태국,광주광역시,202306,1.273,1244959
태국,광주광역시,202307,1.179,1272104
태국,광주광역시,202308,1.804,1105822
태국,광주광역시,202309,0.993,1500100
태국,광주광역시,202310,0.968,2084997
태국,광주광역시,202311,0.913,1781053
태국,광주광역시,202312,1.312,1403889
태국,광주광역시,202401,0.927,970813
태국,광주광역시,202402,1.186,819237
태국,광주광역시,202403,0.837,1598610
태국,광주광역시,202404,2.662,1687865
태국,광주광역시,202405,3.223,1651334
태국,광주광역시,202406,1.104,1540480
태국,광주광역시,202407,1.76,1359424
태국,광주광역시,202408,1.189,1348327
태국,광주광역시,202409,0.887,1956192
태국,광주광역시,202410,0.921,2154708
태국,광주광역시,202411,1.054,2099681
태국,광주광역시,202412,1.636,1758159
태국,광주광역시,202501,1.308,1251472
태국,광주광역시,202502,4.277,1033709
태국,광주광역시,202503,0.852,1778441
태국,광주광역시,202504,2.159,2839212
태국,광주광역시,202505,1.258,2466784
태국,광주광역시,202506,0.837,1878371
태국,광주광역시,202507,0.98,1686333
태국,광주광역시,202508,2.596,1838925
태국,광주광역시,202509,1.333,2182325
태국,광주광역시,202510,1.412,2420623
태국,광주광역시,202511,1.815,2210898
태국,광주광역시,202512,1.641,1988194
태국,광주광역시,202601,1.824,1435864
태국,광주광역시,202602,3.136,1147016
태국,광주광역시,202603,1.321,2685508
태국,광주광역시,202604,1.153,4000357
태국,광주광역시,202605,1.34,3168459
태국,광주광역시,202606,1.047,2881879
태국,대구광역시,202001,0.926,3604131
태국,대구광역시,202002,1.361,2493142
태국,대구광역시,202003,0.94,595362
태국,대구광역시,202004,1.988,595868
태국,대구광역시,202005,1.005,1186484
태국,대구광역시,202006,0.794,1324568
태국,대구광역시,202007,0.582,1411764
태국,대구광역시,202008,0.723,1366973
태국,대구광역시,202009,1.019,1400393
태국,대구광역시,202010,1.019,1754781
태국,대구광역시,202011,1.018,1539030
태국,대구광역시,202012,1.119,1590107
태국,대구광역시,202101,1.449,1206651
태국,대구광역시,202102,1.576,1264785
태국,대구광역시,202103,0.717,1796881
태국,대구광역시,202104,0.825,1877254
태국,대구광역시,202105,0.817,2011698
태국,대구광역시,202106,0.9,1745345
태국,대구광역시,202107,1.021,2020322
태국,대구광역시,202108,0.749,1884990
태국,대구광역시,202109,0.735,2007715
태국,대구광역시,202110,0.645,2535999
태국,대구광역시,202111,0.658,2047396
태국,대구광역시,202112,0.326,1824045
태국,대구광역시,202201,0.381,1087022
태국,대구광역시,202202,0.522,1456806
태국,대구광역시,202203,0.287,2001156
태국,대구광역시,202204,0.747,2623788
태국,대구광역시,202205,1.353,4271897
태국,대구광역시,202206,0.667,2867864
태국,대구광역시,202207,0.802,3087928
태국,대구광역시,202208,0.696,2827313
태국,대구광역시,202209,1.033,3156366
태국,대구광역시,202210,1.327,3822380
태국,대구광역시,202211,1.879,3472288
태국,대구광역시,202212,1.641,3294762
태국,대구광역시,202301,1.014,2721438
태국,대구광역시,202302,0.753,2778157
태국,대구광역시,202303,1.263,3950628
태국,대구광역시,202304,3.075,4376706
태국,대구광역시,202305,1.908,4552386
태국,대구광역시,202306,1.302,4395101
태국,대구광역시,202307,1.006,4640683
태국,대구광역시,202308,0.706,3960296
태국,대구광역시,202309,0.646,4492697
태국,대구광역시,202310,0.859,4983310
태국,대구광역시,202311,0.868,4366793
태국,대구광역시,202312,0.916,4052883
태국,대구광역시,202401,0.68,3049207
태국,대구광역시,202402,0.67,3198913
태국,대구광역시,202403,0.919,4593858
태국,대구광역시,202404,1.117,4868191
태국,대구광역시,202405,0.806,5742767
태국,대구광역시,202406,0.817,5023921
태국,대구광역시,202407,0.977,4986962
태국,대구광역시,202408,0.646,5390168
태국,대구광역시,202409,0.742,5476978
태국,대구광역시,202410,1.538,6127432
태국,대구광역시,202411,1.173,5729296
태국,대구광역시,202412,1.746,5546930
태국,대구광역시,202501,1.642,4322540
태국,대구광역시,202502,1.397,4224143
태국,대구광역시,202503,1.206,6335517
태국,대구광역시,202504,2.262,6706748
태국,대구광역시,202505,1.326,6713599
태국,대구광역시,202506,1.63,6325127
태국,대구광역시,202507,1.207,5839053
태국,대구광역시,202508,1.011,5951107
태국,대구광역시,202509,1.005,6632886
태국,대구광역시,202510,3.015,6888602
태국,대구광역시,202511,1.278,6731918
태국,대구광역시,202512,1.133,6131683
태국,대구광역시,202601,1.211,4649737
태국,대구광역시,202602,1.368,4283616
태국,대구광역시,202603,0.792,8016429
태국,대구광역시,202604,0.851,8395975
태국,대구광역시,202605,0.776,9166185
태국,대구광역시,202606,0.671,8736758
태국,대구광역시,202607,0.83,7948053
태국,대전광역시,202001,1.111,2152944
태국,대전광역시,202002,0.996,1552615
태국,대전광역시,202003,1.926,543007
태국,대전광역시,202004,2.371,514627
태국,대전광역시,202005,1.859,631438
태국,대전광역시,202006,1.86,670716
태국,대전광역시,202007,1.128,850466
태국,대전광역시,202008,1.23,887815
태국,대전광역시,202009,0.94,818812
태국,대전광역시,202010,0.744,1013270
태국,대전광역시,202011,1.04,1028614
태국,대전광역시,202012,2.651,756297
태국,대전광역시,202101,1.361,644008
태국,대전광역시,202102,1.225,622888
태국,대전광역시,202103,0.654,847203
태국,대전광역시,202104,0.871,819002
태국,대전광역시,202105,0.851,1097909
태국,대전광역시,202106,1.313,923621
태국,대전광역시,202107,0.9,951980
태국,대전광역시,202108,1.191,958905
태국,대전광역시,202109,1.304,999588
태국,대전광역시,202110,0.811,1233731
태국,대전광역시,202111,0.904,1248486
태국,대전광역시,202112,1.065,1080480
태국,대전광역시,202201,2.093,775592
태국,대전광역시,202202,1.115,920859
태국,대전광역시,202203,1.191,1119333
태국,대전광역시,202204,1.324,1516154
태국,대전광역시,202205,1.446,2002978
태국,대전광역시,202206,2.225,2235724
태국,대전광역시,202207,2.239,2574586
태국,대전광역시,202208,1.426,2442030
태국,대전광역시,202209,1.629,3049939
태국,대전광역시,202210,2.79,3892267
태국,대전광역시,202211,2.612,2976131
태국,대전광역시,202212,2.573,2751547
태국,대전광역시,202301,1.76,1765065
태국,대전광역시,202302,2.135,1925736
태국,대전광역시,202303,2.468,3049601
태국,대전광역시,202304,3.126,3621324
태국,대전광역시,202305,1.909,3439027
태국,대전광역시,202306,1.38,3498342
태국,대전광역시,202307,1.14,3675892
태국,대전광역시,202308,0.984,3564290
태국,대전광역시,202309,1.375,3748317
태국,대전광역시,202310,1.993,4183928
태국,대전광역시,202311,1.636,3550173
태국,대전광역시,202312,1.778,2982791
태국,대전광역시,202401,1.506,2365520
태국,대전광역시,202402,1.032,2149130
태국,대전광역시,202403,1.281,3573010
태국,대전광역시,202404,2.317,4063206
태국,대전광역시,202405,1.155,3822627
태국,대전광역시,202406,0.899,4148165
태국,대전광역시,202407,1.13,3743573
태국,대전광역시,202408,1.206,3741742
태국,대전광역시,202409,1.378,3974513
태국,대전광역시,202410,1.532,5087813
태국,대전광역시,202411,1.229,4355038
태국,대전광역시,202412,1.595,3828920
태국,대전광역시,202501,1.565,2478406
태국,대전광역시,202502,1.74,2508867
태국,대전광역시,202503,1.168,4087124
태국,대전광역시,202504,2.104,4598320
태국,대전광역시,202505,1.598,4461749
태국,대전광역시,202506,1.22,4935605
태국,대전광역시,202507,1.572,4390773
태국,대전광역시,202508,1.205,3846235
태국,대전광역시,202509,0.97,5251825
태국,대전광역시,202510,1.228,5137972
태국,대전광역시,202511,1.505,5077947
태국,대전광역시,202512,1.972,4414667
태국,대전광역시,202601,1.774,3500508
태국,대전광역시,202602,1.183,3070413
태국,대전광역시,202603,1.561,5824123
태국,대전광역시,202604,1.476,5905807
태국,대전광역시,202605,1.027,6256761
태국,대전광역시,202606,0.8,6679487
태국,대전광역시,202607,0.898,7004617
태국,부산광역시,202001,0.859,33826894
태국,부산광역시,202002,0.911,22192325
태국,부산광역시,202003,0.582,4359000
태국,부산광역시,202004,1.196,2996752
태국,부산광역시,202005,1.134,4295514
태국,부산광역시,202006,0.508,4846281
태국,부산광역시,202007,0.446,5556211
태국,부산광역시,202008,0.653,4505834
태국,부산광역시,202009,0.472,4338551
태국,부산광역시,202010,0.428,4988689
태국,부산광역시,202011,0.452,4999467
태국,부산광역시,202012,0.469,4689055
태국,부산광역시,202101,0.394,3918309
태국,부산광역시,202102,0.377,3894688
태국,부산광역시,202103,0.552,5326239
태국,부산광역시,202104,0.75,4047820
태국,부산광역시,202105,0.423,5474413
태국,부산광역시,202106,0.563,4788646
태국,부산광역시,202107,0.613,5331590
태국,부산광역시,202108,0.561,5053488
태국,부산광역시,202109,0.423,5544246
태국,부산광역시,202110,0.555,6465898
태국,부산광역시,202111,1.205,5943494
태국,부산광역시,202112,0.413,5748642
태국,부산광역시,202201,0.367,4204485
태국,부산광역시,202202,0.54,4836993
태국,부산광역시,202203,0.555,5290181
태국,부산광역시,202204,1.334,6930469
태국,부산광역시,202205,1.217,10459518
태국,부산광역시,202206,1.852,10765331
태국,부산광역시,202207,3.22,13462885
태국,부산광역시,202208,1.538,14589882
태국,부산광역시,202209,1.307,17922176
태국,부산광역시,202210,4.267,27847871
태국,부산광역시,202211,2.643,22183573
태국,부산광역시,202212,4.625,23430786
태국,부산광역시,202301,1.761,20860468
태국,부산광역시,202302,1.662,17778101
태국,부산광역시,202303,2.049,36709994
태국,부산광역시,202304,4.343,42905278
태국,부산광역시,202305,2.78,40524489
태국,부산광역시,202306,2.319,43372470
태국,부산광역시,202307,1.623,40911650
태국,부산광역시,202308,0.947,40115026
태국,부산광역시,202309,1.82,45919424
태국,부산광역시,202310,2.554,59233113
태국,부산광역시,202311,2.168,50685242
태국,부산광역시,202312,2.498,39902433
태국,부산광역시,202401,1.484,32365065
태국,부산광역시,202402,1.049,36359330
태국,부산광역시,202403,2.218,52560544
태국,부산광역시,202404,2.712,61725432
태국,부산광역시,202405,2.224,60294435
태국,부산광역시,202406,1.588,62878027
태국,부산광역시,202407,1.276,57962831
태국,부산광역시,202408,0.693,63552819
태국,부산광역시,202409,1.091,62696905
태국,부산광역시,202410,2.337,76103678
태국,부산광역시,202411,1.922,66722845
태국,부산광역시,202412,2.03,61108911
태국,부산광역시,202501,1.079,48400799
태국,부산광역시,202502,1.247,44993319
태국,부산광역시,202503,1.729,73426059
태국,부산광역시,202504,2.289,84063690
태국,부산광역시,202505,1.416,80879384
태국,부산광역시,202506,0.878,79987222
태국,부산광역시,202507,0.582,80326942
태국,부산광역시,202508,0.446,90576046
태국,부산광역시,202509,0.838,86198909
태국,부산광역시,202510,1.341,91543923
태국,부산광역시,202511,1.494,95535873
태국,부산광역시,202512,2.409,83702991
태국,부산광역시,202601,1.652,61552520
태국,부산광역시,202602,0.804,64227494
태국,부산광역시,202603,1.473,96186178
태국,부산광역시,202604,1.946,119139636
태국,부산광역시,202605,0.968,132062354
태국,부산광역시,202606,0.661,137058290
태국,부산광역시,202607,0.489,132023883
태국,서울특별시,202001,2.434,351349914
태국,서울특별시,202002,3.325,186462860
태국,서울특별시,202003,0.876,43849949
태국,서울특별시,202004,1.936,34676869
태국,서울특별시,202005,1.389,33858325
태국,서울특별시,202006,0.987,37028633
태국,서울특별시,202007,0.819,43712654
태국,서울특별시,202008,1.459,39282050
태국,서울특별시,202009,0.672,39443955
태국,서울특별시,202010,0.739,42329231
태국,서울특별시,202011,0.709,41938892
태국,서울특별시,202012,1.133,39469949
태국,서울특별시,202101,0.844,32768838
태국,서울특별시,202102,0.9,29437112
태국,서울특별시,202103,0.732,37218185
태국,서울특별시,202104,0.826,38453656
태국,서울특별시,202105,0.595,42655666
태국,서울특별시,202106,0.841,44200065
태국,서울특별시,202107,0.483,46333460
태국,서울특별시,202108,0.671,45953789
태국,서울특별시,202109,0.684,46462033
태국,서울특별시,202110,0.807,60146491
태국,서울특별시,202111,0.945,61312648
태국,서울특별시,202112,0.857,55556780
태국,서울특별시,202201,1.208,37233687
태국,서울특별시,202202,1.187,41740183
태국,서울특별시,202203,1.08,52489582
태국,서울특별시,202204,3.072,82787820
태국,서울특별시,202205,5.374,119198139
태국,서울특별시,202206,4.924,140103704
태국,서울특별시,202207,5.659,177203092
태국,서울특별시,202208,3.524,169983773
태국,서울특별시,202209,3.76,212086989
태국,서울특별시,202210,6.086,304980066
태국,서울특별시,202211,5.186,270592589
태국,서울특별시,202212,6.71,297572881
태국,서울특별시,202301,4.99,210305200
태국,서울특별시,202302,5.297,210512050
태국,서울특별시,202303,5.002,321840042
태국,서울특별시,202304,7.077,415433479
태국,서울특별시,202305,4.626,412234471
태국,서울특별시,202306,3.582,417665934
태국,서울특별시,202307,3.469,415219254
태국,서울특별시,202308,2.251,384863562
태국,서울특별시,202309,2.741,433743600
태국,서울특별시,202310,4.453,521251054
태국,서울특별시,202311,4.056,490472331
태국,서울특별시,202312,3.487,457134138
태국,서울특별시,202401,2.685,363272597
태국,서울특별시,202402,3.208,338992845
태국,서울특별시,202403,3.018,513952690
태국,서울특별시,202404,4.854,596867997
태국,서울특별시,202405,3.147,577373050
태국,서울특별시,202406,2.031,579653181
태국,서울특별시,202407,2.056,528084485
태국,서울특별시,202408,1.499,522567314
태국,서울특별시,202409,1.73,566392993
태국,서울특별시,202410,3.502,708093147
태국,서울특별시,202411,2.57,645600829
태국,서울특별시,202412,2.96,614298283
태국,서울특별시,202501,2.097,450653879
태국,서울특별시,202502,2.47,431650489
태국,서울특별시,202503,2.614,656703454
태국,서울특별시,202504,3.435,797175308
태국,서울특별시,202505,2.579,723803910
태국,서울특별시,202506,1.738,700434505
태국,서울특별시,202507,1.895,660754990
태국,서울특별시,202508,1.327,653346105
태국,서울특별시,202509,1.808,740909635
태국,서울특별시,202510,3.105,790881853
태국,서울특별시,202511,2.594,852396002
태국,서울특별시,202512,3.234,849501601
태국,서울특별시,202601,2.221,627754741
태국,서울특별시,202602,2.771,559644308
태국,서울특별시,202603,2.718,956896757
태국,서울특별시,202604,3.411,1153017696
태국,서울특별시,202605,1.955,1204071105
태국,서울특별시,202606,1.499,1176519303
태국,서울특별시,202607,1.351,1070717487
태국,세종특별자치시,202001,1.353,64317
태국,세종특별자치시,202002,1.142,66284
태국,세종특별자치시,202003,1.407,63695
태국,세종특별자치시,202004,0.966,49693
태국,세종특별자치시,202005,0.263,62815
태국,세종특별자치시,202006,0.865,88180
태국,세종특별자치시,202007,0.512,77623
태국,세종특별자치시,202008,0.657,88948
태국,세종특별자치시,202009,0.357,112786
태국,세종특별자치시,202010,0.026,94456
태국,세종특별자치시,202011,0.069,85060
태국,세종특별자치시,202012,0.467,100225
태국,세종특별자치시,202101,0.08,83460
태국,세종특별자치시,202102,0.0,68653
태국,세종특별자치시,202103,0.039,90482
태국,세종특별자치시,202104,0.011,95109
태국,세종특별자치시,202105,0.24,101820
태국,세종특별자치시,202106,0.0,99538
태국,세종특별자치시,202107,0.263,130509
태국,세종특별자치시,202108,0.0,107684
태국,세종특별자치시,202109,0.233,136090
태국,세종특별자치시,202110,1.034,149825
태국,세종특별자치시,202111,0.962,108293
태국,세종특별자치시,202112,0.767,102706
태국,세종특별자치시,202201,0.421,93837
태국,세종특별자치시,202202,0.173,104695
태국,세종특별자치시,202203,0.167,147603
태국,세종특별자치시,202204,1.187,147490
태국,세종특별자치시,202205,0.711,192436
태국,세종특별자치시,202206,0.946,189772
태국,세종특별자치시,202207,0.578,199021
태국,세종특별자치시,202208,0.998,181550
태국,세종특별자치시,202209,0.334,184511
태국,세종특별자치시,202210,1.538,207460
태국,세종특별자치시,202211,0.525,191596
태국,세종특별자치시,202212,0.883,197546
태국,세종특별자치시,202301,1.045,136147
태국,세종특별자치시,202302,0.625,126770
태국,세종특별자치시,202303,0.479,186143
태국,세종특별자치시,202304,0.524,204717
태국,세종특별자치시,202305,0.444,209806
태국,세종특별자치시,202306,0.419,232631
태국,세종특별자치시,202307,0.334,288130
태국,세종특별자치시,202308,0.775,259533
태국,세종특별자치시,202309,0.228,278786
태국,세종특별자치시,202310,0.344,378052
태국,세종특별자치시,202311,0.949,282833
태국,세종특별자치시,202312,0.199,271706
태국,세종특별자치시,202401,1.134,235974
태국,세종특별자치시,202402,0.367,231949
태국,세종특별자치시,202403,0.176,349046
태국,세종특별자치시,202404,0.374,265549
태국,세종특별자치시,202405,0.48,293967
태국,세종특별자치시,202406,1.332,328780
태국,세종특별자치시,202407,0.429,297976
태국,세종특별자치시,202408,1.301,280268
태국,세종특별자치시,202409,0.685,313997
태국,세종특별자치시,202410,0.911,472628
태국,세종특별자치시,202411,1.125,399379
태국,세종특별자치시,202412,0.544,358502
태국,세종특별자치시,202501,0.788,233782
태국,세종특별자치시,202502,1.103,256352
태국,세종특별자치시,202503,0.793,354102
태국,세종특별자치시,202504,0.965,444655
태국,세종특별자치시,202505,0.459,435469
태국,세종특별자치시,202506,0.536,449899
태국,세종특별자치시,202507,1.004,367111
태국,세종특별자치시,202508,0.367,359805
태국,세종특별자치시,202509,0.652,465624
태국,세종특별자치시,202510,0.4,439217
태국,세종특별자치시,202511,0.352,437263
태국,세종특별자치시,202512,0.811,453078
태국,세종특별자치시,202601,0.422,434369
태국,세종특별자치시,202602,0.647,347530
태국,세종특별자치시,202603,0.425,842369
태국,세종특별자치시,202604,0.303,909421
태국,세종특별자치시,202605,0.253,1137264
태국,세종특별자치시,202606,0.347,918755
태국,세종특별자치시,202607,0.25,731197
태국,울산광역시,202001,1.055,1030480
태국,울산광역시,202002,1.451,859576
태국,울산광역시,202003,2.031,246587
태국,울산광역시,202004,2.098,243234
태국,울산광역시,202005,2.246,333803
태국,울산광역시,202006,1.643,379736
태국,울산광역시,202007,1.353,514134
태국,울산광역시,202008,0.733,533550
태국,울산광역시,202009,0.762,555487
태국,울산광역시,202010,0.53,717606
태국,울산광역시,202011,0.464,604882
태국,울산광역시,202012,0.171,536501
태국,울산광역시,202101,0.865,428175
태국,울산광역시,202102,0.151,432120
태국,울산광역시,202103,0.578,573704
태국,울산광역시,202104,0.827,552655
태국,울산광역시,202105,0.369,433813
태국,울산광역시,202106,0.228,506938
태국,울산광역시,202107,0.384,471921
태국,울산광역시,202108,0.499,428368
태국,울산광역시,202109,1.565,500889
태국,울산광역시,202110,0.189,628371
태국,울산광역시,202111,0.315,623740
태국,울산광역시,202112,0.847,541909
태국,울산광역시,202201,0.485,479189
태국,울산광역시,202202,0.402,568374
태국,울산광역시,202203,3.518,513762
태국,울산광역시,202204,1.42,708778
태국,울산광역시,202205,0.338,1137634
태국,울산광역시,202206,1.201,1030398
태국,울산광역시,202207,0.603,1005313
태국,울산광역시,202208,0.922,797112
태국,울산광역시,202209,1.06,787754
태국,울산광역시,202210,1.256,1426623
태국,울산광역시,202211,1.436,1126637
태국,울산광역시,202212,1.877,892663
태국,울산광역시,202301,1.149,791295
태국,울산광역시,202302,1.501,970803
태국,울산광역시,202303,1.337,1218074
태국,울산광역시,202304,0.915,1176379
태국,울산광역시,202305,1.177,1288435
태국,울산광역시,202306,1.155,1516414
태국,울산광역시,202307,1.104,1217172
태국,울산광역시,202308,0.72,1072548
태국,울산광역시,202309,2.972,1313037
태국,울산광역시,202310,1.893,1446957
태국,울산광역시,202311,0.683,1519786
태국,울산광역시,202312,0.724,1304195
태국,울산광역시,202401,0.921,1074246
태국,울산광역시,202402,1.485,1103702
태국,울산광역시,202403,1.425,1241361
태국,울산광역시,202404,1.532,1397576
태국,울산광역시,202405,1.466,1491798
태국,울산광역시,202406,1.709,1680416
태국,울산광역시,202407,1.107,1475713
태국,울산광역시,202408,0.873,1364388
태국,울산광역시,202409,1.209,1606974
태국,울산광역시,202410,1.038,1867704
태국,울산광역시,202411,2.257,1739352
태국,울산광역시,202412,0.717,1440369
태국,울산광역시,202501,0.909,1243965
태국,울산광역시,202502,1.314,1452139
태국,울산광역시,202503,1.194,1615356
태국,울산광역시,202504,1.489,1697997
태국,울산광역시,202505,0.889,1812556
태국,울산광역시,202506,1.32,1760908
태국,울산광역시,202507,1.05,1779861
태국,울산광역시,202508,1.864,1641708
태국,울산광역시,202509,1.042,2003916
태국,울산광역시,202510,1.098,2385567
태국,울산광역시,202511,4.003,2052937
태국,울산광역시,202512,0.839,1738462
태국,울산광역시,202601,0.677,1790499
태국,울산광역시,202602,0.517,1623934
태국,울산광역시,202603,1.319,2538225
태국,울산광역시,202604,0.8,2619361
태국,울산광역시,202605,0.911,2852809
태국,울산광역시,202606,0.578,2580985
태국,울산광역시,202607,0.964,2475254
태국,인천광역시,202001,1.748,39240477
태국,인천광역시,202002,2.023,29624915
태국,인천광역시,202003,0.807,6884005
태국,인천광역시,202004,0.808,4151206
태국,인천광역시,202005,1.028,5340178
태국,인천광역시,202006,0.636,5098783
태국,인천광역시,202007,0.41,5958797
태국,인천광역시,202008,0.678,6155165
태국,인천광역시,202009,0.364,5264410
태국,인천광역시,202010,0.638,4944903
태국,인천광역시,202011,0.337,5096223
태국,인천광역시,202012,0.588,4621835
태국,인천광역시,202101,0.532,4438393
태국,인천광역시,202102,0.447,4114931
태국,인천광역시,202103,0.474,5501276
태국,인천광역시,202104,0.768,5274493
태국,인천광역시,202105,0.591,5353902
태국,인천광역시,202106,0.687,5835522
태국,인천광역시,202107,0.577,6312824
태국,인천광역시,202108,0.53,7126769
태국,인천광역시,202109,0.373,6282857
태국,인천광역시,202110,0.85,6604230
태국,인천광역시,202111,1.011,6066065
태국,인천광역시,202112,1.064,5891166
태국,인천광역시,202201,1.263,5459172
태국,인천광역시,202202,1.307,5143558
태국,인천광역시,202203,2.08,6046092
태국,인천광역시,202204,2.216,7449695
태국,인천광역시,202205,4.805,11196435
태국,인천광역시,202206,2.794,11559169
태국,인천광역시,202207,2.549,15764295
태국,인천광역시,202208,1.59,19401538
태국,인천광역시,202209,1.762,22419964
태국,인천광역시,202210,2.499,30147113
태국,인천광역시,202211,2.233,30567090
태국,인천광역시,202212,2.194,32166750
태국,인천광역시,202301,2.315,29577169
태국,인천광역시,202302,2.165,24914946
태국,인천광역시,202303,2.232,34281547
태국,인천광역시,202304,2.579,39933049
태국,인천광역시,202305,1.816,45780188
태국,인천광역시,202306,1.451,40069327
태국,인천광역시,202307,1.113,39194473
태국,인천광역시,202308,1.159,39503860
태국,인천광역시,202309,1.307,38106054
태국,인천광역시,202310,1.711,37172117
태국,인천광역시,202311,1.374,39485997
태국,인천광역시,202312,1.482,37560298
태국,인천광역시,202401,1.191,37425072
태국,인천광역시,202402,1.128,35382988
태국,인천광역시,202403,1.22,44658871
태국,인천광역시,202404,1.677,50849392
태국,인천광역시,202405,1.147,49231451
태국,인천광역시,202406,0.883,51669567
태국,인천광역시,202407,0.89,48614639
태국,인천광역시,202408,0.729,58676086
태국,인천광역시,202409,0.879,56377405
태국,인천광역시,202410,1.502,58869497
태국,인천광역시,202411,1.003,63137319
태국,인천광역시,202412,1.072,58969792
태국,인천광역시,202501,0.908,55783820
태국,인천광역시,202502,1.057,48820737
태국,인천광역시,202503,0.902,67370520
태국,인천광역시,202504,1.415,71292389
태국,인천광역시,202505,1.033,70117431
태국,인천광역시,202506,0.999,65222046
태국,인천광역시,202507,0.908,71986641
태국,인천광역시,202508,0.833,75482615
태국,인천광역시,202509,1.009,71390473
태국,인천광역시,202510,1.587,70596490
태국,인천광역시,202511,1.389,76649920
태국,인천광역시,202512,1.342,78597496
태국,인천광역시,202601,1.254,70514766
태국,인천광역시,202602,1.063,62318376
태국,인천광역시,202603,1.454,92648542
태국,인천광역시,202604,1.65,102065502
태국,인천광역시,202605,1.139,115499816
태국,인천광역시,202606,0.887,101419421
태국,인천광역시,202607,1.29,97776030
태국,전라남도,202001,1.94,583633
태국,전라남도,202002,1.423,623651
태국,전라남도,202003,2.502,366065
태국,전라남도,202004,2.538,285929
태국,전라남도,202005,1.749,361631
태국,전라남도,202006,1.909,387968
태국,전라남도,202007,1.759,439218
태국,전라남도,202008,1.278,452109
태국,전라남도,202009,2.118,463957
태국,전라남도,202010,1.536,433331
태국,전라남도,202011,1.932,503568
태국,전라남도,202012,2.057,510370
태국,전라남도,202101,1.092,463978
태국,전라남도,202102,1.109,449798
태국,전라남도,202103,1.405,543792
태국,전라남도,202104,1.451,536818
태국,전라남도,202105,1.349,654641
태국,전라남도,202106,2.025,519111
태국,전라남도,202107,1.866,629147
태국,전라남도,202108,1.384,558467
태국,전라남도,202109,1.375,610420
태국,전라남도,202110,1.311,625137
태국,전라남도,202111,1.595,576692
태국,전라남도,202112,2.883,485430
태국,전라남도,202201,1.72,388729
태국,전라남도,202202,1.095,364419
태국,전라남도,202203,1.185,553861
태국,전라남도,202204,1.168,710583
태국,전라남도,202205,0.759,1112743
태국,전라남도,202206,1.213,1075249
태국,전라남도,202207,1.729,1111025
태국,전라남도,202208,1.277,1004698
태국,전라남도,202209,1.505,1151022
태국,전라남도,202210,1.193,1653345
태국,전라남도,202211,1.764,1224057
태국,전라남도,202212,2.146,1011386
태국,전라남도,202301,2.82,856454
태국,전라남도,202302,18.437,1022613
태국,전라남도,202303,1.704,1103580
태국,전라남도,202304,4.394,1603619
태국,전라남도,202305,2.068,1739300
태국,전라남도,202306,1.496,1494113
태국,전라남도,202307,1.8,1796531
태국,전라남도,202308,1.285,1639083
태국,전라남도,202309,2.212,1528203
태국,전라남도,202310,1.328,2264966
태국,전라남도,202311,1.499,1916644
태국,전라남도,202312,2.803,1224327
태국,전라남도,202401,2.074,1170536
태국,전라남도,202402,2.458,1034365
태국,전라남도,202403,1.725,1599255
태국,전라남도,202404,1.47,1752083
태국,전라남도,202405,1.591,1906712
태국,전라남도,202406,1.339,1844135
태국,전라남도,202407,1.642,1694904
태국,전라남도,202408,1.553,1778913
태국,전라남도,202409,1.456,1886447
태국,전라남도,202410,1.144,2822530
태국,전라남도,202411,1.863,1929094
태국,전라남도,202412,1.674,1557816
태국,전라남도,202501,2.382,1146965
태국,전라남도,202502,3.049,1037483
태국,전라남도,202503,1.343,1644483
태국,전라남도,202504,1.617,1940745
태국,전라남도,202505,1.586,1951796
태국,전라남도,202506,1.222,1787002
태국,전라남도,202507,1.82,1793190
태국,전라남도,202508,1.38,1617032
태국,전라남도,202509,1.807,1771918
태국,전라남도,202510,1.326,2378630
태국,전라남도,202511,2.159,1919324
태국,전라남도,202512,1.766,1679487
태국,전라남도,202601,2.608,1209089
태국,전라남도,202602,3.093,1027259
태국,전라남도,202603,1.433,2031826
태국,전라남도,202604,1.82,2855424
태국,전라남도,202605,1.068,3235000
태국,전라남도,202606,1.196,2573585
태국,전북특별자치도,202001,0.832,1333395
태국,전북특별자치도,202002,0.789,1114422
태국,전북특별자치도,202003,0.379,797656
태국,전북특별자치도,202004,0.66,832515
태국,전북특별자치도,202005,0.596,975668
태국,전북특별자치도,202006,0.573,1058451
태국,전북특별자치도,202007,0.315,1197816
태국,전북특별자치도,202008,0.349,1129207
태국,전북특별자치도,202009,0.413,1209394
태국,전북특별자치도,202010,0.584,1401127
태국,전북특별자치도,202011,0.369,1193213
태국,전북특별자치도,202012,0.304,1271228
태국,전북특별자치도,202101,0.39,738913
태국,전북특별자치도,202102,0.362,987248
태국,전북특별자치도,202103,0.298,1242632
태국,전북특별자치도,202104,0.193,1109806
태국,전북특별자치도,202105,0.248,1153879
태국,전북특별자치도,202106,0.154,1082469
태국,전북특별자치도,202107,0.182,924143
태국,전북특별자치도,202108,0.211,1117399
태국,전북특별자치도,202109,4.525,1063909
태국,전북특별자치도,202110,0.321,1377945
태국,전북특별자치도,202111,0.428,1191121
태국,전북특별자치도,202112,0.348,1129260
태국,전북특별자치도,202201,0.609,678550
태국,전북특별자치도,202202,0.382,839365
태국,전북특별자치도,202203,0.57,1039727
태국,전북특별자치도,202204,1.075,1378053
태국,전북특별자치도,202205,0.692,1663963
태국,전북특별자치도,202206,0.474,1681150
태국,전북특별자치도,202207,1.284,1793605
태국,전북특별자치도,202208,0.74,1683674
태국,전북특별자치도,202209,0.596,1882427
태국,전북특별자치도,202210,0.576,2435493
태국,전북특별자치도,202211,0.685,2006969
태국,전북특별자치도,202212,0.97,2033745
태국,전북특별자치도,202301,0.892,1503122
태국,전북특별자치도,202302,0.936,1511163
태국,전북특별자치도,202303,0.95,1986261
태국,전북특별자치도,202304,1.275,2317869
태국,전북특별자치도,202305,0.781,2555768
태국,전북특별자치도,202306,1.097,2108066
태국,전북특별자치도,202307,0.921,2296588
태국,전북특별자치도,202308,0.708,3091899
태국,전북특별자치도,202309,1.445,2614159
태국,전북특별자치도,202310,0.92,2979950
태국,전북특별자치도,202311,1.186,2640327
태국,전북특별자치도,202312,1.963,2370027
태국,전북특별자치도,202401,1.104,1811830
태국,전북특별자치도,202402,0.839,1845076
태국,전북특별자치도,202403,0.636,2751578
태국,전북특별자치도,202404,0.853,3381202
태국,전북특별자치도,202405,0.753,2847452
태국,전북특별자치도,202406,0.823,2645361
태국,전북특별자치도,202407,1.022,2352558
태국,전북특별자치도,202408,0.646,2848452
태국,전북특별자치도,202409,0.887,2789561
태국,전북특별자치도,202410,1.85,3608646
태국,전북특별자치도,202411,1.336,3131373
태국,전북특별자치도,202412,1.17,2693248
태국,전북특별자치도,202501,1.184,2012546
태국,전북특별자치도,202502,2.539,1957453
태국,전북특별자치도,202503,1.103,2870907
태국,전북특별자치도,202504,1.299,3432085
태국,전북특별자치도,202505,1.14,3348417
태국,전북특별자치도,202506,1.196,2886053
태국,전북특별자치도,202507,0.993,2695172
태국,전북특별자치도,202508,0.697,3080272
태국,전북특별자치도,202509,1.02,3158449
태국,전북특별자치도,202510,0.851,3926359
태국,전북특별자치도,202511,1.062,3788461
태국,전북특별자치도,202512,1.217,3012360
태국,전북특별자치도,202601,1.107,2152761
태국,전북특별자치도,202602,1.256,1940533
태국,전북특별자치도,202603,1.439,4200815
태국,전북특별자치도,202604,1.156,5105190
태국,전북특별자치도,202605,1.052,5002245
태국,전북특별자치도,202606,1.077,4213411
태국,전북특별자치도,202607,0.695,3640232
태국,제주특별자치도,202001,1.586,16953814
태국,제주특별자치도,202002,4.008,6576409
태국,제주특별자치도,202003,0.554,1893958
태국,제주특별자치도,202004,0.473,1467491
태국,제주특별자치도,202005,0.616,1624666
태국,제주특별자치도,202006,0.332,1918372
태국,제주특별자치도,202007,0.302,3198828
태국,제주특별자치도,202008,0.563,2425624
태국,제주특별자치도,202009,0.501,2058316
태국,제주특별자치도,202010,0.435,2310897
태국,제주특별자치도,202011,0.597,2756824
태국,제주특별자치도,202012,0.202,2551444
태국,제주특별자치도,202101,0.201,2691278
태국,제주특별자치도,202102,0.076,6558733
태국,제주특별자치도,202103,0.171,5919175
태국,제주특별자치도,202104,0.565,3242630
태국,제주특별자치도,202105,0.575,3551818
태국,제주특별자치도,202106,0.348,2758804
태국,제주특별자치도,202107,0.172,3147172
태국,제주특별자치도,202108,0.106,2671115
태국,제주특별자치도,202109,0.297,2261274
태국,제주특별자치도,202110,0.217,2338591
태국,제주특별자치도,202111,0.332,1949870
태국,제주특별자치도,202112,0.181,1709569
태국,제주특별자치도,202201,0.481,1542940
태국,제주특별자치도,202202,0.326,1447047
태국,제주특별자치도,202203,0.265,1775486
태국,제주특별자치도,202204,0.328,2550696
태국,제주특별자치도,202205,0.487,4302178
태국,제주특별자치도,202206,0.695,5725830
태국,제주특별자치도,202207,1.173,6570464
태국,제주특별자치도,202208,1.793,6588763
태국,제주특별자치도,202209,1.038,6343912
태국,제주특별자치도,202210,2.322,9198813
태국,제주특별자치도,202211,2.179,9180067
태국,제주특별자치도,202212,3.058,8820287
태국,제주특별자치도,202301,8.877,5717465
태국,제주특별자치도,202302,4.878,4931297
태국,제주특별자치도,202303,3.248,9317058
태국,제주특별자치도,202304,2.28,16147481
태국,제주특별자치도,202305,0.432,18864066
태국,제주특별자치도,202306,0.436,19843183
태국,제주특별자치도,202307,0.383,21924251
태국,제주특별자치도,202308,0.106,22160734
태국,제주특별자치도,202309,0.214,19004995
태국,제주특별자치도,202310,0.7,22645169
태국,제주특별자치도,202311,0.295,15883326
태국,제주특별자치도,202312,0.391,13821408
태국,제주특별자치도,202401,0.259,12868777
태국,제주특별자치도,202402,0.281,13936300
태국,제주특별자치도,202403,0.395,20896016
태국,제주특별자치도,202404,0.795,24199957
태국,제주특별자치도,202405,0.486,27797408
태국,제주특별자치도,202406,0.243,27714610
태국,제주특별자치도,202407,0.247,26096069
태국,제주특별자치도,202408,0.116,32396272
태국,제주특별자치도,202409,0.122,26183271
태국,제주특별자치도,202410,0.397,30564027
태국,제주특별자치도,202411,0.409,19535349
태국,제주특별자치도,202412,0.396,17498506
태국,제주특별자치도,202501,0.256,14683888
태국,제주특별자치도,202502,0.309,12882091
태국,제주특별자치도,202503,0.375,19457298
태국,제주특별자치도,202504,0.655,27402378
태국,제주특별자치도,202505,0.561,30579102
태국,제주특별자치도,202506,0.679,30337369
태국,제주특별자치도,202507,0.947,31975448
태국,제주특별자치도,202508,0.743,35144954
태국,제주특별자치도,202509,1.036,35062337
태국,제주특별자치도,202510,0.87,36477143
태국,제주특별자치도,202511,1.092,29505069
태국,제주특별자치도,202512,0.954,29202077
태국,제주특별자치도,202601,1.027,25296524
태국,제주특별자치도,202602,1.035,25805992
태국,제주특별자치도,202603,0.414,45101409
태국,제주특별자치도,202604,0.408,58491450
태국,제주특별자치도,202605,0.147,65310651
태국,제주특별자치도,202606,0.176,64840846
태국,제주특별자치도,202607,0.102,58942422
태국,충청남도,202001,1.458,1334027
태국,충청남도,202002,1.013,1380849
태국,충청남도,202003,1.465,775081
태국,충청남도,202004,1.3,762743
태국,충청남도,202005,1.562,894786
태국,충청남도,202006,1.218,982331
태국,충청남도,202007,1.058,1158301
태국,충청남도,202008,0.766,1119120
태국,충청남도,202009,0.75,1228303
태국,충청남도,202010,0.714,1304182
태국,충청남도,202011,0.824,1251465
태국,충청남도,202012,0.461,1265414
태국,충청남도,202101,0.922,1102678
태국,충청남도,202102,0.986,1146254
태국,충청남도,202103,0.543,1464005
태국,충청남도,202104,0.748,1304082
태국,충청남도,202105,0.896,1400040
태국,충청남도,202106,0.678,1435169
태국,충청남도,202107,0.713,1685535
태국,충청남도,202108,0.812,1456537
태국,충청남도,202109,0.746,1463872
태국,충청남도,202110,1.072,1619455
태국,충청남도,202111,0.709,1491985
태국,충청남도,202112,0.766,1436324
태국,충청남도,202201,0.861,1049615
태국,충청남도,202202,0.995,1104871
태국,충청남도,202203,0.563,1312818
태국,충청남도,202204,1.047,1574057
태국,충청남도,202205,0.727,1705509
태국,충청남도,202206,1.277,1761317
태국,충청남도,202207,0.998,2034812
태국,충청남도,202208,1.673,1808515
태국,충청남도,202209,1.094,1982145
태국,충청남도,202210,1.272,2208803
태국,충청남도,202211,1.358,1908865
태국,충청남도,202212,2.198,1802679
태국,충청남도,202301,2.252,1506740
태국,충청남도,202302,1.862,1452652
태국,충청남도,202303,1.795,2103398
태국,충청남도,202304,1.316,2418657
태국,충청남도,202305,1.391,2335855
태국,충청남도,202306,1.292,2354172
태국,충청남도,202307,1.168,2509251
태국,충청남도,202308,0.856,2474937
태국,충청남도,202309,1.383,2560494
태국,충청남도,202310,1.252,2818268
태국,충청남도,202311,1.299,2496716
태국,충청남도,202312,1.918,2254930
태국,충청남도,202401,1.129,2092859
태국,충청남도,202402,1.406,1968567
태국,충청남도,202403,1.152,2851233
태국,충청남도,202404,1.231,2848009
태국,충청남도,202405,1.241,3123683
태국,충청남도,202406,1.396,3249690
태국,충청남도,202407,1.436,2894318
태국,충청남도,202408,0.965,3045661
태국,충청남도,202409,1.649,3091321
태국,충청남도,202410,1.073,3499964
태국,충청남도,202411,1.052,3087549
태국,충청남도,202412,1.355,2987013
태국,충청남도,202501,1.48,2606924
태국,충청남도,202502,1.085,2430097
태국,충청남도,202503,1.147,3555490
태국,충청남도,202504,1.392,3523510
태국,충청남도,202505,0.983,3618449
태국,충청남도,202506,1.141,3478701
태국,충청남도,202507,1.121,3273725
태국,충청남도,202508,0.81,3303791
태국,충청남도,202509,0.961,3389344
태국,충청남도,202510,1.111,3954473
태국,충청남도,202511,1.329,3688029
태국,충청남도,202512,1.474,3687818
태국,충청남도,202601,1.005,3298751
태국,충청남도,202602,1.013,2864059
태국,충청남도,202603,0.849,4577770
태국,충청남도,202604,1.12,4652509
태국,충청남도,202605,1.055,5331602
태국,충청남도,202606,0.79,5094334
태국,충청남도,202607,0.942,5248787
태국,충청북도,202001,1.53,947201
태국,충청북도,202002,0.855,827379
태국,충청북도,202003,1.424,597220
태국,충청북도,202004,2.621,378954
태국,충청북도,202005,1.755,503781
태국,충청북도,202006,1.892,639045
태국,충청북도,202007,1.671,666192
태국,충청북도,202008,2.533,643938
태국,충청북도,202009,1.751,693649
태국,충청북도,202010,1.391,658969
태국,충청북도,202011,1.875,704941
태국,충청북도,202012,1.749,577083
태국,충청북도,202101,1.246,522203
태국,충청북도,202102,1.468,524491
태국,충청북도,202103,1.268,701737
태국,충청북도,202104,1.389,742850
태국,충청북도,202105,1.817,794317
태국,충청북도,202106,0.883,836714
태국,충청북도,202107,0.838,1001109
태국,충청북도,202108,2.022,851995
태국,충청북도,202109,1.524,885012
태국,충청북도,202110,1.235,972225
태국,충청북도,202111,1.435,804203
태국,충청북도,202112,1.768,634527
태국,충청북도,202201,1.739,431773
태국,충청북도,202202,1.32,649045
태국,충청북도,202203,1.966,732808
태국,충청북도,202204,2.434,861444
태국,충청북도,202205,2.373,1044427
태국,충청북도,202206,2.016,1083064
태국,충청북도,202207,1.85,1077221
태국,충청북도,202208,2.2,897050
태국,충청북도,202209,1.824,1051246
태국,충청북도,202210,2.612,1242307
태국,충청북도,202211,2.472,1136303
태국,충청북도,202212,3.858,1122132
태국,충청북도,202301,3.173,857362
태국,충청북도,202302,2.917,951407
태국,충청북도,202303,3.528,1317933
태국,충청북도,202304,3.36,1448432
태국,충청북도,202305,2.803,1419061
태국,충청북도,202306,2.148,1457671
태국,충청북도,202307,2.369,1400110
태국,충청북도,202308,1.817,1371490
태국,충청북도,202309,2.067,1643990
태국,충청북도,202310,2.696,1912155
태국,충청북도,202311,2.305,1831910
태국,충청북도,202312,2.821,1467470
태국,충청북도,202401,2.435,1260188
태국,충청북도,202402,3.843,1136918
태국,충청북도,202403,2.186,1663265
태국,충청북도,202404,2.519,1801540
태국,충청북도,202405,1.971,1670419
태국,충청북도,202406,1.685,1762750
태국,충청북도,202407,2.616,1525908
태국,충청북도,202408,1.795,1520513
태국,충청북도,202409,1.311,2117698
태국,충청북도,202410,1.881,2463487
태국,충청북도,202411,1.635,2256404
태국,충청북도,202412,2.235,1859666
태국,충청북도,202501,2.34,1428974
태국,충청북도,202502,1.951,1292252
태국,충청북도,202503,1.66,2154366
태국,충청북도,202504,2.316,2251397
태국,충청북도,202505,1.471,2423617
태국,충청북도,202506,1.877,2215573
태국,충청북도,202507,1.334,2145786
태국,충청북도,202508,1.198,2018351
태국,충청북도,202509,1.264,2715386
태국,충청북도,202510,1.709,2827567
태국,충청북도,202511,0.684,4794017
태국,충청북도,202512,1.482,2507636
태국,충청북도,202601,1.901,1719902
태국,충청북도,202602,1.935,1632033
태국,충청북도,202603,1.081,3817708
태국,충청북도,202604,1.083,3853376
태국,충청북도,202605,1.04,4268131
태국,충청북도,202606,0.865,3818687
태국,충청북도,202607,1.253,3195775
홍콩,강원특별자치도,202001,12.784,5672147
홍콩,강원특별자치도,202002,8.758,2369131
홍콩,강원특별자치도,202003,2.503,673829
홍콩,강원특별자치도,202004,3.909,668254
홍콩,강원특별자치도,202005,3.808,751476
홍콩,강원특별자치도,202006,3.943,829504
홍콩,강원특별자치도,202007,3.503,1198248
홍콩,강원특별자치도,202008,4.294,1094231
홍콩,강원특별자치도,202009,3.094,1075294
홍콩,강원특별자치도,202010,3.174,1170418
홍콩,강원특별자치도,202011,1.849,962200
홍콩,강원특별자치도,202012,2.813,861894
홍콩,강원특별자치도,202101,3.656,749368
홍콩,강원특별자치도,202102,2.783,1064215
홍콩,강원특별자치도,202103,2.036,869103
홍콩,강원특별자치도,202104,3.463,867159
홍콩,강원특별자치도,202105,4.076,1118353
홍콩,강원특별자치도,202106,2.629,1102241
홍콩,강원특별자치도,202107,2.06,1531474
홍콩,강원특별자치도,202108,2.967,1309439
홍콩,강원특별자치도,202109,2.364,1354214
홍콩,강원특별자치도,202110,3.46,1357771
홍콩,강원특별자치도,202111,2.85,1232315
홍콩,강원특별자치도,202112,2.482,1505838
홍콩,강원특별자치도,202201,2.724,1131981
홍콩,강원특별자치도,202202,1.763,1222613
홍콩,강원특별자치도,202203,2.455,1118199
홍콩,강원특별자치도,202204,2.593,1616237
홍콩,강원특별자치도,202205,1.974,2323166
홍콩,강원특별자치도,202206,1.808,2282525
홍콩,강원특별자치도,202207,2.837,2794204
홍콩,강원특별자치도,202208,2.607,2788137
홍콩,강원특별자치도,202209,1.796,3223648
홍콩,강원특별자치도,202210,2.353,3578243
홍콩,강원특별자치도,202211,1.848,2501660
홍콩,강원특별자치도,202212,9.342,5414833
홍콩,강원특별자치도,202301,11.626,3909861
홍콩,강원특별자치도,202302,3.482,2816591
홍콩,강원특별자치도,202303,2.151,2470977
홍콩,강원특별자치도,202304,2.773,3532632
홍콩,강원특별자치도,202305,1.751,3503293
홍콩,강원특별자치도,202306,1.817,3603632
홍콩,강원특별자치도,202307,4.487,3721307
홍콩,강원특별자치도,202308,2.601,4359043
홍콩,강원특별자치도,202309,1.989,3500794
홍콩,강원특별자치도,202310,2.203,4676423
홍콩,강원특별자치도,202311,1.845,3003481
홍콩,강원특별자치도,202312,10.065,6519994
홍콩,강원특별자치도,202401,4.189,5752507
홍콩,강원특별자치도,202402,12.813,4698338
홍콩,강원특별자치도,202403,2.609,2990382
홍콩,강원특별자치도,202404,2.026,3384418
홍콩,강원특별자치도,202405,2.519,3632763
홍콩,강원특별자치도,202406,1.87,5501989
홍콩,강원특별자치도,202407,3.176,3813270
홍콩,강원특별자치도,202408,3.448,4383123
홍콩,강원특별자치도,202409,2.59,4123483
홍콩,강원특별자치도,202410,2.17,5567470
홍콩,강원특별자치도,202411,2.235,3485011
홍콩,강원특별자치도,202412,10.123,7020599
홍콩,강원특별자치도,202501,8.849,5830564
홍콩,강원특별자치도,202502,6.218,4362570
홍콩,강원특별자치도,202503,2.125,3049864
홍콩,강원특별자치도,202504,2.436,3929638
홍콩,강원특별자치도,202505,2.148,4170550
홍콩,강원특별자치도,202506,2.526,4183558
홍콩,강원특별자치도,202507,4.409,4721259
홍콩,강원특별자치도,202508,4.943,4826066
홍콩,강원특별자치도,202509,2.468,3782946
홍콩,강원특별자치도,202510,2.498,5906202
홍콩,강원특별자치도,202511,2.243,4278026
홍콩,강원특별자치도,202512,8.514,8755272
홍콩,강원특별자치도,202601,4.774,6059742
홍콩,강원특별자치도,202602,8.626,6264365
홍콩,강원특별자치도,202603,1.939,4592667
홍콩,강원특별자치도,202604,2.767,6626635
홍콩,강원특별자치도,202605,2.171,7482784
홍콩,강원특별자치도,202606,1.941,7250879
홍콩,강원특별자치도,202607,4.069,6562572
홍콩,경기도,202001,1.679,35645465
홍콩,경기도,202002,1.401,27841973
홍콩,경기도,202003,1.763,13130988
홍콩,경기도,202004,2.613,10713056
홍콩,경기도,202005,2.184,14367337
홍콩,경기도,202006,1.732,15897945
홍콩,경기도,202007,2.028,18589907
홍콩,경기도,202008,1.741,17324322
홍콩,경기도,202009,1.972,18038518
홍콩,경기도,202010,1.671,20525355
홍콩,경기도,202011,1.593,19440468
홍콩,경기도,202012,1.316,18171345
홍콩,경기도,202101,1.435,15061376
홍콩,경기도,202102,1.411,16030119
홍콩,경기도,202103,1.548,21243734
홍콩,경기도,202104,1.637,20177076
홍콩,경기도,202105,1.627,22552175
홍콩,경기도,202106,1.896,21665377
홍콩,경기도,202107,1.427,22377770
홍콩,경기도,202108,1.648,22458652
홍콩,경기도,202109,1.844,21827526
홍콩,경기도,202110,1.765,26171074
홍콩,경기도,202111,1.377,24766252
홍콩,경기도,202112,1.159,22160903
홍콩,경기도,202201,1.748,14398933
홍콩,경기도,202202,1.167,17516907
홍콩,경기도,202203,1.847,22015432
홍콩,경기도,202204,1.837,28824957
홍콩,경기도,202205,1.583,33803354
홍콩,경기도,202206,1.484,36079282
홍콩,경기도,202207,1.534,41292078
홍콩,경기도,202208,1.633,37396217
홍콩,경기도,202209,1.407,40441868
홍콩,경기도,202210,1.73,50008197
홍콩,경기도,202211,1.528,44305235
홍콩,경기도,202212,2.078,44771504
홍콩,경기도,202301,2.035,33928781
홍콩,경기도,202302,1.482,34734011
홍콩,경기도,202303,1.722,46279852
홍콩,경기도,202304,2.067,51904071
홍콩,경기도,202305,1.7,53208270
홍콩,경기도,202306,1.709,52541921
홍콩,경기도,202307,2.003,51466523
홍콩,경기도,202308,2.011,48361309
홍콩,경기도,202309,1.754,50869110
홍콩,경기도,202310,1.921,60482191
홍콩,경기도,202311,1.761,56479006
홍콩,경기도,202312,2.121,52219285
홍콩,경기도,202401,1.662,44116233
홍콩,경기도,202402,2.049,42580869
홍콩,경기도,202403,1.93,56484205
홍콩,경기도,202404,2.08,60780313
홍콩,경기도,202405,2.104,59563239
홍콩,경기도,202406,2.074,61094062
홍콩,경기도,202407,2.488,58549297
홍콩,경기도,202408,2.395,58952896
홍콩,경기도,202409,2.198,59671026
홍콩,경기도,202410,2.373,70124218
홍콩,경기도,202411,2.271,68812692
홍콩,경기도,202412,2.779,66943173
홍콩,경기도,202501,2.643,52264894
홍콩,경기도,202502,2.28,50321885
홍콩,경기도,202503,2.417,69989767
홍콩,경기도,202504,2.711,73501735
홍콩,경기도,202505,2.847,74102725
홍콩,경기도,202506,2.658,72088580
홍콩,경기도,202507,2.958,68406089
홍콩,경기도,202508,3.19,66837951
홍콩,경기도,202509,2.562,69996920
홍콩,경기도,202510,2.776,80359800
홍콩,경기도,202511,2.571,84865689
홍콩,경기도,202512,3.655,84098157
홍콩,경기도,202601,2.553,67227887
홍콩,경기도,202602,3.26,58909312
홍콩,경기도,202603,2.433,90937569
홍콩,경기도,202604,2.736,103386696
홍콩,경기도,202605,2.75,106156472
홍콩,경기도,202606,2.465,99772775
홍콩,경기도,202607,2.899,95766721
홍콩,경상남도,202001,0.919,2821024
홍콩,경상남도,202002,1.022,2465061
홍콩,경상남도,202003,0.426,1367780
홍콩,경상남도,202004,1.5,1170629
홍콩,경상남도,202005,1.18,1215736
홍콩,경상남도,202006,1.081,1438797
홍콩,경상남도,202007,1.318,1457613
홍콩,경상남도,202008,1.5,1578318
홍콩,경상남도,202009,1.001,1718017
홍콩,경상남도,202010,1.098,1726256
홍콩,경상남도,202011,1.293,1910519
홍콩,경상남도,202012,1.087,1623108
홍콩,경상남도,202101,0.361,1379973
홍콩,경상남도,202102,1.006,1197886
홍콩,경상남도,202103,0.892,1624495
홍콩,경상남도,202104,0.687,1524906
홍콩,경상남도,202105,1.181,1748554
홍콩,경상남도,202106,1.194,1778325
홍콩,경상남도,202107,1.489,1706786
홍콩,경상남도,202108,1.02,1714196
홍콩,경상남도,202109,1.28,1767239
홍콩,경상남도,202110,1.636,2010019
홍콩,경상남도,202111,1.696,2075463
홍콩,경상남도,202112,0.936,1724010
홍콩,경상남도,202201,1.251,1207730
홍콩,경상남도,202202,1.627,1131395
홍콩,경상남도,202203,1.696,1655939
홍콩,경상남도,202204,1.52,1885531
홍콩,경상남도,202205,1.724,2307618
홍콩,경상남도,202206,0.908,2372788
홍콩,경상남도,202207,1.099,2939674
홍콩,경상남도,202208,0.795,2564154
홍콩,경상남도,202209,1.344,2441127
홍콩,경상남도,202210,1.352,2970887
홍콩,경상남도,202211,1.445,2686769
홍콩,경상남도,202212,0.949,2647160
홍콩,경상남도,202301,1.136,2060247
홍콩,경상남도,202302,0.997,2182245
홍콩,경상남도,202303,0.837,2895481
홍콩,경상남도,202304,1.193,3357719
홍콩,경상남도,202305,0.87,3550822
홍콩,경상남도,202306,0.961,3125441
홍콩,경상남도,202307,1.277,3572787
홍콩,경상남도,202308,1.308,3037381
홍콩,경상남도,202309,0.851,3688791
홍콩,경상남도,202310,0.746,4528625
홍콩,경상남도,202311,0.773,3697889
홍콩,경상남도,202312,1.233,3377265
홍콩,경상남도,202401,0.871,2963043
홍콩,경상남도,202402,1.215,2662662
홍콩,경상남도,202403,1.091,3731943
홍콩,경상남도,202404,1.461,3984774
홍콩,경상남도,202405,0.848,4029045
홍콩,경상남도,202406,1.318,4038907
홍콩,경상남도,202407,1.536,3972599
홍콩,경상남도,202408,1.533,3652409
홍콩,경상남도,202409,1.225,3838137
홍콩,경상남도,202410,1.677,5101272
홍콩,경상남도,202411,1.636,4513885
홍콩,경상남도,202412,1.699,4243213
홍콩,경상남도,202501,1.283,3482656
홍콩,경상남도,202502,1.499,3402645
홍콩,경상남도,202503,1.632,4727271
홍콩,경상남도,202504,1.828,5052865
홍콩,경상남도,202505,1.824,5001888
홍콩,경상남도,202506,1.456,5165059
홍콩,경상남도,202507,1.494,5050696
홍콩,경상남도,202508,1.609,5161201
홍콩,경상남도,202509,1.395,5621069
홍콩,경상남도,202510,1.326,6255197
홍콩,경상남도,202511,0.82,8321967
홍콩,경상남도,202512,1.278,5233360
홍콩,경상남도,202601,0.995,4304159
홍콩,경상남도,202602,1.066,3785557
홍콩,경상남도,202603,0.854,6118737
홍콩,경상남도,202604,1.282,6938692
홍콩,경상남도,202605,1.187,7243511
홍콩,경상남도,202606,1.541,6562127
홍콩,경상남도,202607,1.227,6295300
홍콩,경상북도,202001,0.706,1625896
홍콩,경상북도,202002,0.805,1121701
홍콩,경상북도,202003,0.63,452839
홍콩,경상북도,202004,1.427,453240
홍콩,경상북도,202005,0.897,693482
홍콩,경상북도,202006,0.831,744294
홍콩,경상북도,202007,0.607,982722
홍콩,경상북도,202008,0.681,1050543
홍콩,경상북도,202009,0.862,1027389
홍콩,경상북도,202010,0.695,1112678
홍콩,경상북도,202011,0.728,1068515
홍콩,경상북도,202012,0.459,967674
홍콩,경상북도,202101,0.451,841147
홍콩,경상북도,202102,0.37,762385
홍콩,경상북도,202103,0.656,1059629
홍콩,경상북도,202104,0.497,986932
홍콩,경상북도,202105,0.27,1067675
홍콩,경상북도,202106,0.392,1118099
홍콩,경상북도,202107,0.352,1236207
홍콩,경상북도,202108,0.418,1170875
홍콩,경상북도,202109,0.247,1225037
홍콩,경상북도,202110,0.729,1495777
홍콩,경상북도,202111,0.681,1485779
홍콩,경상북도,202112,0.209,1147668
홍콩,경상북도,202201,0.315,828004
홍콩,경상북도,202202,0.648,863708
홍콩,경상북도,202203,1.355,1216638
홍콩,경상북도,202204,0.693,1875661
홍콩,경상북도,202205,0.965,1874048
홍콩,경상북도,202206,0.943,2079262
홍콩,경상북도,202207,0.689,2354618
홍콩,경상북도,202208,0.471,2262054
홍콩,경상북도,202209,1.015,2339799
홍콩,경상북도,202210,1.157,3496325
홍콩,경상북도,202211,1.173,2581217
홍콩,경상북도,202212,0.877,2482295
홍콩,경상북도,202301,1.006,2016578
홍콩,경상북도,202302,0.66,2339935
홍콩,경상북도,202303,0.402,3628666
홍콩,경상북도,202304,0.755,4182818
홍콩,경상북도,202305,0.725,3826710
홍콩,경상북도,202306,1.724,3961784
홍콩,경상북도,202307,0.651,3716363
홍콩,경상북도,202308,0.423,3814148
홍콩,경상북도,202309,0.746,3825771
홍콩,경상북도,202310,0.708,4629207
홍콩,경상북도,202311,1.3,3827314
홍콩,경상북도,202312,1.132,2935639
홍콩,경상북도,202401,0.903,2414688
홍콩,경상북도,202402,1.186,2773465
홍콩,경상북도,202403,1.002,4618506
홍콩,경상북도,202404,1.841,4639326
홍콩,경상북도,202405,2.516,5046167
홍콩,경상북도,202406,5.268,4395343
홍콩,경상북도,202407,4.731,4089682
홍콩,경상북도,202408,3.677,5110201
홍콩,경상북도,202409,5.446,5450236
홍콩,경상북도,202410,3.88,6187358
홍콩,경상북도,202411,5.14,5287938
홍콩,경상북도,202412,8.01,4309976
홍콩,경상북도,202501,9.065,2994467
홍콩,경상북도,202502,7.11,3669191
홍콩,경상북도,202503,6.837,6655454
홍콩,경상북도,202504,6.926,6464151
홍콩,경상북도,202505,7.769,6318613
홍콩,경상북도,202506,9.271,5594361
홍콩,경상북도,202507,7.631,4772022
홍콩,경상북도,202508,5.325,5444693
홍콩,경상북도,202509,4.492,6010425
홍콩,경상북도,202510,2.746,8074866
홍콩,경상북도,202511,1.635,7052614
홍콩,경상북도,202512,1.472,4575833
홍콩,경상북도,202601,1.415,3031059
홍콩,경상북도,202602,1.778,3046291
홍콩,경상북도,202603,0.617,8021124
홍콩,경상북도,202604,0.9,9165578
홍콩,경상북도,202605,0.633,9483358
홍콩,경상북도,202606,0.809,7487848
홍콩,경상북도,202607,0.937,7217154
홍콩,광주광역시,202001,1.055,800621
홍콩,광주광역시,202002,0.94,543558
홍콩,광주광역시,202003,0.741,383465
홍콩,광주광역시,202004,0.736,450289
홍콩,광주광역시,202005,0.928,473306
홍콩,광주광역시,202006,1.534,426929
홍콩,광주광역시,202007,0.865,500090
홍콩,광주광역시,202008,0.835,409073
홍콩,광주광역시,202009,0.55,412703
홍콩,광주광역시,202010,0.583,559901
홍콩,광주광역시,202011,1.817,541820
홍콩,광주광역시,202012,0.431,499572
홍콩,광주광역시,202101,0.484,393509
홍콩,광주광역시,202102,0.569,415547
홍콩,광주광역시,202103,0.453,599508
홍콩,광주광역시,202104,0.326,548501
홍콩,광주광역시,202105,1.214,595741
홍콩,광주광역시,202106,0.678,560571
홍콩,광주광역시,202107,1.039,599727
홍콩,광주광역시,202108,0.583,580982
홍콩,광주광역시,202109,0.532,709124
홍콩,광주광역시,202110,0.176,860302
홍콩,광주광역시,202111,0.162,633253
홍콩,광주광역시,202112,0.177,509916
홍콩,광주광역시,202201,0.164,372921
홍콩,광주광역시,202202,0.115,350597
홍콩,광주광역시,202203,0.397,529638
홍콩,광주광역시,202204,0.387,793908
홍콩,광주광역시,202205,0.48,1119488
홍콩,광주광역시,202206,0.427,997332
홍콩,광주광역시,202207,0.737,1030389
홍콩,광주광역시,202208,0.803,928095
홍콩,광주광역시,202209,0.577,1001456
홍콩,광주광역시,202210,0.521,1378161
홍콩,광주광역시,202211,1.362,1120378
홍콩,광주광역시,202212,0.603,1132377
홍콩,광주광역시,202301,2.774,817226
홍콩,광주광역시,202302,0.357,820445
홍콩,광주광역시,202303,1.037,1053000
홍콩,광주광역시,202304,1.405,1779752
홍콩,광주광역시,202305,2.392,1343547
홍콩,광주광역시,202306,2.852,1244959
홍콩,광주광역시,202307,1.107,1272104
홍콩,광주광역시,202308,1.097,1105822
홍콩,광주광역시,202309,1.082,1500100
홍콩,광주광역시,202310,0.402,2084997
홍콩,광주광역시,202311,1.873,1781053
홍콩,광주광역시,202312,0.551,1403889
홍콩,광주광역시,202401,1.48,970813
홍콩,광주광역시,202402,4.253,819237
홍콩,광주광역시,202403,0.556,1598610
홍콩,광주광역시,202404,0.6,1687865
홍콩,광주광역시,202405,2.623,1651334
홍콩,광주광역시,202406,1.416,1540480
홍콩,광주광역시,202407,4.235,1359424
홍콩,광주광역시,202408,1.968,1348327
홍콩,광주광역시,202409,1.02,1956192
홍콩,광주광역시,202410,1.345,2154708
홍콩,광주광역시,202411,1.095,2099681
홍콩,광주광역시,202412,1.799,1758159
홍콩,광주광역시,202501,2.063,1251472
홍콩,광주광역시,202502,2.704,1033709
홍콩,광주광역시,202503,1.925,1778441
홍콩,광주광역시,202504,2.342,2839212
홍콩,광주광역시,202505,1.759,2466784
홍콩,광주광역시,202506,2.438,1878371
홍콩,광주광역시,202507,2.429,1686333
홍콩,광주광역시,202508,3.0,1838925
홍콩,광주광역시,202509,2.635,2182325
홍콩,광주광역시,202510,4.58,2420623
홍콩,광주광역시,202511,1.903,2210898
홍콩,광주광역시,202512,2.553,1988194
홍콩,광주광역시,202601,2.225,1435864
홍콩,광주광역시,202602,3.162,1147016
홍콩,광주광역시,202603,1.747,2685508
홍콩,광주광역시,202604,1.463,4000357
홍콩,광주광역시,202605,1.44,3168459
홍콩,광주광역시,202606,1.751,2881879
홍콩,대구광역시,202001,1.738,3604131
홍콩,대구광역시,202002,1.375,2493142
홍콩,대구광역시,202003,0.109,595362
홍콩,대구광역시,202004,0.168,595868
홍콩,대구광역시,202005,0.271,1186484
홍콩,대구광역시,202006,1.735,1324568
홍콩,대구광역시,202007,0.241,1411764
홍콩,대구광역시,202008,0.432,1366973
홍콩,대구광역시,202009,0.642,1400393
홍콩,대구광역시,202010,0.694,1754781
홍콩,대구광역시,202011,0.376,1539030
홍콩,대구광역시,202012,0.405,1590107
홍콩,대구광역시,202101,0.195,1206651
홍콩,대구광역시,202102,0.499,1264785
홍콩,대구광역시,202103,0.33,1796881
홍콩,대구광역시,202104,0.3,1877254
홍콩,대구광역시,202105,0.223,2011698
홍콩,대구광역시,202106,0.157,1745345
홍콩,대구광역시,202107,0.755,2020322
홍콩,대구광역시,202108,0.605,1884990
홍콩,대구광역시,202109,0.697,2007715
홍콩,대구광역시,202110,0.385,2535999
홍콩,대구광역시,202111,0.658,2047396
홍콩,대구광역시,202112,0.529,1824045
홍콩,대구광역시,202201,0.621,1087022
홍콩,대구광역시,202202,0.437,1456806
홍콩,대구광역시,202203,2.203,2001156
홍콩,대구광역시,202204,1.066,2623788
홍콩,대구광역시,202205,0.631,4271897
홍콩,대구광역시,202206,0.572,2867864
홍콩,대구광역시,202207,0.854,3087928
홍콩,대구광역시,202208,0.453,2827313
홍콩,대구광역시,202209,0.395,3156366
홍콩,대구광역시,202210,0.967,3822380
홍콩,대구광역시,202211,1.369,3472288
홍콩,대구광역시,202212,1.81,3294762
홍콩,대구광역시,202301,1.571,2721438
홍콩,대구광역시,202302,1.101,2778157
홍콩,대구광역시,202303,1.071,3950628
홍콩,대구광역시,202304,1.076,4376706
홍콩,대구광역시,202305,1.279,4552386
홍콩,대구광역시,202306,1.132,4395101
홍콩,대구광역시,202307,1.101,4640683
홍콩,대구광역시,202308,1.488,3960296
홍콩,대구광역시,202309,1.851,4492697
홍콩,대구광역시,202310,1.475,4983310
홍콩,대구광역시,202311,1.076,4366793
홍콩,대구광역시,202312,1.097,4052883
홍콩,대구광역시,202401,1.719,3049207
홍콩,대구광역시,202402,2.261,3198913
홍콩,대구광역시,202403,1.648,4593858
홍콩,대구광역시,202404,2.469,4868191
홍콩,대구광역시,202405,3.627,5742767
홍콩,대구광역시,202406,5.856,5023921
홍콩,대구광역시,202407,7.406,4986962
홍콩,대구광역시,202408,5.703,5390168
홍콩,대구광역시,202409,6.735,5476978
홍콩,대구광역시,202410,6.083,6127432
홍콩,대구광역시,202411,6.441,5729296
홍콩,대구광역시,202412,8.716,5546930
홍콩,대구광역시,202501,12.261,4322540
홍콩,대구광역시,202502,8.678,4224143
홍콩,대구광역시,202503,9.494,6335517
홍콩,대구광역시,202504,9.89,6706748
홍콩,대구광역시,202505,10.19,6713599
홍콩,대구광역시,202506,9.705,6325127
홍콩,대구광역시,202507,7.811,5839053
홍콩,대구광역시,202508,6.063,5951107
홍콩,대구광역시,202509,5.185,6632886
홍콩,대구광역시,202510,3.641,6888602
홍콩,대구광역시,202511,2.153,6731918
홍콩,대구광역시,202512,3.338,6131683
홍콩,대구광역시,202601,2.924,4649737
홍콩,대구광역시,202602,3.593,4283616
홍콩,대구광역시,202603,3.323,8016429
홍콩,대구광역시,202604,2.435,8395975
홍콩,대구광역시,202605,2.132,9166185
홍콩,대구광역시,202606,2.648,8736758
홍콩,대구광역시,202607,2.536,7948053
홍콩,대전광역시,202001,1.353,2152944
홍콩,대전광역시,202002,2.149,1552615
홍콩,대전광역시,202003,1.518,543007
홍콩,대전광역시,202004,1.255,514627
홍콩,대전광역시,202005,1.29,631438
홍콩,대전광역시,202006,0.472,670716
홍콩,대전광역시,202007,1.245,850466
홍콩,대전광역시,202008,1.051,887815
홍콩,대전광역시,202009,0.855,818812
홍콩,대전광역시,202010,0.838,1013270
홍콩,대전광역시,202011,0.405,1028614
홍콩,대전광역시,202012,0.329,756297
홍콩,대전광역시,202101,0.377,644008
홍콩,대전광역시,202102,0.257,622888
홍콩,대전광역시,202103,0.346,847203
홍콩,대전광역시,202104,0.363,819002
홍콩,대전광역시,202105,0.324,1097909
홍콩,대전광역시,202106,0.498,923621
홍콩,대전광역시,202107,1.058,951980
홍콩,대전광역시,202108,1.706,958905
홍콩,대전광역시,202109,1.025,999588
홍콩,대전광역시,202110,0.653,1233731
홍콩,대전광역시,202111,0.714,1248486
홍콩,대전광역시,202112,0.949,1080480
홍콩,대전광역시,202201,2.31,775592
홍콩,대전광역시,202202,2.76,920859
홍콩,대전광역시,202203,0.851,1119333
홍콩,대전광역시,202204,0.981,1516154
홍콩,대전광역시,202205,0.726,2002978
홍콩,대전광역시,202206,0.994,2235724
홍콩,대전광역시,202207,0.921,2574586
홍콩,대전광역시,202208,1.476,2442030
홍콩,대전광역시,202209,1.381,3049939
홍콩,대전광역시,202210,0.708,3892267
홍콩,대전광역시,202211,1.474,2976131
홍콩,대전광역시,202212,2.218,2751547
홍콩,대전광역시,202301,1.646,1765065
홍콩,대전광역시,202302,1.228,1925736
홍콩,대전광역시,202303,1.488,3049601
홍콩,대전광역시,202304,1.364,3621324
홍콩,대전광역시,202305,1.111,3439027
홍콩,대전광역시,202306,1.23,3498342
홍콩,대전광역시,202307,1.599,3675892
홍콩,대전광역시,202308,1.892,3564290
홍콩,대전광역시,202309,1.017,3748317
홍콩,대전광역시,202310,1.33,4183928
홍콩,대전광역시,202311,1.067,3550173
홍콩,대전광역시,202312,1.204,2982791
홍콩,대전광역시,202401,1.336,2365520
홍콩,대전광역시,202402,1.327,2149130
홍콩,대전광역시,202403,1.276,3573010
홍콩,대전광역시,202404,1.055,4063206
홍콩,대전광역시,202405,1.191,3822627
홍콩,대전광역시,202406,2.728,4148165
홍콩,대전광역시,202407,1.606,3743573
홍콩,대전광역시,202408,1.618,3741742
홍콩,대전광역시,202409,1.446,3974513
홍콩,대전광역시,202410,1.447,5087813
홍콩,대전광역시,202411,1.28,4355038
홍콩,대전광역시,202412,1.577,3828920
홍콩,대전광역시,202501,1.513,2478406
홍콩,대전광역시,202502,1.354,2508867
홍콩,대전광역시,202503,1.098,4087124
홍콩,대전광역시,202504,1.45,4598320
홍콩,대전광역시,202505,1.338,4461749
홍콩,대전광역시,202506,1.526,4935605
홍콩,대전광역시,202507,2.453,4390773
홍콩,대전광역시,202508,1.828,3846235
홍콩,대전광역시,202509,1.563,5251825
홍콩,대전광역시,202510,1.432,5137972
홍콩,대전광역시,202511,1.573,5077947
홍콩,대전광역시,202512,1.881,4414667
홍콩,대전광역시,202601,1.505,3500508
홍콩,대전광역시,202602,1.713,3070413
홍콩,대전광역시,202603,1.392,5824123
홍콩,대전광역시,202604,1.308,5905807
홍콩,대전광역시,202605,1.23,6256761
홍콩,대전광역시,202606,1.195,6679487
홍콩,대전광역시,202607,2.221,7004617
홍콩,부산광역시,202001,1.805,33826894
홍콩,부산광역시,202002,1.269,22192325
홍콩,부산광역시,202003,1.026,4359000
홍콩,부산광역시,202004,2.076,2996752
홍콩,부산광역시,202005,1.455,4295514
홍콩,부산광역시,202006,3.304,4846281
홍콩,부산광역시,202007,1.57,5556211
홍콩,부산광역시,202008,1.814,4505834
홍콩,부산광역시,202009,1.584,4338551
홍콩,부산광역시,202010,1.676,4988689
홍콩,부산광역시,202011,1.44,4999467
홍콩,부산광역시,202012,1.358,4689055
홍콩,부산광역시,202101,2.019,3918309
홍콩,부산광역시,202102,2.333,3894688
홍콩,부산광역시,202103,1.306,5326239
홍콩,부산광역시,202104,1.998,4047820
홍콩,부산광역시,202105,2.162,5474413
홍콩,부산광역시,202106,1.384,4788646
홍콩,부산광역시,202107,1.797,5331590
홍콩,부산광역시,202108,1.742,5053488
홍콩,부산광역시,202109,1.956,5544246
홍콩,부산광역시,202110,1.772,6465898
홍콩,부산광역시,202111,1.486,5943494
홍콩,부산광역시,202112,1.899,5748642
홍콩,부산광역시,202201,3.08,4204485
홍콩,부산광역시,202202,1.824,4836993
홍콩,부산광역시,202203,1.965,5290181
홍콩,부산광역시,202204,2.067,6930469
홍콩,부산광역시,202205,1.568,10459518
홍콩,부산광역시,202206,2.693,10765331
홍콩,부산광역시,202207,1.9,13462885
홍콩,부산광역시,202208,1.515,14589882
홍콩,부산광역시,202209,1.413,17922176
홍콩,부산광역시,202210,1.694,27847871
홍콩,부산광역시,202211,2.312,22183573
홍콩,부산광역시,202212,2.073,23430786
홍콩,부산광역시,202301,1.571,20860468
홍콩,부산광역시,202302,1.381,17778101
홍콩,부산광역시,202303,1.17,36709994
홍콩,부산광역시,202304,2.375,42905278
홍콩,부산광역시,202305,1.206,40524489
홍콩,부산광역시,202306,1.106,43372470
홍콩,부산광역시,202307,2.12,40911650
홍콩,부산광역시,202308,2.45,40115026
홍콩,부산광역시,202309,1.828,45919424
홍콩,부산광역시,202310,2.382,59233113
홍콩,부산광역시,202311,1.615,50685242
홍콩,부산광역시,202312,1.883,39902433
홍콩,부산광역시,202401,1.331,32365065
홍콩,부산광역시,202402,1.551,36359330
홍콩,부산광역시,202403,1.98,52560544
홍콩,부산광역시,202404,2.281,61725432
홍콩,부산광역시,202405,2.18,60294435
홍콩,부산광역시,202406,2.716,62878027
홍콩,부산광역시,202407,2.904,57962831
홍콩,부산광역시,202408,2.347,63552819
홍콩,부산광역시,202409,2.124,62696905
홍콩,부산광역시,202410,2.755,76103678
홍콩,부산광역시,202411,3.615,66722845
홍콩,부산광역시,202412,4.376,61108911
홍콩,부산광역시,202501,4.107,48400799
홍콩,부산광역시,202502,2.768,44993319
홍콩,부산광역시,202503,2.877,73426059
홍콩,부산광역시,202504,3.712,84063690
홍콩,부산광역시,202505,2.999,80879384
홍콩,부산광역시,202506,3.088,79987222
홍콩,부산광역시,202507,3.477,80326942
홍콩,부산광역시,202508,2.426,90576046
홍콩,부산광역시,202509,2.852,86198909
홍콩,부산광역시,202510,2.602,91543923
홍콩,부산광역시,202511,3.042,95535873
홍콩,부산광역시,202512,3.597,83702991
홍콩,부산광역시,202601,2.755,61552520
홍콩,부산광역시,202602,3.593,64227494
홍콩,부산광역시,202603,3.32,96186178
홍콩,부산광역시,202604,3.809,119139636
홍콩,부산광역시,202605,2.778,132062354
홍콩,부산광역시,202606,2.733,137058290
홍콩,부산광역시,202607,3.263,132023883
홍콩,서울특별시,202001,3.914,351349914
홍콩,서울특별시,202002,3.998,186462860
홍콩,서울특별시,202003,2.641,43849949
홍콩,서울특별시,202004,2.681,34676869
홍콩,서울특별시,202005,4.704,33858325
홍콩,서울특별시,202006,7.461,37028633
홍콩,서울특별시,202007,4.637,43712654
홍콩,서울특별시,202008,5.835,39282050
홍콩,서울특별시,202009,3.501,39443955
홍콩,서울특별시,202010,3.513,42329231
홍콩,서울특별시,202011,3.224,41938892
홍콩,서울특별시,202012,3.171,39469949
홍콩,서울특별시,202101,4.67,32768838
홍콩,서울특별시,202102,3.846,29437112
홍콩,서울특별시,202103,4.237,37218185
홍콩,서울특별시,202104,3.605,38453656
홍콩,서울특별시,202105,3.636,42655666
홍콩,서울특별시,202106,3.712,44200065
홍콩,서울특별시,202107,3.578,46333460
홍콩,서울특별시,202108,4.17,45953789
홍콩,서울특별시,202109,3.399,46462033
홍콩,서울특별시,202110,3.263,60146491
홍콩,서울특별시,202111,3.455,61312648
홍콩,서울특별시,202112,3.036,55556780
홍콩,서울특별시,202201,4.799,37233687
홍콩,서울특별시,202202,3.459,41740183
홍콩,서울특별시,202203,3.924,52489582
홍콩,서울특별시,202204,4.161,82787820
홍콩,서울특별시,202205,3.481,119198139
홍콩,서울특별시,202206,3.028,140103704
홍콩,서울특별시,202207,3.304,177203092
홍콩,서울특별시,202208,3.524,169983773
홍콩,서울특별시,202209,3.241,212086989
홍콩,서울특별시,202210,4.257,304980066
홍콩,서울특별시,202211,4.273,270592589
홍콩,서울특별시,202212,5.373,297572881
홍콩,서울특별시,202301,6.013,210305200
홍콩,서울특별시,202302,4.53,210512050
홍콩,서울특별시,202303,4.3,321840042
홍콩,서울특별시,202304,4.878,415433479
홍콩,서울특별시,202305,4.086,412234471
홍콩,서울특별시,202306,4.099,417665934
홍콩,서울특별시,202307,4.784,415219254
홍콩,서울특별시,202308,4.814,384863562
홍콩,서울특별시,202309,4.166,433743600
홍콩,서울특별시,202310,4.36,521251054
홍콩,서울특별시,202311,4.27,490472331
홍콩,서울특별시,202312,5.348,457134138
홍콩,서울특별시,202401,4.156,363272597
홍콩,서울특별시,202402,4.754,338992845
홍콩,서울특별시,202403,4.45,513952690
홍콩,서울특별시,202404,4.557,596867997
홍콩,서울특별시,202405,4.318,577373050
홍콩,서울특별시,202406,5.364,579653181
홍콩,서울특별시,202407,5.54,528084485
홍콩,서울특별시,202408,5.651,522567314
홍콩,서울특별시,202409,4.762,566392993
홍콩,서울특별시,202410,4.742,708093147
홍콩,서울특별시,202411,4.928,645600829
홍콩,서울특별시,202412,5.795,614298283
홍콩,서울특별시,202501,5.576,450653879
홍콩,서울특별시,202502,5.338,431650489
홍콩,서울특별시,202503,5.231,656703454
홍콩,서울특별시,202504,5.641,797175308
홍콩,서울특별시,202505,5.48,723803910
홍콩,서울특별시,202506,5.182,700434505
홍콩,서울특별시,202507,6.147,660754990
홍콩,서울특별시,202508,5.914,653346105
홍콩,서울특별시,202509,5.266,740909635
홍콩,서울특별시,202510,4.503,790881853
홍콩,서울특별시,202511,5.284,852396002
홍콩,서울특별시,202512,5.81,849501601
홍콩,서울특별시,202601,4.993,627754741
홍콩,서울특별시,202602,5.456,559644308
홍콩,서울특별시,202603,4.362,956896757
홍콩,서울특별시,202604,4.551,1153017696
홍콩,서울특별시,202605,4.088,1204071105
홍콩,서울특별시,202606,4.15,1176519303
홍콩,서울특별시,202607,4.473,1070717487
홍콩,세종특별자치시,202001,1.023,64317
홍콩,세종특별자치시,202002,0.495,66284
홍콩,세종특별자치시,202003,0.143,63695
홍콩,세종특별자치시,202004,0.305,49693
홍콩,세종특별자치시,202005,0.79,62815
홍콩,세종특별자치시,202006,0.281,88180
홍콩,세종특별자치시,202007,0.701,77623
홍콩,세종특별자치시,202008,0.181,88948
홍콩,세종특별자치시,202009,0.051,112786
홍콩,세종특별자치시,202010,0.331,94456
홍콩,세종특별자치시,202011,0.152,85060
홍콩,세종특별자치시,202012,0.345,100225
홍콩,세종특별자치시,202101,0.035,83460
홍콩,세종특별자치시,202102,0.0,68653
홍콩,세종특별자치시,202103,0.088,90482
홍콩,세종특별자치시,202104,1.059,95109
홍콩,세종특별자치시,202105,0.1,101820
홍콩,세종특별자치시,202106,0.135,99538
홍콩,세종특별자치시,202107,1.064,130509
홍콩,세종특별자치시,202108,0.231,107684
홍콩,세종특별자치시,202109,0.944,136090
홍콩,세종특별자치시,202110,0.343,149825
홍콩,세종특별자치시,202111,0.451,108293
홍콩,세종특별자치시,202112,0.0,102706
홍콩,세종특별자치시,202201,0.171,93837
홍콩,세종특별자치시,202202,0.139,104695
홍콩,세종특별자치시,202203,0.648,147603
홍콩,세종특별자치시,202204,0.224,147490
홍콩,세종특별자치시,202205,0.288,192436
홍콩,세종특별자치시,202206,1.358,189772
홍콩,세종특별자치시,202207,0.461,199021
홍콩,세종특별자치시,202208,0.317,181550
홍콩,세종특별자치시,202209,0.388,184511
홍콩,세종특별자치시,202210,0.51,207460
홍콩,세종특별자치시,202211,0.827,191596
홍콩,세종특별자치시,202212,0.792,197546
홍콩,세종특별자치시,202301,0.647,136147
홍콩,세종특별자치시,202302,0.304,126770
홍콩,세종특별자치시,202303,1.114,186143
홍콩,세종특별자치시,202304,0.977,204717
홍콩,세종특별자치시,202305,0.663,209806
홍콩,세종특별자치시,202306,1.36,232631
홍콩,세종특별자치시,202307,0.392,288130
홍콩,세종특별자치시,202308,0.669,259533
홍콩,세종특별자치시,202309,1.325,278786
홍콩,세종특별자치시,202310,1.082,378052
홍콩,세종특별자치시,202311,1.292,282833
홍콩,세종특별자치시,202312,1.313,271706
홍콩,세종특별자치시,202401,1.317,235974
홍콩,세종특별자치시,202402,1.137,231949
홍콩,세종특별자치시,202403,1.089,349046
홍콩,세종특별자치시,202404,0.932,265549
홍콩,세종특별자치시,202405,0.824,293967
홍콩,세종특별자치시,202406,1.72,328780
홍콩,세종특별자치시,202407,2.054,297976
홍콩,세종특별자치시,202408,1.244,280268
홍콩,세종특별자치시,202409,1.242,313997
홍콩,세종특별자치시,202410,1.35,472628
홍콩,세종특별자치시,202411,0.638,399379
홍콩,세종특별자치시,202412,1.071,358502
홍콩,세종특별자치시,202501,1.405,233782
홍콩,세종특별자치시,202502,0.433,256352
홍콩,세종특별자치시,202503,0.726,354102
홍콩,세종특별자치시,202504,1.112,444655
홍콩,세종특별자치시,202505,2.581,435469
홍콩,세종특별자치시,202506,1.837,449899
홍콩,세종특별자치시,202507,2.611,367111
홍콩,세종특별자치시,202508,3.112,359805
홍콩,세종특별자치시,202509,1.569,465624
홍콩,세종특별자치시,202510,1.381,439217
홍콩,세종특별자치시,202511,1.603,437263
홍콩,세종특별자치시,202512,1.725,453078
홍콩,세종특별자치시,202601,1.305,434369
홍콩,세종특별자치시,202602,6.524,347530
홍콩,세종특별자치시,202603,0.975,842369
홍콩,세종특별자치시,202604,0.834,909421
홍콩,세종특별자치시,202605,0.876,1137264
홍콩,세종특별자치시,202606,0.726,918755
홍콩,세종특별자치시,202607,0.825,731197
홍콩,울산광역시,202001,0.512,1030480
홍콩,울산광역시,202002,0.407,859576
홍콩,울산광역시,202003,1.369,246587
홍콩,울산광역시,202004,0.487,243234
홍콩,울산광역시,202005,0.298,333803
홍콩,울산광역시,202006,0.544,379736
홍콩,울산광역시,202007,0.658,514134
홍콩,울산광역시,202008,0.185,533550
홍콩,울산광역시,202009,0.547,555487
홍콩,울산광역시,202010,0.09,717606
홍콩,울산광역시,202011,0.613,604882
홍콩,울산광역시,202012,0.145,536501
홍콩,울산광역시,202101,0.403,428175
홍콩,울산광역시,202102,0.471,432120
홍콩,울산광역시,202103,0.116,573704
홍콩,울산광역시,202104,0.017,552655
홍콩,울산광역시,202105,0.513,433813
홍콩,울산광역시,202106,2.689,506938
홍콩,울산광역시,202107,1.482,471921
홍콩,울산광역시,202108,1.276,428368
홍콩,울산광역시,202109,0.64,500889
홍콩,울산광역시,202110,0.244,628371
홍콩,울산광역시,202111,0.6,623740
홍콩,울산광역시,202112,0.186,541909
홍콩,울산광역시,202201,0.081,479189
홍콩,울산광역시,202202,1.023,568374
홍콩,울산광역시,202203,0.235,513762
홍콩,울산광역시,202204,0.564,708778
홍콩,울산광역시,202205,1.35,1137634
홍콩,울산광역시,202206,1.109,1030398
홍콩,울산광역시,202207,0.716,1005313
홍콩,울산광역시,202208,0.76,797112
홍콩,울산광역시,202209,1.11,787754
홍콩,울산광역시,202210,0.45,1426623
홍콩,울산광역시,202211,0.345,1126637
홍콩,울산광역시,202212,0.582,892663
홍콩,울산광역시,202301,0.779,791295
홍콩,울산광역시,202302,0.543,970803
홍콩,울산광역시,202303,0.475,1218074
홍콩,울산광역시,202304,1.265,1176379
홍콩,울산광역시,202305,1.422,1288435
홍콩,울산광역시,202306,1.371,1516414
홍콩,울산광역시,202307,1.328,1217172
홍콩,울산광역시,202308,1.199,1072548
홍콩,울산광역시,202309,0.835,1313037
홍콩,울산광역시,202310,0.989,1446957
홍콩,울산광역시,202311,0.929,1519786
홍콩,울산광역시,202312,0.875,1304195
홍콩,울산광역시,202401,1.129,1074246
홍콩,울산광역시,202402,0.976,1103702
홍콩,울산광역시,202403,1.134,1241361
홍콩,울산광역시,202404,1.317,1397576
홍콩,울산광역시,202405,3.258,1491798
홍콩,울산광역시,202406,4.008,1680416
홍콩,울산광역시,202407,4.363,1475713
홍콩,울산광역시,202408,3.873,1364388
홍콩,울산광역시,202409,3.225,1606974
홍콩,울산광역시,202410,1.909,1867704
홍콩,울산광역시,202411,3.646,1739352
홍콩,울산광역시,202412,2.817,1440369
홍콩,울산광역시,202501,3.164,1243965
홍콩,울산광역시,202502,4.459,1452139
홍콩,울산광역시,202503,4.129,1615356
홍콩,울산광역시,202504,5.221,1697997
홍콩,울산광역시,202505,3.501,1812556
홍콩,울산광역시,202506,3.693,1760908
홍콩,울산광역시,202507,2.496,1779861
홍콩,울산광역시,202508,1.861,1641708
홍콩,울산광역시,202509,1.68,2003916
홍콩,울산광역시,202510,1.058,2385567
홍콩,울산광역시,202511,1.335,2052937
홍콩,울산광역시,202512,1.811,1738462
홍콩,울산광역시,202601,1.306,1790499
홍콩,울산광역시,202602,1.728,1623934
홍콩,울산광역시,202603,1.246,2538225
홍콩,울산광역시,202604,1.147,2619361
홍콩,울산광역시,202605,1.105,2852809
홍콩,울산광역시,202606,1.325,2580985
홍콩,울산광역시,202607,1.059,2475254
홍콩,인천광역시,202001,1.642,39240477
홍콩,인천광역시,202002,1.636,29624915
홍콩,인천광역시,202003,0.66,6884005
홍콩,인천광역시,202004,3.571,4151206
홍콩,인천광역시,202005,1.701,5340178
홍콩,인천광역시,202006,0.769,5098783
홍콩,인천광역시,202007,0.943,5958797
홍콩,인천광역시,202008,1.461,6155165
홍콩,인천광역시,202009,1.015,5264410
홍콩,인천광역시,202010,1.233,4944903
홍콩,인천광역시,202011,0.643,5096223
홍콩,인천광역시,202012,1.049,4621835
홍콩,인천광역시,202101,0.877,4438393
홍콩,인천광역시,202102,0.988,4114931
홍콩,인천광역시,202103,1.072,5501276
홍콩,인천광역시,202104,2.644,5274493
홍콩,인천광역시,202105,1.418,5353902
홍콩,인천광역시,202106,1.075,5835522
홍콩,인천광역시,202107,1.157,6312824
홍콩,인천광역시,202108,1.008,7126769
홍콩,인천광역시,202109,1.341,6282857
홍콩,인천광역시,202110,1.72,6604230
홍콩,인천광역시,202111,1.121,6066065
홍콩,인천광역시,202112,1.617,5891166
홍콩,인천광역시,202201,1.226,5459172
홍콩,인천광역시,202202,1.145,5143558
홍콩,인천광역시,202203,1.573,6046092
홍콩,인천광역시,202204,2.444,7449695
홍콩,인천광역시,202205,1.843,11196435
홍콩,인천광역시,202206,1.432,11559169
홍콩,인천광역시,202207,1.548,15764295
홍콩,인천광역시,202208,1.658,19401538
홍콩,인천광역시,202209,1.661,22419964
홍콩,인천광역시,202210,2.132,30147113
홍콩,인천광역시,202211,1.788,30567090
홍콩,인천광역시,202212,2.653,32166750
홍콩,인천광역시,202301,1.976,29577169
홍콩,인천광역시,202302,1.781,24914946
홍콩,인천광역시,202303,1.918,34281547
홍콩,인천광역시,202304,2.386,39933049
홍콩,인천광역시,202305,1.872,45780188
홍콩,인천광역시,202306,1.842,40069327
홍콩,인천광역시,202307,2.191,39194473
홍콩,인천광역시,202308,1.987,39503860
홍콩,인천광역시,202309,1.412,38106054
홍콩,인천광역시,202310,1.967,37172117
홍콩,인천광역시,202311,1.668,39485997
홍콩,인천광역시,202312,1.982,37560298
홍콩,인천광역시,202401,1.787,37425072
홍콩,인천광역시,202402,1.732,35382988
홍콩,인천광역시,202403,1.813,44658871
홍콩,인천광역시,202404,2.082,50849392
홍콩,인천광역시,202405,1.876,49231451
홍콩,인천광역시,202406,1.788,51669567
홍콩,인천광역시,202407,2.544,48614639
홍콩,인천광역시,202408,1.975,58676086
홍콩,인천광역시,202409,1.874,56377405
홍콩,인천광역시,202410,1.727,58869497
홍콩,인천광역시,202411,1.6,63137319
홍콩,인천광역시,202412,2.244,58969792
홍콩,인천광역시,202501,1.637,55783820
홍콩,인천광역시,202502,1.612,48820737
홍콩,인천광역시,202503,1.435,67370520
홍콩,인천광역시,202504,2.589,71292389
홍콩,인천광역시,202505,1.517,70117431
홍콩,인천광역시,202506,2.046,65222046
홍콩,인천광역시,202507,2.471,71986641
홍콩,인천광역시,202508,2.334,75482615
홍콩,인천광역시,202509,1.946,71390473
홍콩,인천광역시,202510,1.723,70596490
홍콩,인천광역시,202511,1.885,76649920
홍콩,인천광역시,202512,1.855,78597496
홍콩,인천광역시,202601,1.682,70514766
홍콩,인천광역시,202602,1.915,62318376
홍콩,인천광역시,202603,1.395,92648542
홍콩,인천광역시,202604,2.002,102065502
홍콩,인천광역시,202605,1.601,115499816
홍콩,인천광역시,202606,1.891,101419421
홍콩,인천광역시,202607,2.178,97776030
홍콩,전라남도,202001,0.772,583633
홍콩,전라남도,202002,0.711,623651
홍콩,전라남도,202003,0.667,366065
홍콩,전라남도,202004,0.772,285929
홍콩,전라남도,202005,1.805,361631
홍콩,전라남도,202006,1.588,387968
홍콩,전라남도,202007,1.042,439218
홍콩,전라남도,202008,0.836,452109
홍콩,전라남도,202009,0.378,463957
홍콩,전라남도,202010,0.857,433331
홍콩,전라남도,202011,0.451,503568
홍콩,전라남도,202012,0.315,510370
홍콩,전라남도,202101,0.739,463978
홍콩,전라남도,202102,0.594,449798
홍콩,전라남도,202103,0.545,543792
홍콩,전라남도,202104,0.627,536818
홍콩,전라남도,202105,0.546,654641
홍콩,전라남도,202106,1.52,519111
홍콩,전라남도,202107,0.769,629147
홍콩,전라남도,202108,1.47,558467
홍콩,전라남도,202109,1.34,610420
홍콩,전라남도,202110,2.177,625137
홍콩,전라남도,202111,1.615,576692
홍콩,전라남도,202112,0.507,485430
홍콩,전라남도,202201,0.576,388729
홍콩,전라남도,202202,0.649,364419
홍콩,전라남도,202203,0.695,553861
홍콩,전라남도,202204,1.761,710583
홍콩,전라남도,202205,1.949,1112743
홍콩,전라남도,202206,1.103,1075249
홍콩,전라남도,202207,2.357,1111025
홍콩,전라남도,202208,1.281,1004698
홍콩,전라남도,202209,0.641,1151022
홍콩,전라남도,202210,1.043,1653345
홍콩,전라남도,202211,2.223,1224057
홍콩,전라남도,202212,0.987,1011386
홍콩,전라남도,202301,1.197,856454
홍콩,전라남도,202302,0.845,1022613
홍콩,전라남도,202303,1.177,1103580
홍콩,전라남도,202304,1.1,1603619
홍콩,전라남도,202305,0.604,1739300
홍콩,전라남도,202306,1.099,1494113
홍콩,전라남도,202307,0.865,1796531
홍콩,전라남도,202308,0.992,1639083
홍콩,전라남도,202309,0.833,1528203
홍콩,전라남도,202310,0.701,2264966
홍콩,전라남도,202311,0.615,1916644
홍콩,전라남도,202312,0.768,1224327
홍콩,전라남도,202401,0.557,1170536
홍콩,전라남도,202402,1.043,1034365
홍콩,전라남도,202403,0.419,1599255
홍콩,전라남도,202404,0.752,1752083
홍콩,전라남도,202405,1.005,1906712
홍콩,전라남도,202406,1.46,1844135
홍콩,전라남도,202407,0.879,1694904
홍콩,전라남도,202408,1.336,1778913
홍콩,전라남도,202409,1.226,1886447
홍콩,전라남도,202410,1.181,2822530
홍콩,전라남도,202411,1.221,1929094
홍콩,전라남도,202412,1.872,1557816
홍콩,전라남도,202501,2.134,1146965
홍콩,전라남도,202502,3.207,1037483
홍콩,전라남도,202503,1.932,1644483
홍콩,전라남도,202504,2.39,1940745
홍콩,전라남도,202505,1.936,1951796
홍콩,전라남도,202506,2.386,1787002
홍콩,전라남도,202507,2.585,1793190
홍콩,전라남도,202508,2.695,1617032
홍콩,전라남도,202509,2.325,1771918
홍콩,전라남도,202510,1.916,2378630
홍콩,전라남도,202511,1.046,1919324
홍콩,전라남도,202512,1.211,1679487
홍콩,전라남도,202601,1.95,1209089
홍콩,전라남도,202602,1.65,1027259
홍콩,전라남도,202603,1.298,2031826
홍콩,전라남도,202604,0.872,2855424
홍콩,전라남도,202605,0.942,3235000
홍콩,전라남도,202606,0.913,2573585
홍콩,전북특별자치도,202001,1.405,1333395
홍콩,전북특별자치도,202002,1.029,1114422
홍콩,전북특별자치도,202003,0.625,797656
홍콩,전북특별자치도,202004,0.743,832515
홍콩,전북특별자치도,202005,0.53,975668
홍콩,전북특별자치도,202006,0.585,1058451
홍콩,전북특별자치도,202007,0.361,1197816
홍콩,전북특별자치도,202008,0.55,1129207
홍콩,전북특별자치도,202009,0.283,1209394
홍콩,전북특별자치도,202010,0.359,1401127
홍콩,전북특별자치도,202011,0.217,1193213
홍콩,전북특별자치도,202012,0.217,1271228
홍콩,전북특별자치도,202101,0.845,738913
홍콩,전북특별자치도,202102,0.489,987248
홍콩,전북특별자치도,202103,0.47,1242632
홍콩,전북특별자치도,202104,0.199,1109806
홍콩,전북특별자치도,202105,0.268,1153879
홍콩,전북특별자치도,202106,0.7,1082469
홍콩,전북특별자치도,202107,0.902,924143
홍콩,전북특별자치도,202108,1.651,1117399
홍콩,전북특별자치도,202109,1.285,1063909
홍콩,전북특별자치도,202110,0.39,1377945
홍콩,전북특별자치도,202111,0.537,1191121
홍콩,전북특별자치도,202112,0.533,1129260
홍콩,전북특별자치도,202201,0.847,678550
홍콩,전북특별자치도,202202,0.575,839365
홍콩,전북특별자치도,202203,0.683,1039727
홍콩,전북특별자치도,202204,0.311,1378053
홍콩,전북특별자치도,202205,0.57,1663963
홍콩,전북특별자치도,202206,0.65,1681150
홍콩,전북특별자치도,202207,1.187,1793605
홍콩,전북특별자치도,202208,0.583,1683674
홍콩,전북특별자치도,202209,0.293,1882427
홍콩,전북특별자치도,202210,1.005,2435493
홍콩,전북특별자치도,202211,0.686,2006969
홍콩,전북특별자치도,202212,0.651,2033745
홍콩,전북특별자치도,202301,0.804,1503122
홍콩,전북특별자치도,202302,0.92,1511163
홍콩,전북특별자치도,202303,0.573,1986261
홍콩,전북특별자치도,202304,0.48,2317869
홍콩,전북특별자치도,202305,1.382,2555768
홍콩,전북특별자치도,202306,0.892,2108066
홍콩,전북특별자치도,202307,0.553,2296588
홍콩,전북특별자치도,202308,0.76,3091899
홍콩,전북특별자치도,202309,0.569,2614159
홍콩,전북특별자치도,202310,0.989,2979950
홍콩,전북특별자치도,202311,1.012,2640327
홍콩,전북특별자치도,202312,0.515,2370027
홍콩,전북특별자치도,202401,0.567,1811830
홍콩,전북특별자치도,202402,0.683,1845076
홍콩,전북특별자치도,202403,0.433,2751578
홍콩,전북특별자치도,202404,0.914,3381202
홍콩,전북특별자치도,202405,0.541,2847452
홍콩,전북특별자치도,202406,0.369,2645361
홍콩,전북특별자치도,202407,1.392,2352558
홍콩,전북특별자치도,202408,0.614,2848452
홍콩,전북특별자치도,202409,0.568,2789561
홍콩,전북특별자치도,202410,1.005,3608646
홍콩,전북특별자치도,202411,0.882,3131373
홍콩,전북특별자치도,202412,0.942,2693248
홍콩,전북특별자치도,202501,1.437,2012546
홍콩,전북특별자치도,202502,1.211,1957453
홍콩,전북특별자치도,202503,0.976,2870907
홍콩,전북특별자치도,202504,1.517,3432085
홍콩,전북특별자치도,202505,1.201,3348417
홍콩,전북특별자치도,202506,1.07,2886053
홍콩,전북특별자치도,202507,1.439,2695172
홍콩,전북특별자치도,202508,0.935,3080272
홍콩,전북특별자치도,202509,1.587,3158449
홍콩,전북특별자치도,202510,0.999,3926359
홍콩,전북특별자치도,202511,1.189,3788461
홍콩,전북특별자치도,202512,1.024,3012360
홍콩,전북특별자치도,202601,1.621,2152761
홍콩,전북특별자치도,202602,0.974,1940533
홍콩,전북특별자치도,202603,0.6,4200815
홍콩,전북특별자치도,202604,1.759,5105190
홍콩,전북특별자치도,202605,1.033,5002245
홍콩,전북특별자치도,202606,1.016,4213411
홍콩,전북특별자치도,202607,1.019,3640232
홍콩,제주특별자치도,202001,3.874,16953814
홍콩,제주특별자치도,202002,4.877,6576409
홍콩,제주특별자치도,202003,0.85,1893958
홍콩,제주특별자치도,202004,1.235,1467491
홍콩,제주특별자치도,202005,1.451,1624666
홍콩,제주특별자치도,202006,1.782,1918372
홍콩,제주특별자치도,202007,1.163,3198828
홍콩,제주특별자치도,202008,1.685,2425624
홍콩,제주특별자치도,202009,2.082,2058316
홍콩,제주특별자치도,202010,2.168,2310897
홍콩,제주특별자치도,202011,1.231,2756824
홍콩,제주특별자치도,202012,1.645,2551444
홍콩,제주특별자치도,202101,0.929,2691278
홍콩,제주특별자치도,202102,0.32,6558733
홍콩,제주특별자치도,202103,0.634,5919175
홍콩,제주특별자치도,202104,1.629,3242630
홍콩,제주특별자치도,202105,2.499,3551818
홍콩,제주특별자치도,202106,7.003,2758804
홍콩,제주특별자치도,202107,4.821,3147172
홍콩,제주특별자치도,202108,4.922,2671115
홍콩,제주특별자치도,202109,2.853,2261274
홍콩,제주특별자치도,202110,3.012,2338591
홍콩,제주특별자치도,202111,1.142,1949870
홍콩,제주특별자치도,202112,2.028,1709569
홍콩,제주특별자치도,202201,2.146,1542940
홍콩,제주특별자치도,202202,3.456,1447047
홍콩,제주특별자치도,202203,2.556,1775486
홍콩,제주특별자치도,202204,3.286,2550696
홍콩,제주특별자치도,202205,1.694,4302178
홍콩,제주특별자치도,202206,1.958,5725830
홍콩,제주특별자치도,202207,2.452,6570464
홍콩,제주특별자치도,202208,1.896,6588763
홍콩,제주특별자치도,202209,1.696,6343912
홍콩,제주특별자치도,202210,3.019,9198813
홍콩,제주특별자치도,202211,16.291,9180067
홍콩,제주특별자치도,202212,10.092,8820287
홍콩,제주특별자치도,202301,3.201,5717465
홍콩,제주특별자치도,202302,1.003,4931297
홍콩,제주특별자치도,202303,2.165,9317058
홍콩,제주특별자치도,202304,4.659,16147481
홍콩,제주특별자치도,202305,5.713,18864066
홍콩,제주특별자치도,202306,1.909,19843183
홍콩,제주특별자치도,202307,4.249,21924251
홍콩,제주특별자치도,202308,3.959,22160734
홍콩,제주특별자치도,202309,4.786,19004995
홍콩,제주특별자치도,202310,4.376,22645169
홍콩,제주특별자치도,202311,3.7,15883326
홍콩,제주특별자치도,202312,4.884,13821408
홍콩,제주특별자치도,202401,2.287,12868777
홍콩,제주특별자치도,202402,4.87,13936300
홍콩,제주특별자치도,202403,7.04,20896016
홍콩,제주특별자치도,202404,6.819,24199957
홍콩,제주특별자치도,202405,4.381,27797408
홍콩,제주특별자치도,202406,4.597,27714610
홍콩,제주특별자치도,202407,5.662,26096069
홍콩,제주특별자치도,202408,4.526,32396272
홍콩,제주특별자치도,202409,4.942,26183271
홍콩,제주특별자치도,202410,5.016,30564027
홍콩,제주특별자치도,202411,5.743,19535349
홍콩,제주특별자치도,202412,6.824,17498506
홍콩,제주특별자치도,202501,4.868,14683888
홍콩,제주특별자치도,202502,5.389,12882091
홍콩,제주특별자치도,202503,4.53,19457298
홍콩,제주특별자치도,202504,6.466,27402378
홍콩,제주특별자치도,202505,5.429,30579102
홍콩,제주특별자치도,202506,5.67,30337369
홍콩,제주특별자치도,202507,6.989,31975448
홍콩,제주특별자치도,202508,6.158,35144954
홍콩,제주특별자치도,202509,4.498,35062337
홍콩,제주특별자치도,202510,5.306,36477143
홍콩,제주특별자치도,202511,4.346,29505069
홍콩,제주특별자치도,202512,5.656,29202077
홍콩,제주특별자치도,202601,4.891,25296524
홍콩,제주특별자치도,202602,4.869,25805992
홍콩,제주특별자치도,202603,4.542,45101409
홍콩,제주특별자치도,202604,5.484,58491450
홍콩,제주특별자치도,202605,4.62,65310651
홍콩,제주특별자치도,202606,4.6,64840846
홍콩,제주특별자치도,202607,4.857,58942422
홍콩,충청남도,202001,0.917,1334027
홍콩,충청남도,202002,0.704,1380849
홍콩,충청남도,202003,0.46,775081
홍콩,충청남도,202004,0.559,762743
홍콩,충청남도,202005,0.821,894786
홍콩,충청남도,202006,0.577,982331
홍콩,충청남도,202007,0.498,1158301
홍콩,충청남도,202008,0.315,1119120
홍콩,충청남도,202009,0.521,1228303
홍콩,충청남도,202010,0.625,1304182
홍콩,충청남도,202011,0.407,1251465
홍콩,충청남도,202012,0.202,1265414
홍콩,충청남도,202101,0.252,1102678
홍콩,충청남도,202102,0.217,1146254
홍콩,충청남도,202103,0.191,1464005
홍콩,충청남도,202104,0.577,1304082
홍콩,충청남도,202105,0.649,1400040
홍콩,충청남도,202106,0.448,1435169
홍콩,충청남도,202107,0.559,1685535
홍콩,충청남도,202108,0.314,1456537
홍콩,충청남도,202109,0.592,1463872
홍콩,충청남도,202110,0.529,1619455
홍콩,충청남도,202111,0.3,1491985
홍콩,충청남도,202112,0.207,1436324
홍콩,충청남도,202201,0.302,1049615
홍콩,충청남도,202202,0.062,1104871
홍콩,충청남도,202203,0.504,1312818
홍콩,충청남도,202204,0.672,1574057
홍콩,충청남도,202205,0.471,1705509
홍콩,충청남도,202206,0.633,1761317
홍콩,충청남도,202207,0.653,2034812
홍콩,충청남도,202208,0.593,1808515
홍콩,충청남도,202209,0.448,1982145
홍콩,충청남도,202210,0.832,2208803
홍콩,충청남도,202211,0.557,1908865
홍콩,충청남도,202212,1.021,1802679
홍콩,충청남도,202301,0.613,1506740
홍콩,충청남도,202302,1.243,1452652
홍콩,충청남도,202303,2.111,2103398
홍콩,충청남도,202304,1.028,2418657
홍콩,충청남도,202305,0.616,2335855
홍콩,충청남도,202306,0.637,2354172
홍콩,충청남도,202307,0.803,2509251
홍콩,충청남도,202308,0.597,2474937
홍콩,충청남도,202309,0.833,2560494
홍콩,충청남도,202310,0.839,2818268
홍콩,충청남도,202311,0.45,2496716
홍콩,충청남도,202312,0.581,2254930
홍콩,충청남도,202401,0.725,2092859
홍콩,충청남도,202402,1.156,1968567
홍콩,충청남도,202403,2.111,2851233
홍콩,충청남도,202404,0.819,2848009
홍콩,충청남도,202405,0.582,3123683
홍콩,충청남도,202406,0.635,3249690
홍콩,충청남도,202407,0.916,2894318
홍콩,충청남도,202408,0.708,3045661
홍콩,충청남도,202409,0.642,3091321
홍콩,충청남도,202410,0.771,3499964
홍콩,충청남도,202411,0.522,3087549
홍콩,충청남도,202412,1.09,2987013
홍콩,충청남도,202501,0.945,2606924
홍콩,충청남도,202502,0.83,2430097
홍콩,충청남도,202503,0.706,3555490
홍콩,충청남도,202504,0.968,3523510
홍콩,충청남도,202505,1.032,3618449
홍콩,충청남도,202506,1.397,3478701
홍콩,충청남도,202507,1.261,3273725
홍콩,충청남도,202508,1.361,3303791
홍콩,충청남도,202509,1.251,3389344
홍콩,충청남도,202510,1.259,3954473
홍콩,충청남도,202511,1.065,3688029
홍콩,충청남도,202512,1.146,3687818
홍콩,충청남도,202601,1.017,3298751
홍콩,충청남도,202602,1.145,2864059
홍콩,충청남도,202603,0.95,4577770
홍콩,충청남도,202604,1.262,4652509
홍콩,충청남도,202605,1.933,5331602
홍콩,충청남도,202606,1.254,5094334
홍콩,충청남도,202607,1.299,5248787
홍콩,충청북도,202001,0.565,947201
홍콩,충청북도,202002,0.482,827379
홍콩,충청북도,202003,0.968,597220
홍콩,충청북도,202004,0.865,378954
홍콩,충청북도,202005,0.584,503781
홍콩,충청북도,202006,1.069,639045
홍콩,충청북도,202007,0.95,666192
홍콩,충청북도,202008,1.207,643938
홍콩,충청북도,202009,2.47,693649
홍콩,충청북도,202010,1.872,658969
홍콩,충청북도,202011,1.127,704941
홍콩,충청북도,202012,0.805,577083
홍콩,충청북도,202101,0.577,522203
홍콩,충청북도,202102,0.444,524491
홍콩,충청북도,202103,1.172,701737
홍콩,충청북도,202104,1.32,742850
홍콩,충청북도,202105,0.857,794317
홍콩,충청북도,202106,0.654,836714
홍콩,충청북도,202107,1.25,1001109
홍콩,충청북도,202108,0.714,851995
홍콩,충청북도,202109,1.183,885012
홍콩,충청북도,202110,1.139,972225
홍콩,충청북도,202111,1.335,804203
홍콩,충청북도,202112,0.658,634527
홍콩,충청북도,202201,0.953,431773
홍콩,충청북도,202202,0.338,649045
홍콩,충청북도,202203,0.751,732808
홍콩,충청북도,202204,2.476,861444
홍콩,충청북도,202205,1.3,1044427
홍콩,충청북도,202206,0.895,1083064
홍콩,충청북도,202207,1.032,1077221
홍콩,충청북도,202208,1.071,897050
홍콩,충청북도,202209,0.89,1051246
홍콩,충청북도,202210,1.606,1242307
홍콩,충청북도,202211,1.331,1136303
홍콩,충청북도,202212,1.078,1122132
홍콩,충청북도,202301,0.778,857362
홍콩,충청북도,202302,0.92,951407
홍콩,충청북도,202303,0.801,1317933
홍콩,충청북도,202304,1.037,1448432
홍콩,충청북도,202305,0.57,1419061
홍콩,충청북도,202306,1.101,1457671
홍콩,충청북도,202307,0.855,1400110
홍콩,충청북도,202308,0.808,1371490
홍콩,충청북도,202309,0.827,1643990
홍콩,충청북도,202310,0.953,1912155
홍콩,충청북도,202311,0.678,1831910
홍콩,충청북도,202312,0.951,1467470
홍콩,충청북도,202401,0.75,1260188
홍콩,충청북도,202402,1.79,1136918
홍콩,충청북도,202403,1.556,1663265
홍콩,충청북도,202404,1.262,1801540
홍콩,충청북도,202405,2.15,1670419
홍콩,충청북도,202406,1.662,1762750
홍콩,충청북도,202407,1.572,1525908
홍콩,충청북도,202408,1.168,1520513
홍콩,충청북도,202409,1.212,2117698
홍콩,충청북도,202410,2.397,2463487
홍콩,충청북도,202411,1.877,2256404
홍콩,충청북도,202412,2.022,1859666
홍콩,충청북도,202501,2.007,1428974
홍콩,충청북도,202502,2.589,1292252
홍콩,충청북도,202503,3.411,2154366
홍콩,충청북도,202504,4.004,2251397
홍콩,충청북도,202505,2.51,2423617
홍콩,충청북도,202506,3.302,2215573
홍콩,충청북도,202507,2.801,2145786
홍콩,충청북도,202508,3.101,2018351
홍콩,충청북도,202509,1.945,2715386
홍콩,충청북도,202510,2.053,2827567
홍콩,충청북도,202511,29.166,4794017
홍콩,충청북도,202512,2.756,2507636
홍콩,충청북도,202601,2.558,1719902
홍콩,충청북도,202602,2.227,1632033
홍콩,충청북도,202603,1.007,3817708
홍콩,충청북도,202604,1.31,3853376
홍콩,충청북도,202605,1.775,4268131
홍콩,충청북도,202606,0.929,3818687
홍콩,충청북도,202607,0.893,3195775
