방문자 거주지,방문지,기준년월,전체 외국인 방문자 수,거주지 방문자 수 비율(%)
대만,강원특별자치도,202001,155793,23.204
대만,강원특별자치도,202002,78089,15.630
대만,강원특별자치도,202003,3030,0.693
대만,강원특별자치도,202004,4840,0.310
대만,강원특별자치도,202005,4483,0.513
대만,강원특별자치도,202006,6347,0.741
대만,강원특별자치도,202007,4340,0.276
대만,강원특별자치도,202008,5165,0.794
대만,강원특별자치도,202009,4824,0.352
대만,강원특별자치도,202010,4489,0.267
대만,강원특별자치도,202011,4084,0.416
대만,강원특별자치도,202012,3549,0.282
대만,강원특별자치도,202101,7048,0.511
대만,강원특별자치도,202102,7889,0.748
대만,강원특별자치도,202103,9690,0.444
대만,강원특별자치도,202104,8484,0.212
대만,강원특별자치도,202105,9432,0.170
대만,강원특별자치도,202106,9403,0.213
대만,강원특별자치도,202107,11156,0.179
대만,강원특별자치도,202108,13493,0.585
대만,강원특별자치도,202109,11693,0.222
대만,강원특별자치도,202110,12725,0.314
대만,강원특별자치도,202111,10433,0.230
대만,강원특별자치도,202112,11036,0.353
대만,강원특별자치도,202201,12081,0.232
대만,강원특별자치도,202202,14742,0.597
대만,강원특별자치도,202203,14171,0.346
대만,강원특별자치도,202204,19600,0.235
대만,강원특별자치도,202205,31620,0.269
대만,강원특별자치도,202206,46109,0.293
대만,강원특별자치도,202207,57331,0.398
대만,강원특별자치도,202208,62000,0.890
대만,강원특별자치도,202209,58761,0.854
대만,강원특별자치도,202210,85157,2.454
대만,강원특별자치도,202211,63081,3.629
대만,강원특별자치도,202212,114406,8.182
대만,강원특별자치도,202301,131525,23.711
대만,강원특별자치도,202302,115731,16.503
대만,강원특별자치도,202303,98048,7.602
대만,강원특별자치도,202304,247608,9.193
대만,강원특별자치도,202305,235564,6.850
대만,강원특별자치도,202306,243846,7.343
대만,강원특별자치도,202307,266403,8.003
대만,강원특별자치도,202308,251695,11.425
대만,강원특별자치도,202309,230999,13.002
대만,강원특별자치도,202310,293984,11.972
대만,강원특별자치도,202311,216274,10.490
대만,강원특별자치도,202312,306455,13.565
대만,강원특별자치도,202401,287002,27.548
대만,강원특별자치도,202402,253974,23.952
대만,강원특별자치도,202403,207427,12.516
대만,강원특별자치도,202404,287107,12.426
대만,강원특별자치도,202405,296436,5.034
대만,강원특별자치도,202406,308225,5.210
대만,강원특별자치도,202407,275199,5.488
대만,강원특별자치도,202408,228890,4.929
대만,강원특별자치도,202409,220304,4.326
대만,강원특별자치도,202410,295920,6.307
대만,강원특별자치도,202411,220541,5.379
대만,강원특별자치도,202412,299826,7.032
대만,강원특별자치도,202501,248888,20.168
대만,강원특별자치도,202502,197800,17.990
대만,강원특별자치도,202503,187417,7.121
대만,강원특별자치도,202504,328146,3.903
대만,강원특별자치도,202505,330275,2.453
대만,강원특별자치도,202506,335323,2.537
대만,강원특별자치도,202507,353097,4.290
대만,강원특별자치도,202508,260102,4.132
대만,강원특별자치도,202509,227229,2.925
대만,강원특별자치도,202510,313881,4.980
대만,강원특별자치도,202511,252131,4.864
대만,강원특별자치도,202512,327455,5.577
대만,강원특별자치도,202601,259470,15.764
대만,강원특별자치도,202602,244677,19.084
대만,강원특별자치도,202603,198163,4.261
대만,강원특별자치도,202604,353169,2.709
대만,강원특별자치도,202605,439507,1.722
대만,강원특별자치도,202606,423311,1.594
대만,강원특별자치도,202607,387378,2.918
대만,경기도,202001,1186960,5.266
대만,경기도,202002,698133,3.900
대만,경기도,202003,38101,0.307
대만,경기도,202004,57412,0.232
대만,경기도,202005,60076,0.278
대만,경기도,202006,80177,0.278
대만,경기도,202007,63900,0.261
대만,경기도,202008,73885,0.508
대만,경기도,202009,67944,0.299
대만,경기도,202010,66893,0.332
대만,경기도,202011,61667,0.415
대만,경기도,202012,61056,0.352
대만,경기도,202101,94326,0.221
대만,경기도,202102,112019,0.317
대만,경기도,202103,151418,0.180
대만,경기도,202104,127645,0.162
대만,경기도,202105,129346,0.164
대만,경기도,202106,129278,0.152
대만,경기도,202107,144504,0.144
대만,경기도,202108,178298,0.219
대만,경기도,202109,166682,0.115
대만,경기도,202110,179131,0.155
대만,경기도,202111,151996,0.184
대만,경기도,202112,160126,0.151
대만,경기도,202201,154578,0.093
대만,경기도,202202,191294,0.210
대만,경기도,202203,179935,0.130
대만,경기도,202204,230009,0.102
대만,경기도,202205,281426,0.145
대만,경기도,202206,350319,0.181
대만,경기도,202207,442358,0.287
대만,경기도,202208,524231,0.608
대만,경기도,202209,519190,0.552
대만,경기도,202210,666851,1.036
대만,경기도,202211,608397,1.484
대만,경기도,202212,677237,2.529
대만,경기도,202301,769541,8.758
대만,경기도,202302,835648,6.609
대만,경기도,202303,756122,3.333
대만,경기도,202304,1651725,4.312
대만,경기도,202305,1735766,4.470
대만,경기도,202306,1703653,4.917
대만,경기도,202307,1942698,5.549
대만,경기도,202308,2079004,6.833
대만,경기도,202309,1870653,7.460
대만,경기도,202310,2056797,6.026
대만,경기도,202311,1793458,5.543
대만,경기도,202312,1831102,6.268
대만,경기도,202401,1656372,10.401
대만,경기도,202402,1756810,8.608
대만,경기도,202403,1961716,6.664
대만,경기도,202404,2001641,8.211
대만,경기도,202405,1795678,4.219
대만,경기도,202406,1754705,3.759
대만,경기도,202407,1965233,4.502
대만,경기도,202408,1919811,3.488
대만,경기도,202409,1772276,3.154
대만,경기도,202410,2124524,3.336
대만,경기도,202411,1788336,3.331
대만,경기도,202412,1733753,3.181
대만,경기도,202501,1586582,4.792
대만,경기도,202502,1421927,4.773
대만,경기도,202503,1821606,2.811
대만,경기도,202504,2143703,3.133
대만,경기도,202505,2138585,2.742
대만,경기도,202506,2170206,3.223
대만,경기도,202507,2650507,4.799
대만,경기도,202508,2195498,4.167
대만,경기도,202509,2009029,2.748
대만,경기도,202510,2218810,3.469
대만,경기도,202511,2042504,3.421
대만,경기도,202512,1981461,2.986
대만,경기도,202601,1735517,4.489
대만,경기도,202602,1636248,5.571
대만,경기도,202603,1871783,3.069
대만,경기도,202604,2575604,2.669
대만,경기도,202605,2673038,2.388
대만,경기도,202606,2470334,2.545
대만,경기도,202607,2660282,3.566
대만,경상남도,202001,229828,5.963
대만,경상남도,202002,160272,5.349
대만,경상남도,202003,10530,1.462
대만,경상남도,202004,14912,1.160
대만,경상남도,202005,15901,1.340
대만,경상남도,202006,20338,1.446
대만,경상남도,202007,8899,0.303
대만,경상남도,202008,11601,0.543
대만,경상남도,202009,9698,0.320
대만,경상남도,202010,9518,0.294
대만,경상남도,202011,9271,0.280
대만,경상남도,202012,9362,0.331
대만,경상남도,202101,31573,0.738
대만,경상남도,202102,31740,1.103
대만,경상남도,202103,41659,0.655
대만,경상남도,202104,37731,0.514
대만,경상남도,202105,38892,0.540
대만,경상남도,202106,39677,0.446
대만,경상남도,202107,42054,0.535
대만,경상남도,202108,50392,0.947
대만,경상남도,202109,44608,0.547
대만,경상남도,202110,50685,0.667
대만,경상남도,202111,49054,0.530
대만,경상남도,202112,50150,0.487
대만,경상남도,202201,47488,0.474
대만,경상남도,202202,54176,1.133
대만,경상남도,202203,52235,0.576
대만,경상남도,202204,60265,0.509
대만,경상남도,202205,76198,0.588
대만,경상남도,202206,93418,0.545
대만,경상남도,202207,112767,0.759
대만,경상남도,202208,132460,1.779
대만,경상남도,202209,133139,1.583
대만,경상남도,202210,180430,1.681
대만,경상남도,202211,165526,2.697
대만,경상남도,202212,177807,4.014
대만,경상남도,202301,266632,9.080
대만,경상남도,202302,299173,6.738
대만,경상남도,202303,258971,5.516
대만,경상남도,202304,499585,5.987
대만,경상남도,202305,479465,5.790
대만,경상남도,202306,480667,5.588
대만,경상남도,202307,568050,6.270
대만,경상남도,202308,598212,7.353
대만,경상남도,202309,568259,8.578
대만,경상남도,202310,627613,5.311
대만,경상남도,202311,576432,5.390
대만,경상남도,202312,527773,6.123
대만,경상남도,202401,534978,9.654
대만,경상남도,202402,531251,8.209
대만,경상남도,202403,657722,7.124
대만,경상남도,202404,707812,6.126
대만,경상남도,202405,680238,3.243
대만,경상남도,202406,647138,3.019
대만,경상남도,202407,617836,3.097
대만,경상남도,202408,604979,3.088
대만,경상남도,202409,622139,2.715
대만,경상남도,202410,719288,3.071
대만,경상남도,202411,678699,3.742
대만,경상남도,202412,698452,2.967
대만,경상남도,202501,591775,4.016
대만,경상남도,202502,517737,4.271
대만,경상남도,202503,663354,4.223
대만,경상남도,202504,713677,5.909
대만,경상남도,202505,740264,3.642
대만,경상남도,202506,696323,3.972
대만,경상남도,202507,852885,7.326
대만,경상남도,202508,742188,6.035
대만,경상남도,202509,717011,3.847
대만,경상남도,202510,879966,3.588
대만,경상남도,202511,831001,5.087
대만,경상남도,202512,863296,3.359
대만,경상남도,202601,759430,4.167
대만,경상남도,202602,642752,6.216
대만,경상남도,202603,727830,6.988
대만,경상남도,202604,870753,5.774
대만,경상남도,202605,1045152,4.336
대만,경상남도,202606,1006286,5.075
대만,경상남도,202607,969001,5.888
대만,경상북도,202001,153689,5.728
대만,경상북도,202002,100975,4.305
대만,경상북도,202003,6277,0.876
대만,경상북도,202004,11302,0.522
대만,경상북도,202005,14418,0.465
대만,경상북도,202006,19446,0.597
대만,경상북도,202007,6396,0.203
대만,경상북도,202008,7684,0.325
대만,경상북도,202009,6789,0.280
대만,경상북도,202010,6854,0.336
대만,경상북도,202011,6217,0.402
대만,경상북도,202012,6053,0.248
대만,경상북도,202101,23907,0.431
대만,경상북도,202102,20394,0.995
대만,경상북도,202103,25837,0.658
대만,경상북도,202104,28364,0.374
대만,경상북도,202105,32597,0.371
대만,경상북도,202106,34002,0.271
대만,경상북도,202107,34921,0.369
대만,경상북도,202108,35389,0.788
대만,경상북도,202109,28372,0.508
대만,경상북도,202110,31630,0.645
대만,경상북도,202111,35948,0.398
대만,경상북도,202112,29582,0.510
대만,경상북도,202201,26011,0.281
대만,경상북도,202202,32911,0.863
대만,경상북도,202203,37284,0.507
대만,경상북도,202204,41305,0.494
대만,경상북도,202205,62523,0.493
대만,경상북도,202206,68367,0.505
대만,경상북도,202207,80137,0.659
대만,경상북도,202208,97654,1.565
대만,경상북도,202209,101145,1.174
대만,경상북도,202210,135673,1.416
대만,경상북도,202211,116505,2.273
대만,경상북도,202212,120686,3.202
대만,경상북도,202301,145193,10.300
대만,경상북도,202302,181829,7.982
대만,경상북도,202303,176727,4.733
대만,경상북도,202304,361534,5.618
대만,경상북도,202305,365247,6.019
대만,경상북도,202306,336401,6.678
대만,경상북도,202307,343595,8.389
대만,경상북도,202308,383607,9.237
대만,경상북도,202309,374828,10.013
대만,경상북도,202310,402739,7.166
대만,경상북도,202311,310427,8.883
대만,경상북도,202312,268951,7.714
대만,경상북도,202401,253337,11.808
대만,경상북도,202402,271708,11.052
대만,경상북도,202403,353806,9.114
대만,경상북도,202404,406161,7.893
대만,경상북도,202405,419179,3.988
대만,경상북도,202406,385484,3.556
대만,경상북도,202407,380022,3.997
대만,경상북도,202408,422357,2.800
대만,경상북도,202409,438366,3.212
대만,경상북도,202410,497061,3.627
대만,경상북도,202411,404404,4.882
대만,경상북도,202412,312298,3.406
대만,경상북도,202501,258877,4.351
대만,경상북도,202502,252099,3.914
대만,경상북도,202503,438581,3.450
대만,경상북도,202504,547013,2.975
대만,경상북도,202505,576018,2.798
대만,경상북도,202506,498360,3.107
대만,경상북도,202507,531200,4.510
대만,경상북도,202508,454401,3.843
대만,경상북도,202509,493537,2.450
대만,경상북도,202510,587371,3.567
대만,경상북도,202511,501421,4.496
대만,경상북도,202512,367117,2.465
대만,경상북도,202601,287788,3.596
대만,경상북도,202602,285250,5.695
대만,경상북도,202603,438683,3.617
대만,경상북도,202604,642715,2.723
대만,경상북도,202605,771775,1.919
대만,경상북도,202606,634048,2.645
대만,경상북도,202607,579873,3.323
대만,광주광역시,202001,45864,2.039
대만,광주광역시,202002,30402,1.197
대만,광주광역시,202003,2054,0.146
대만,광주광역시,202004,3174,0.095
대만,광주광역시,202005,2923,0.103
대만,광주광역시,202006,3830,0.078
대만,광주광역시,202007,1940,0.103
대만,광주광역시,202008,2127,0.282
대만,광주광역시,202009,2253,0.000
대만,광주광역시,202010,2060,0.097
대만,광주광역시,202011,1900,0.105
대만,광주광역시,202012,2003,0.250
대만,광주광역시,202101,4534,0.066
대만,광주광역시,202102,5334,0.187
대만,광주광역시,202103,7164,0.377
대만,광주광역시,202104,6298,0.064
대만,광주광역시,202105,7691,0.065
대만,광주광역시,202106,8592,0.023
대만,광주광역시,202107,9151,0.055
대만,광주광역시,202108,11850,0.084
대만,광주광역시,202109,12836,0.086
대만,광주광역시,202110,13674,0.117
대만,광주광역시,202111,7103,0.070
대만,광주광역시,202112,7141,0.336
대만,광주광역시,202201,8080,0.062
대만,광주광역시,202202,10521,0.209
대만,광주광역시,202203,10334,0.097
대만,광주광역시,202204,11813,0.169
대만,광주광역시,202205,17515,0.103
대만,광주광역시,202206,20898,0.091
대만,광주광역시,202207,24034,0.141
대만,광주광역시,202208,27134,0.203
대만,광주광역시,202209,33371,0.240
대만,광주광역시,202210,43609,0.853
대만,광주광역시,202211,37846,0.502
대만,광주광역시,202212,40218,1.009
대만,광주광역시,202301,32188,3.430
대만,광주광역시,202302,34525,4.185
대만,광주광역시,202303,32521,1.144
대만,광주광역시,202304,92137,1.890
대만,광주광역시,202305,94713,1.826
대만,광주광역시,202306,63591,2.698
대만,광주광역시,202307,67064,2.845
대만,광주광역시,202308,68796,5.013
대만,광주광역시,202309,88903,3.354
대만,광주광역시,202310,95946,5.517
대만,광주광역시,202311,81172,3.780
대만,광주광역시,202312,64910,3.332
대만,광주광역시,202401,62043,5.830
대만,광주광역시,202402,61068,2.831
대만,광주광역시,202403,81981,2.253
대만,광주광역시,202404,84081,2.681
대만,광주광역시,202405,79208,0.958
대만,광주광역시,202406,71039,0.756
대만,광주광역시,202407,75009,0.489
대만,광주광역시,202408,77371,1.302
대만,광주광역시,202409,88588,2.304
대만,광주광역시,202410,96937,1.362
대만,광주광역시,202411,99602,1.705
대만,광주광역시,202412,72754,2.032
대만,광주광역시,202501,66077,1.312
대만,광주광역시,202502,58162,0.708
대만,광주광역시,202503,82516,0.219
대만,광주광역시,202504,94289,0.945
대만,광주광역시,202505,98363,0.917
대만,광주광역시,202506,91525,0.738
대만,광주광역시,202507,108483,1.384
대만,광주광역시,202508,97993,1.926
대만,광주광역시,202509,102792,1.210
대만,광주광역시,202510,102192,1.251
대만,광주광역시,202511,94820,1.426
대만,광주광역시,202512,82041,0.453
대만,광주광역시,202601,71412,0.654
대만,광주광역시,202602,59494,0.713
대만,광주광역시,202603,77628,1.037
대만,광주광역시,202604,95519,1.197
대만,광주광역시,202605,99479,0.600
대만,광주광역시,202606,87498,1.478
대만,대구광역시,202001,96875,15.732
대만,대구광역시,202002,58553,11.058
대만,대구광역시,202003,2473,0.243
대만,대구광역시,202004,4702,0.106
대만,대구광역시,202005,4515,0.155
대만,대구광역시,202006,5875,0.136
대만,대구광역시,202007,3446,0.261
대만,대구광역시,202008,4459,0.628
대만,대구광역시,202009,4022,0.348
대만,대구광역시,202010,3929,0.255
대만,대구광역시,202011,3916,0.306
대만,대구광역시,202012,3620,0.249
대만,대구광역시,202101,8032,0.100
대만,대구광역시,202102,10852,0.157
대만,대구광역시,202103,15706,0.115
대만,대구광역시,202104,13350,0.067
대만,대구광역시,202105,13579,0.044
대만,대구광역시,202106,13815,0.051
대만,대구광역시,202107,15819,0.057
대만,대구광역시,202108,20169,0.084
대만,대구광역시,202109,20633,0.053
대만,대구광역시,202110,23217,0.065
대만,대구광역시,202111,17181,0.076
대만,대구광역시,202112,18044,0.089
대만,대구광역시,202201,12465,0.040
대만,대구광역시,202202,15677,0.108
대만,대구광역시,202203,15486,0.097
대만,대구광역시,202204,19853,0.091
대만,대구광역시,202205,26000,0.135
대만,대구광역시,202206,28520,0.154
대만,대구광역시,202207,34814,0.287
대만,대구광역시,202208,41668,0.434
대만,대구광역시,202209,41654,0.348
대만,대구광역시,202210,56802,0.729
대만,대구광역시,202211,50074,1.250
대만,대구광역시,202212,54345,2.536
대만,대구광역시,202301,62959,23.485
대만,대구광역시,202302,62043,17.037
대만,대구광역시,202303,64119,11.020
대만,대구광역시,202304,158119,11.938
대만,대구광역시,202305,169586,13.719
대만,대구광역시,202306,132786,17.018
대만,대구광역시,202307,157629,16.850
대만,대구광역시,202308,161765,20.796
대만,대구광역시,202309,166561,23.697
대만,대구광역시,202310,165400,19.073
대만,대구광역시,202311,141208,21.027
대만,대구광역시,202312,128303,16.538
대만,대구광역시,202401,118060,24.420
대만,대구광역시,202402,124580,22.283
대만,대구광역시,202403,164731,21.802
대만,대구광역시,202404,166075,21.740
대만,대구광역시,202405,168834,15.775
대만,대구광역시,202406,150714,16.722
대만,대구광역시,202407,165796,16.819
대만,대구광역시,202408,175484,12.294
대만,대구광역시,202409,168701,11.676
대만,대구광역시,202410,188108,12.236
대만,대구광역시,202411,186804,11.963
대만,대구광역시,202412,138202,11.195
대만,대구광역시,202501,120952,11.137
대만,대구광역시,202502,111056,12.716
대만,대구광역시,202503,165480,12.174
대만,대구광역시,202504,190951,13.177
대만,대구광역시,202505,197946,11.371
대만,대구광역시,202506,179766,13.736
대만,대구광역시,202507,245848,19.387
대만,대구광역시,202508,216590,15.244
대만,대구광역시,202509,199376,7.777
대만,대구광역시,202510,221794,8.731
대만,대구광역시,202511,195336,9.594
대만,대구광역시,202512,156868,6.398
대만,대구광역시,202601,130944,8.094
대만,대구광역시,202602,128051,11.007
대만,대구광역시,202603,170979,9.409
대만,대구광역시,202604,207721,8.807
대만,대구광역시,202605,232199,6.388
대만,대구광역시,202606,213740,8.292
대만,대구광역시,202607,208150,8.160
대만,대전광역시,202001,55829,4.159
대만,대전광역시,202002,33322,2.731
대만,대전광역시,202003,2006,0.150
대만,대전광역시,202004,3472,0.115
대만,대전광역시,202005,3338,0.150
대만,대전광역시,202006,4264,0.117
대만,대전광역시,202007,2766,0.253
대만,대전광역시,202008,3767,0.372
대만,대전광역시,202009,3324,0.181
대만,대전광역시,202010,3093,0.194
대만,대전광역시,202011,3041,0.230
대만,대전광역시,202012,3234,0.124
대만,대전광역시,202101,5592,0.072
대만,대전광역시,202102,6981,0.143
대만,대전광역시,202103,9338,0.129
대만,대전광역시,202104,8824,0.068
대만,대전광역시,202105,9713,0.072
대만,대전광역시,202106,9517,0.063
대만,대전광역시,202107,10584,0.076
대만,대전광역시,202108,13853,0.173
대만,대전광역시,202109,13467,0.074
대만,대전광역시,202110,14958,0.094
대만,대전광역시,202111,11429,0.061
대만,대전광역시,202112,10639,0.103
대만,대전광역시,202201,9379,0.064
대만,대전광역시,202202,12673,0.158
대만,대전광역시,202203,12345,0.065
대만,대전광역시,202204,15328,0.078
대만,대전광역시,202205,19624,0.112
대만,대전광역시,202206,21468,0.168
대만,대전광역시,202207,27251,0.257
대만,대전광역시,202208,32616,0.371
대만,대전광역시,202209,34772,0.403
대만,대전광역시,202210,42951,0.508
대만,대전광역시,202211,36308,0.774
대만,대전광역시,202212,36559,1.857
대만,대전광역시,202301,37073,5.670
대만,대전광역시,202302,42482,2.945
대만,대전광역시,202303,42757,1.946
대만,대전광역시,202304,89222,2.489
대만,대전광역시,202305,87903,2.690
대만,대전광역시,202306,76238,2.793
대만,대전광역시,202307,85176,3.802
대만,대전광역시,202308,106395,5.309
대만,대전광역시,202309,100328,5.005
대만,대전광역시,202310,108179,4.363
대만,대전광역시,202311,84013,3.419
대만,대전광역시,202312,71494,4.817
대만,대전광역시,202401,63118,7.053
대만,대전광역시,202402,67771,4.500
대만,대전광역시,202403,85696,4.243
대만,대전광역시,202404,89221,5.004
대만,대전광역시,202405,82010,2.775
대만,대전광역시,202406,75133,2.269
대만,대전광역시,202407,82746,2.158
대만,대전광역시,202408,90416,2.146
대만,대전광역시,202409,105940,1.853
대만,대전광역시,202410,123485,2.460
대만,대전광역시,202411,96250,2.363
대만,대전광역시,202412,77758,1.990
대만,대전광역시,202501,71154,1.518
대만,대전광역시,202502,62757,1.133
대만,대전광역시,202503,89856,1.333
대만,대전광역시,202504,97016,1.384
대만,대전광역시,202505,98224,1.067
대만,대전광역시,202506,91412,1.319
대만,대전광역시,202507,117277,2.283
대만,대전광역시,202508,105273,2.007
대만,대전광역시,202509,128692,1.235
대만,대전광역시,202510,131806,1.906
대만,대전광역시,202511,112409,1.835
대만,대전광역시,202512,85503,1.067
대만,대전광역시,202601,75250,1.385
대만,대전광역시,202602,67056,1.857
대만,대전광역시,202603,102952,1.883
대만,대전광역시,202604,119105,1.507
대만,대전광역시,202605,127208,0.894
대만,대전광역시,202606,115627,1.684
대만,대전광역시,202607,132044,3.615
대만,부산광역시,202001,338825,19.016
대만,부산광역시,202002,214002,14.841
대만,부산광역시,202003,8842,2.352
대만,부산광역시,202004,13919,1.652
대만,부산광역시,202005,15653,1.936
대만,부산광역시,202006,20770,2.711
대만,부산광역시,202007,15848,0.700
대만,부산광역시,202008,18960,1.208
대만,부산광역시,202009,18082,0.492
대만,부산광역시,202010,19989,0.310
대만,부산광역시,202011,17508,0.377
대만,부산광역시,202012,19092,0.299
대만,부산광역시,202101,31615,0.857
대만,부산광역시,202102,34187,1.211
대만,부산광역시,202103,43554,0.762
대만,부산광역시,202104,39251,0.599
대만,부산광역시,202105,46111,0.601
대만,부산광역시,202106,45997,0.500
대만,부산광역시,202107,46616,0.633
대만,부산광역시,202108,54494,1.171
대만,부산광역시,202109,49393,0.624
대만,부산광역시,202110,56224,0.799
대만,부산광역시,202111,50862,0.625
대만,부산광역시,202112,51640,0.571
대만,부산광역시,202201,44567,0.487
대만,부산광역시,202202,50236,1.284
대만,부산광역시,202203,50024,0.804
대만,부산광역시,202204,60903,0.634
대만,부산광역시,202205,78390,0.722
대만,부산광역시,202206,88873,0.807
대만,부산광역시,202207,106815,0.953
대만,부산광역시,202208,130976,2.059
대만,부산광역시,202209,136337,1.661
대만,부산광역시,202210,217129,2.447
대만,부산광역시,202211,172245,4.818
대만,부산광역시,202212,203030,8.094
대만,부산광역시,202301,325980,22.640
대만,부산광역시,202302,345615,17.759
대만,부산광역시,202303,387482,10.849
대만,부산광역시,202304,806265,15.045
대만,부산광역시,202305,774836,15.184
대만,부산광역시,202306,725702,19.468
대만,부산광역시,202307,730656,21.099
대만,부산광역시,202308,804260,23.820
대만,부산광역시,202309,861009,25.437
대만,부산광역시,202310,1013180,16.410
대만,부산광역시,202311,826323,16.884
대만,부산광역시,202312,686731,18.082
대만,부산광역시,202401,610177,27.974
대만,부산광역시,202402,681974,27.125
대만,부산광역시,202403,945181,24.200
대만,부산광역시,202404,1063346,24.118
대만,부산광역시,202405,992272,18.989
대만,부산광역시,202406,944406,18.953
대만,부산광역시,202407,966378,21.269
대만,부산광역시,202408,1076835,17.186
대만,부산광역시,202409,996871,17.039
대만,부산광역시,202410,1207511,15.657
대만,부산광역시,202411,983932,19.497
대만,부산광역시,202412,913349,17.358
대만,부산광역시,202501,752878,20.348
대만,부산광역시,202502,656780,22.342
대만,부산광역시,202503,1034150,19.001
대만,부산광역시,202504,1282258,20.735
대만,부산광역시,202505,1279653,20.745
대만,부산광역시,202506,1205348,22.236
대만,부산광역시,202507,1653914,28.021
대만,부산광역시,202508,1364638,23.920
대만,부산광역시,202509,1285642,18.956
대만,부산광역시,202510,1524020,17.017
대만,부산광역시,202511,1418695,20.306
대만,부산광역시,202512,1146324,19.374
대만,부산광역시,202601,1013260,22.425
대만,부산광역시,202602,1133814,27.333
대만,부산광역시,202603,1484014,23.526
대만,부산광역시,202604,1710921,20.431
대만,부산광역시,202605,1910947,18.925
대만,부산광역시,202606,2058919,21.734
대만,부산광역시,202607,2020622,26.224
대만,서울특별시,202001,2029695,14.072
대만,서울특별시,202002,1087730,9.039
대만,서울특별시,202003,34160,0.419
대만,서울특별시,202004,47062,0.223
대만,서울특별시,202005,53983,0.233
대만,서울특별시,202006,69499,0.360
대만,서울특별시,202007,63401,0.431
대만,서울특별시,202008,80364,0.758
대만,서울특별시,202009,78187,0.480
대만,서울특별시,202010,75875,0.463
대만,서울특별시,202011,73468,0.491
대만,서울특별시,202012,72805,0.490
대만,서울특별시,202101,86978,0.210
대만,서울특별시,202102,106108,0.244
대만,서울특별시,202103,138717,0.164
대만,서울특별시,202104,119328,0.116
대만,서울특별시,202105,123672,0.124
대만,서울특별시,202106,124195,0.109
대만,서울특별시,202107,139743,0.107
대만,서울특별시,202108,174626,0.212
대만,서울특별시,202109,164899,0.112
대만,서울특별시,202110,180555,0.148
대만,서울특별시,202111,155590,0.120
대만,서울특별시,202112,155897,0.129
대만,서울특별시,202201,128741,0.085
대만,서울특별시,202202,170375,0.166
대만,서울특별시,202203,162059,0.118
대만,서울특별시,202204,217226,0.117
대만,서울특별시,202205,285796,0.190
대만,서울특별시,202206,356390,0.291
대만,서울특별시,202207,451111,0.519
대만,서울특별시,202208,549393,1.182
대만,서울특별시,202209,594527,1.181
대만,서울특별시,202210,873808,2.634
대만,서울특별시,202211,791751,4.802
대만,서울특별시,202212,1007726,7.909
대만,서울특별시,202301,1181600,18.807
대만,서울특별시,202302,1296856,15.684
대만,서울특별시,202303,1434333,7.273
대만,서울특별시,202304,3136446,11.028
대만,서울특별시,202305,3135586,10.467
대만,서울특별시,202306,3092666,11.766
대만,서울특별시,202307,3208067,11.854
대만,서울특별시,202308,3414283,14.445
대만,서울특별시,202309,3398620,15.473
대만,서울특별시,202310,3779528,11.720
대만,서울특별시,202311,3427845,10.521
대만,서울특별시,202312,3294170,13.292
대만,서울특별시,202401,2698724,21.468
대만,서울특별시,202402,2842766,18.382
대만,서울특별시,202403,3668370,15.011
대만,서울특별시,202404,3887721,17.708
대만,서울특별시,202405,3444704,11.506
대만,서울특별시,202406,3337312,10.358
대만,서울특별시,202407,3392463,10.441
대만,서울특별시,202408,3579293,8.656
대만,서울특별시,202409,3505875,8.480
대만,서울특별시,202410,4412558,6.947
대만,서울특별시,202411,3477376,8.156
대만,서울특별시,202412,3294533,8.883
대만,서울특별시,202501,2665409,12.756
대만,서울특별시,202502,2386482,12.881
대만,서울특별시,202503,3570478,8.220
대만,서울특별시,202504,4190106,8.373
대만,서울특별시,202505,4175491,7.807
대만,서울특별시,202506,4170480,8.104
대만,서울특별시,202507,4781449,11.572
대만,서울특별시,202508,3997109,10.696
대만,서울특별시,202509,4080530,7.353
대만,서울특별시,202510,4724138,6.766
대만,서울특별시,202511,4499486,7.347
대만,서울특별시,202512,4168698,7.994
대만,서울특별시,202601,3363997,9.711
대만,서울특별시,202602,3371051,12.059
대만,서울특별시,202603,4268420,7.423
대만,서울특별시,202604,5157532,6.084
대만,서울특별시,202605,5472909,6.228
대만,서울특별시,202606,5329857,7.055
대만,서울특별시,202607,5708648,8.950
대만,세종특별자치시,202001,19308,1.139
대만,세종특별자치시,202002,11415,0.517
대만,세종특별자치시,202003,624,0.160
대만,세종특별자치시,202004,1009,0.099
대만,세종특별자치시,202005,975,0.103
대만,세종특별자치시,202006,1320,0.076
대만,세종특별자치시,202007,767,0.261
대만,세종특별자치시,202008,967,0.620
대만,세종특별자치시,202009,920,0.217
대만,세종특별자치시,202010,829,0.483
대만,세종특별자치시,202011,641,0.156
대만,세종특별자치시,202012,738,
대만,세종특별자치시,202101,1677,0.060
대만,세종특별자치시,202102,1976,0.152
대만,세종특별자치시,202103,2602,0.115
대만,세종특별자치시,202104,2146,0.093
대만,세종특별자치시,202105,2222,0.135
대만,세종특별자치시,202106,2242,0.045
대만,세종특별자치시,202107,2445,0.082
대만,세종특별자치시,202108,3176,0.126
대만,세종특별자치시,202109,2794,0.107
대만,세종특별자치시,202110,2881,0.139
대만,세종특별자치시,202111,2428,0.124
대만,세종특별자치시,202112,2610,0.115
대만,세종특별자치시,202201,2864,0.035
대만,세종특별자치시,202202,4160,0.048
대만,세종특별자치시,202203,3785,0.053
대만,세종특별자치시,202204,4527,0.044
대만,세종특별자치시,202205,5973,0.033
대만,세종특별자치시,202206,7268,0.096
대만,세종특별자치시,202207,9074,0.077
대만,세종특별자치시,202208,10993,0.164
대만,세종특별자치시,202209,10643,0.179
대만,세종특별자치시,202210,12250,0.359
대만,세종특별자치시,202211,11515,0.677
대만,세종특별자치시,202212,12143,0.980
대만,세종특별자치시,202301,9903,1.626
대만,세종특별자치시,202302,12422,2.254
대만,세종특별자치시,202303,12821,1.568
대만,세종특별자치시,202304,27566,1.625
대만,세종특별자치시,202305,26522,2.228
대만,세종특별자치시,202306,26520,1.742
대만,세종특별자치시,202307,36393,2.528
대만,세종특별자치시,202308,31613,3.562
대만,세종특별자치시,202309,33792,4.409
대만,세종특별자치시,202310,32137,3.529
대만,세종특별자치시,202311,29358,4.758
대만,세종특별자치시,202312,26691,2.919
대만,세종특별자치시,202401,23421,5.495
대만,세종특별자치시,202402,23304,4.068
대만,세종특별자치시,202403,26860,2.919
대만,세종특별자치시,202404,28467,2.937
대만,세종특별자치시,202405,28534,2.324
대만,세종특별자치시,202406,24801,2.072
대만,세종특별자치시,202407,29800,1.691
대만,세종특별자치시,202408,33632,1.186
대만,세종특별자치시,202409,34377,1.376
대만,세종특별자치시,202410,41594,1.063
대만,세종특별자치시,202411,33073,1.352
대만,세종특별자치시,202412,26223,0.885
대만,세종특별자치시,202501,28392,1.208
대만,세종특별자치시,202502,27480,1.354
대만,세종특별자치시,202503,32330,0.733
대만,세종특별자치시,202504,31973,0.960
대만,세종특별자치시,202505,33037,1.065
대만,세종특별자치시,202506,35605,2.143
대만,세종특별자치시,202507,87784,1.001
대만,세종특별자치시,202508,42764,1.854
대만,세종특별자치시,202509,41375,0.882
대만,세종특별자치시,202510,44669,1.310
대만,세종특별자치시,202511,38725,1.635
대만,세종특별자치시,202512,31492,1.137
대만,세종특별자치시,202601,27592,0.957
대만,세종특별자치시,202602,27309,1.816
대만,세종특별자치시,202603,37936,2.699
대만,세종특별자치시,202604,46559,1.798
대만,세종특별자치시,202605,48815,1.954
대만,세종특별자치시,202606,43219,2.559
대만,세종특별자치시,202607,45126,1.757
대만,울산광역시,202001,78403,6.345
대만,울산광역시,202002,55180,6.731
대만,울산광역시,202003,4308,1.695
대만,울산광역시,202004,5812,1.497
대만,울산광역시,202005,6459,1.734
대만,울산광역시,202006,9052,2.497
대만,울산광역시,202007,5141,0.331
대만,울산광역시,202008,4828,0.704
대만,울산광역시,202009,4799,0.563
대만,울산광역시,202010,4645,0.538
대만,울산광역시,202011,4422,0.543
대만,울산광역시,202012,4711,0.382
대만,울산광역시,202101,16461,0.759
대만,울산광역시,202102,18129,0.866
대만,울산광역시,202103,23556,0.552
대만,울산광역시,202104,20434,0.382
대만,울산광역시,202105,19858,0.473
대만,울산광역시,202106,19936,0.401
대만,울산광역시,202107,20110,0.482
대만,울산광역시,202108,22189,0.933
대만,울산광역시,202109,20316,0.561
대만,울산광역시,202110,24301,0.712
대만,울산광역시,202111,29522,0.352
대만,울산광역시,202112,31707,0.363
대만,울산광역시,202201,23351,0.407
대만,울산광역시,202202,25888,1.024
대만,울산광역시,202203,24554,0.591
대만,울산광역시,202204,31724,0.511
대만,울산광역시,202205,37602,0.545
대만,울산광역시,202206,47013,0.659
대만,울산광역시,202207,51986,0.667
대만,울산광역시,202208,54820,1.655
대만,울산광역시,202209,58293,0.997
대만,울산광역시,202210,75441,0.976
대만,울산광역시,202211,68434,1.851
대만,울산광역시,202212,74438,2.935
대만,울산광역시,202301,117333,8.130
대만,울산광역시,202302,137938,6.506
대만,울산광역시,202303,120261,4.756
대만,울산광역시,202304,178569,6.079
대만,울산광역시,202305,194076,6.503
대만,울산광역시,202306,201549,6.028
대만,울산광역시,202307,220249,6.455
대만,울산광역시,202308,228914,8.127
대만,울산광역시,202309,242125,8.054
대만,울산광역시,202310,262102,4.873
대만,울산광역시,202311,225627,5.373
대만,울산광역시,202312,241807,5.057
대만,울산광역시,202401,217760,9.579
대만,울산광역시,202402,232107,6.737
대만,울산광역시,202403,294022,5.400
대만,울산광역시,202404,301463,4.627
대만,울산광역시,202405,283145,3.610
대만,울산광역시,202406,277446,2.296
대만,울산광역시,202407,294370,2.349
대만,울산광역시,202408,281348,2.205
대만,울산광역시,202409,298876,2.059
대만,울산광역시,202410,290605,2.228
대만,울산광역시,202411,235508,2.347
대만,울산광역시,202412,260779,1.809
대만,울산광역시,202501,224064,1.984
대만,울산광역시,202502,215576,2.572
대만,울산광역시,202503,270310,2.546
대만,울산광역시,202504,274057,3.591
대만,울산광역시,202505,269160,4.080
대만,울산광역시,202506,298481,2.982
대만,울산광역시,202507,386997,3.221
대만,울산광역시,202508,321701,2.878
대만,울산광역시,202509,290923,2.952
대만,울산광역시,202510,309567,2.638
대만,울산광역시,202511,293819,2.471
대만,울산광역시,202512,288304,1.969
대만,울산광역시,202601,253417,2.050
대만,울산광역시,202602,227757,3.898
대만,울산광역시,202603,256259,3.811
대만,울산광역시,202604,279626,3.170
대만,울산광역시,202605,318676,2.764
대만,울산광역시,202606,352613,2.962
대만,울산광역시,202607,319295,2.873
대만,인천광역시,202001,1104957,12.384
대만,인천광역시,202002,504420,9.763
대만,인천광역시,202003,13738,1.150
대만,인천광역시,202004,19210,1.015
대만,인천광역시,202005,21719,1.110
대만,인천광역시,202006,23079,1.478
대만,인천광역시,202007,21199,0.458
대만,인천광역시,202008,24421,1.024
대만,인천광역시,202009,23900,0.481
대만,인천광역시,202010,25120,0.474
대만,인천광역시,202011,24959,0.481
대만,인천광역시,202012,25664,0.436
대만,인천광역시,202101,37926,0.770
대만,인천광역시,202102,40885,1.120
대만,인천광역시,202103,54782,0.666
대만,인천광역시,202104,51740,0.549
대만,인천광역시,202105,50501,0.669
대만,인천광역시,202106,51735,0.638
대만,인천광역시,202107,53717,0.612
대만,인천광역시,202108,71190,0.979
대만,인천광역시,202109,68911,0.556
대만,인천광역시,202110,74203,0.737
대만,인천광역시,202111,62481,0.615
대만,인천광역시,202112,60462,0.541
대만,인천광역시,202201,54901,0.470
대만,인천광역시,202202,66338,1.122
대만,인천광역시,202203,65677,0.909
대만,인천광역시,202204,82113,0.913
대만,인천광역시,202205,109639,0.965
대만,인천광역시,202206,136670,0.884
대만,인천광역시,202207,168803,1.042
대만,인천광역시,202208,205777,1.854
대만,인천광역시,202209,227248,2.488
대만,인천광역시,202210,330994,4.164
대만,인천광역시,202211,318809,6.430
대만,인천광역시,202212,381041,8.312
대만,인천광역시,202301,607696,20.048
대만,인천광역시,202302,623221,16.470
대만,인천광역시,202303,643395,8.584
대만,인천광역시,202304,1413132,12.143
대만,인천광역시,202305,1443371,12.554
대만,인천광역시,202306,1479448,13.074
대만,인천광역시,202307,1548546,13.226
대만,인천광역시,202308,1724891,16.035
대만,인천광역시,202309,1730353,17.515
대만,인천광역시,202310,1941428,12.949
대만,인천광역시,202311,1725543,11.597
대만,인천광역시,202312,1622928,14.099
대만,인천광역시,202401,1471401,21.916
대만,인천광역시,202402,1486281,17.850
대만,인천광역시,202403,2061225,15.055
대만,인천광역시,202404,2067985,17.767
대만,인천광역시,202405,1803020,11.091
대만,인천광역시,202406,1771322,9.354
대만,인천광역시,202407,1807796,9.358
대만,인천광역시,202408,1876672,8.110
대만,인천광역시,202409,1837555,8.041
대만,인천광역시,202410,2194857,6.548
대만,인천광역시,202411,1775065,7.842
대만,인천광역시,202412,1655611,8.346
대만,인천광역시,202501,1402159,10.808
대만,인천광역시,202502,1334863,11.296
대만,인천광역시,202503,1933621,7.638
대만,인천광역시,202504,2217972,7.594
대만,인천광역시,202505,2133133,7.152
대만,인천광역시,202506,2147523,7.747
대만,인천광역시,202507,2807118,10.274
대만,인천광역시,202508,2169473,9.563
대만,인천광역시,202509,2083656,6.884
대만,인천광역시,202510,2319960,6.558
대만,인천광역시,202511,2275186,6.923
대만,인천광역시,202512,2012194,7.441
대만,인천광역시,202601,1766196,8.444
대만,인천광역시,202602,1793377,9.825
대만,인천광역시,202603,2126711,7.111
대만,인천광역시,202604,2743493,5.633
대만,인천광역시,202605,2795101,5.831
대만,인천광역시,202606,2748819,6.672
대만,인천광역시,202607,3681039,7.365
대만,전라남도,202001,206533,4.627
대만,전라남도,202002,118387,5.401
대만,전라남도,202003,9478,2.110
대만,전라남도,202004,13164,1.656
대만,전라남도,202005,13668,2.056
대만,전라남도,202006,15414,2.880
대만,전라남도,202007,7407,0.459
대만,전라남도,202008,8253,0.642
대만,전라남도,202009,7502,0.373
대만,전라남도,202010,7050,0.369
대만,전라남도,202011,7220,0.374
대만,전라남도,202012,7472,0.281
대만,전라남도,202101,29810,1.107
대만,전라남도,202102,29728,1.645
대만,전라남도,202103,38926,0.963
대만,전라남도,202104,34586,0.792
대만,전라남도,202105,35106,0.843
대만,전라남도,202106,35767,0.710
대만,전라남도,202107,38061,0.780
대만,전라남도,202108,39082,1.359
대만,전라남도,202109,35865,0.920
대만,전라남도,202110,40792,1.128
대만,전라남도,202111,43425,0.852
대만,전라남도,202112,46058,0.725
대만,전라남도,202201,37636,0.739
대만,전라남도,202202,39888,2.108
대만,전라남도,202203,40524,1.096
대만,전라남도,202204,45239,0.906
대만,전라남도,202205,59157,1.085
대만,전라남도,202206,70438,0.999
대만,전라남도,202207,87552,1.151
대만,전라남도,202208,97152,3.084
대만,전라남도,202209,100954,2.418
대만,전라남도,202210,136102,2.744
대만,전라남도,202211,126290,3.613
대만,전라남도,202212,145464,5.394
대만,전라남도,202301,225096,8.084
대만,전라남도,202302,242351,7.080
대만,전라남도,202303,196691,5.256
대만,전라남도,202304,354446,6.034
대만,전라남도,202305,345558,7.527
대만,전라남도,202306,349573,6.279
대만,전라남도,202307,432784,6.780
대만,전라남도,202308,440342,8.612
대만,전라남도,202309,408295,8.573
대만,전라남도,202310,537949,4.598
대만,전라남도,202311,505700,5.383
대만,전라남도,202312,646436,4.640
대만,전라남도,202401,570830,7.277
대만,전라남도,202402,489895,5.639
대만,전라남도,202403,565116,4.374
대만,전라남도,202404,581211,4.156
대만,전라남도,202405,617892,1.722
대만,전라남도,202406,659947,0.943
대만,전라남도,202407,706549,0.785
대만,전라남도,202408,589488,1.212
대만,전라남도,202409,566355,1.070
대만,전라남도,202410,620151,1.075
대만,전라남도,202411,541757,1.290
대만,전라남도,202412,580886,1.202
대만,전라남도,202501,520831,0.925
대만,전라남도,202502,423828,1.103
대만,전라남도,202503,557197,1.228
대만,전라남도,202504,656172,1.271
대만,전라남도,202505,722592,1.040
대만,전라남도,202506,715249,1.531
대만,전라남도,202507,833703,2.096
대만,전라남도,202508,698671,1.453
대만,전라남도,202509,645535,1.213
대만,전라남도,202510,596081,1.510
대만,전라남도,202511,617900,1.834
대만,전라남도,202512,649214,1.468
대만,전라남도,202601,569429,1.851
대만,전라남도,202602,510940,2.323
대만,전라남도,202603,522430,3.136
대만,전라남도,202604,652673,3.221
대만,전라남도,202605,902969,2.177
대만,전라남도,202606,787154,2.065
대만,전북특별자치도,202001,98766,4.588
대만,전북특별자치도,202002,58273,4.336
대만,전북특별자치도,202003,3887,1.595
대만,전북특별자치도,202004,6842,1.038
대만,전북특별자치도,202005,6286,1.400
대만,전북특별자치도,202006,7793,1.591
대만,전북특별자치도,202007,4795,0.355
대만,전북특별자치도,202008,5801,0.483
대만,전북특별자치도,202009,5825,0.292
대만,전북특별자치도,202010,4915,0.407
대만,전북특별자치도,202011,4935,0.223
대만,전북특별자치도,202012,4498,0.356
대만,전북특별자치도,202101,10922,0.815
대만,전북특별자치도,202102,11941,1.147
대만,전북특별자치도,202103,16275,0.571
대만,전북특별자치도,202104,14022,0.435
대만,전북특별자치도,202105,14047,0.527
대만,전북특별자치도,202106,13424,0.432
대만,전북특별자치도,202107,13868,0.498
대만,전북특별자치도,202108,17069,0.896
대만,전북특별자치도,202109,16832,0.499
대만,전북특별자치도,202110,18219,0.670
대만,전북특별자치도,202111,16553,0.495
대만,전북특별자치도,202112,17771,0.467
대만,전북특별자치도,202201,16648,0.475
대만,전북특별자치도,202202,20767,1.406
대만,전북특별자치도,202203,21502,0.670
대만,전북특별자치도,202204,25815,0.550
대만,전북특별자치도,202205,33315,0.618
대만,전북특별자치도,202206,42168,0.673
대만,전북특별자치도,202207,51233,0.722
대만,전북특별자치도,202208,55416,1.694
대만,전북특별자치도,202209,59710,1.355
대만,전북특별자치도,202210,79297,1.380
대만,전북특별자치도,202211,70737,2.405
대만,전북특별자치도,202212,75806,3.526
대만,전북특별자치도,202301,84867,6.417
대만,전북특별자치도,202302,106214,6.747
대만,전북특별자치도,202303,93633,2.925
대만,전북특별자치도,202304,191901,3.897
대만,전북특별자치도,202305,191751,3.868
대만,전북특별자치도,202306,166688,4.182
대만,전북특별자치도,202307,212839,6.033
대만,전북특별자치도,202308,408861,11.136
대만,전북특별자치도,202309,208191,7.448
대만,전북특별자치도,202310,237946,6.048
대만,전북특별자치도,202311,205121,8.641
대만,전북특별자치도,202312,179196,5.519
대만,전북특별자치도,202401,156615,7.748
대만,전북특별자치도,202402,147933,6.602
대만,전북특별자치도,202403,195923,6.275
대만,전북특별자치도,202404,221306,5.377
대만,전북특별자치도,202405,224342,1.671
대만,전북특별자치도,202406,188612,1.418
대만,전북특별자치도,202407,215712,0.993
대만,전북특별자치도,202408,187996,1.414
대만,전북특별자치도,202409,195250,1.234
대만,전북특별자치도,202410,232580,2.903
대만,전북특별자치도,202411,205404,4.561
대만,전북특별자치도,202412,174337,0.887
대만,전북특별자치도,202501,147432,0.917
대만,전북특별자치도,202502,133767,0.880
대만,전북특별자치도,202503,209875,1.145
대만,전북특별자치도,202504,276612,1.093
대만,전북특별자치도,202505,292129,0.683
대만,전북특별자치도,202506,267107,0.896
대만,전북특별자치도,202507,272860,1.142
대만,전북특별자치도,202508,220621,1.568
대만,전북특별자치도,202509,228688,1.088
대만,전북특별자치도,202510,247189,1.900
대만,전북특별자치도,202511,226841,3.673
대만,전북특별자치도,202512,195872,0.749
대만,전북특별자치도,202601,178150,0.805
대만,전북특별자치도,202602,195640,1.809
대만,전북특별자치도,202603,248557,1.098
대만,전북특별자치도,202604,352029,0.794
대만,전북특별자치도,202605,441879,0.659
대만,전북특별자치도,202606,367097,0.652
대만,전북특별자치도,202607,368859,0.855
대만,제주특별자치도,202001,484742,14.948
대만,제주특별자치도,202002,128605,5.882
대만,제주특별자치도,202003,6049,0.645
대만,제주특별자치도,202004,7296,0.617
대만,제주특별자치도,202005,8268,0.689
대만,제주특별자치도,202006,10173,0.639
대만,제주특별자치도,202007,7377,0.122
대만,제주특별자치도,202008,10260,0.146
대만,제주특별자치도,202009,9204,0.141
대만,제주특별자치도,202010,7518,0.080
대만,제주특별자치도,202011,6786,0.074
대만,제주특별자치도,202012,6246,0.064
대만,제주특별자치도,202101,14504,0.414
대만,제주특별자치도,202102,16966,0.536
대만,제주특별자치도,202103,25540,0.294
대만,제주특별자치도,202104,21347,0.253
대만,제주특별자치도,202105,20932,0.277
대만,제주특별자치도,202106,19738,0.243
대만,제주특별자치도,202107,20472,0.313
대만,제주특별자치도,202108,23199,0.435
대만,제주특별자치도,202109,21944,0.260
대만,제주특별자치도,202110,21003,0.371
대만,제주특별자치도,202111,21537,0.339
대만,제주특별자치도,202112,22724,0.290
대만,제주특별자치도,202201,18177,0.275
대만,제주특별자치도,202202,24328,0.592
대만,제주특별자치도,202203,23942,0.351
대만,제주특별자치도,202204,24466,0.360
대만,제주특별자치도,202205,32562,0.479
대만,제주특별자치도,202206,38551,0.558
대만,제주특별자치도,202207,47658,0.852
대만,제주특별자치도,202208,64017,1.650
대만,제주특별자치도,202209,66077,1.510
대만,제주특별자치도,202210,91384,2.939
대만,제주특별자치도,202211,92831,5.008
대만,제주특별자치도,202212,117341,8.309
대만,제주특별자치도,202301,138180,23.861
대만,제주특별자치도,202302,146752,17.750
대만,제주특별자치도,202303,169413,10.703
대만,제주특별자치도,202304,400863,13.885
대만,제주특별자치도,202305,475539,13.686
대만,제주특별자치도,202306,550453,12.740
대만,제주특별자치도,202307,654311,13.113
대만,제주특별자치도,202308,786252,15.593
대만,제주특별자치도,202309,707211,19.541
대만,제주특별자치도,202310,732072,12.488
대만,제주특별자치도,202311,606062,12.397
대만,제주특별자치도,202312,692289,13.840
대만,제주특별자치도,202401,748186,20.328
대만,제주특별자치도,202402,786234,15.499
대만,제주특별자치도,202403,940890,14.694
대만,제주특별자치도,202404,1036234,15.235
대만,제주특별자치도,202405,1054502,8.562
대만,제주특별자치도,202406,1061993,8.446
대만,제주특별자치도,202407,1055550,8.362
대만,제주특별자치도,202408,1246998,8.581
대만,제주특별자치도,202409,1044873,7.617
대만,제주특별자치도,202410,1156086,6.317
대만,제주특별자치도,202411,754073,7.741
대만,제주특별자치도,202412,695703,7.290
대만,제주특별자치도,202501,738896,6.580
대만,제주특별자치도,202502,768969,5.645
대만,제주특별자치도,202503,920572,7.198
대만,제주특별자치도,202504,1156869,7.282
대만,제주특별자치도,202505,1431659,7.300
대만,제주특별자치도,202506,1367357,7.644
대만,제주특별자치도,202507,1857932,12.559
대만,제주특별자치도,202508,1625049,8.644
대만,제주특별자치도,202509,1360103,8.524
대만,제주특별자치도,202510,1333676,10.189
대만,제주특별자치도,202511,1011727,12.460
대만,제주특별자치도,202512,919311,12.773
대만,제주특별자치도,202601,916323,12.873
대만,제주특별자치도,202602,1090067,12.725
대만,제주특별자치도,202603,1208292,12.348
대만,제주특별자치도,202604,1559270,9.846
대만,제주특별자치도,202605,1773782,8.953
대만,제주특별자치도,202606,1654000,10.138
대만,제주특별자치도,202607,1739035,10.318
대만,충청남도,202001,171882,3.690
대만,충청남도,202002,107226,3.097
대만,충청남도,202003,6867,0.990
대만,충청남도,202004,10545,0.711
대만,충청남도,202005,9629,0.966
대만,충청남도,202006,12676,1.586
대만,충청남도,202007,8001,0.450
대만,충청남도,202008,9617,0.801
대만,충청남도,202009,9265,0.313
대만,충청남도,202010,8232,0.219
대만,충청남도,202011,8123,0.222
대만,충청남도,202012,7811,0.346
대만,충청남도,202101,17262,0.585
대만,충청남도,202102,19598,0.985
대만,충청남도,202103,25082,0.498
대만,충청남도,202104,23373,0.415
대만,충청남도,202105,23708,0.447
대만,충청남도,202106,23317,0.407
대만,충청남도,202107,24848,0.390
대만,충청남도,202108,30019,0.610
대만,충청남도,202109,27782,0.371
대만,충청남도,202110,29191,0.483
대만,충청남도,202111,27175,0.478
대만,충청남도,202112,26761,0.415
대만,충청남도,202201,28268,0.368
대만,충청남도,202202,35206,0.790
대만,충청남도,202203,35449,0.420
대만,충청남도,202204,41497,0.381
대만,충청남도,202205,55110,0.410
대만,충청남도,202206,71541,0.337
대만,충청남도,202207,85510,0.451
대만,충청남도,202208,98677,0.939
대만,충청남도,202209,100736,0.717
대만,충청남도,202210,129873,1.067
대만,충청남도,202211,118814,1.385
대만,충청남도,202212,123626,1.819
대만,충청남도,202301,149010,5.381
대만,충청남도,202302,162331,4.446
대만,충청남도,202303,143135,2.667
대만,충청남도,202304,297568,2.715
대만,충청남도,202305,299132,3.467
대만,충청남도,202306,283455,3.212
대만,충청남도,202307,317054,4.080
대만,충청남도,202308,414576,5.750
대만,충청남도,202309,346885,5.222
대만,충청남도,202310,372177,4.152
대만,충청남도,202311,312851,4.826
대만,충청남도,202312,306279,4.291
대만,충청남도,202401,271955,6.692
대만,충청남도,202402,279426,5.113
대만,충청남도,202403,366497,4.987
대만,충청남도,202404,364603,5.189
대만,충청남도,202405,358501,2.153
대만,충청남도,202406,312183,1.214
대만,충청남도,202407,341064,1.668
대만,충청남도,202408,348213,1.861
대만,충청남도,202409,350375,1.666
대만,충청남도,202410,385943,1.919
대만,충청남도,202411,318503,2.254
대만,충청남도,202412,294281,1.002
대만,충청남도,202501,257248,1.119
대만,충청남도,202502,244164,1.136
대만,충청남도,202503,361085,1.732
대만,충청남도,202504,418540,0.989
대만,충청남도,202505,411090,1.145
대만,충청남도,202506,378634,1.091
대만,충청남도,202507,440996,1.245
대만,충청남도,202508,399117,1.705
대만,충청남도,202509,412340,1.072
대만,충청남도,202510,433448,1.668
대만,충청남도,202511,379444,2.219
대만,충청남도,202512,353410,1.004
대만,충청남도,202601,324436,1.326
대만,충청남도,202602,294175,1.465
대만,충청남도,202603,376051,1.206
대만,충청남도,202604,493530,0.758
대만,충청남도,202605,576864,0.828
대만,충청남도,202606,529348,0.789
대만,충청남도,202607,523758,0.934
대만,충청북도,202001,112377,2.242
대만,충청북도,202002,72810,1.567
대만,충청북도,202003,4559,0.132
대만,충청북도,202004,6805,0.088
대만,충청북도,202005,5945,0.084
대만,충청북도,202006,7770,0.116
대만,충청북도,202007,4503,0.178
대만,충청북도,202008,5651,0.372
대만,충청북도,202009,5333,0.150
대만,충청북도,202010,4496,0.089
대만,충청북도,202011,4258,0.188
대만,충청북도,202012,4026,0.174
대만,충청북도,202101,10181,0.069
대만,충청북도,202102,10982,0.137
대만,충청북도,202103,15351,0.130
대만,충청북도,202104,14150,0.078
대만,충청북도,202105,15186,0.066
대만,충청북도,202106,16765,0.036
대만,충청북도,202107,18880,0.032
대만,충청북도,202108,23115,0.100
대만,충청북도,202109,23474,0.064
대만,충청북도,202110,27262,0.077
대만,충청북도,202111,18273,0.082
대만,충청북도,202112,18181,0.094
대만,충청북도,202201,18806,0.037
대만,충청북도,202202,23134,0.117
대만,충청북도,202203,20614,0.053
대만,충청북도,202204,29763,0.040
대만,충청북도,202205,39279,0.076
대만,충청북도,202206,55534,0.088
대만,충청북도,202207,66244,0.113
대만,충청북도,202208,74788,0.215
대만,충청북도,202209,73677,0.200
대만,충청북도,202210,94593,0.373
대만,충청북도,202211,87406,0.475
대만,충청북도,202212,91862,0.592
대만,충청북도,202301,83605,2.557
대만,충청북도,202302,94841,1.634
대만,충청북도,202303,92177,1.335
대만,충청북도,202304,197449,1.513
대만,충청북도,202305,204806,1.537
대만,충청북도,202306,197842,1.475
대만,충청북도,202307,207965,2.362
대만,충청북도,202308,246031,2.766
대만,충청북도,202309,229018,3.074
대만,충청북도,202310,228670,2.956
대만,충청북도,202311,191221,2.876
대만,충청북도,202312,174601,3.825
대만,충청북도,202401,167867,7.141
대만,충청북도,202402,174352,10.115
대만,충청북도,202403,206775,5.120
대만,충청북도,202404,233049,5.623
대만,충청북도,202405,251793,2.384
대만,충청북도,202406,222080,3.538
대만,충청북도,202407,236830,4.209
대만,충청북도,202408,232127,4.841
대만,충청북도,202409,254701,3.536
대만,충청북도,202410,286212,2.524
대만,충청북도,202411,226831,1.288
대만,충청북도,202412,176694,1.379
대만,충청북도,202501,158778,6.638
대만,충청북도,202502,144275,5.411
대만,충청북도,202503,224059,3.404
대만,충청북도,202504,272700,1.417
대만,충청북도,202505,280761,2.092
대만,충청북도,202506,253224,2.185
대만,충청북도,202507,343138,7.986
대만,충청북도,202508,258732,5.967
대만,충청북도,202509,286119,4.098
대만,충청북도,202510,312609,4.233
대만,충청북도,202511,265796,3.916
대만,충청북도,202512,199446,4.432
대만,충청북도,202601,169368,6.737
대만,충청북도,202602,160373,9.995
대만,충청북도,202603,245930,4.537
대만,충청북도,202604,333594,3.185
대만,충청북도,202605,397317,2.248
대만,충청북도,202606,336577,3.718
대만,충청북도,202607,318730,4.160
미국,강원특별자치도,202001,155793,2.107
미국,강원특별자치도,202002,78089,2.463
미국,강원특별자치도,202003,3030,3.696
미국,강원특별자치도,202004,4840,7.004
미국,강원특별자치도,202005,4483,9.503
미국,강원특별자치도,202006,6347,8.335
미국,강원특별자치도,202007,4340,15.507
미국,강원특별자치도,202008,5165,14.676
미국,강원특별자치도,202009,4824,12.832
미국,강원특별자치도,202010,4489,14.123
미국,강원특별자치도,202011,4084,15.230
미국,강원특별자치도,202012,3549,15.807
미국,강원특별자치도,202101,7048,6.853
미국,강원특별자치도,202102,7889,7.251
미국,강원특별자치도,202103,9690,5.624
미국,강원특별자치도,202104,8484,4.939
미국,강원특별자치도,202105,9432,5.513
미국,강원특별자치도,202106,9403,7.444
미국,강원특별자치도,202107,11156,9.950
미국,강원특별자치도,202108,13493,8.486
미국,강원특별자치도,202109,11693,10.425
미국,강원특별자치도,202110,12725,11.505
미국,강원특별자치도,202111,10433,6.269
미국,강원특별자치도,202112,11036,6.714
미국,강원특별자치도,202201,12081,9.478
미국,강원특별자치도,202202,14742,7.821
미국,강원특별자치도,202203,14171,5.610
미국,강원특별자치도,202204,19600,13.668
미국,강원특별자치도,202205,31620,8.963
미국,강원특별자치도,202206,46109,8.471
미국,강원특별자치도,202207,57331,8.458
미국,강원특별자치도,202208,62000,6.182
미국,강원특별자치도,202209,58761,6.920
미국,강원특별자치도,202210,85157,8.988
미국,강원특별자치도,202211,63081,7.088
미국,강원특별자치도,202212,114406,3.274
미국,강원특별자치도,202301,131525,1.469
미국,강원특별자치도,202302,115731,2.876
미국,강원특별자치도,202303,98048,6.606
미국,강원특별자치도,202304,247608,8.880
미국,강원특별자치도,202305,235564,9.121
미국,강원특별자치도,202306,243846,8.918
미국,강원특별자치도,202307,266403,6.932
미국,강원특별자치도,202308,251695,4.366
미국,강원특별자치도,202309,230999,5.158
미국,강원특별자치도,202310,293984,6.783
미국,강원특별자치도,202311,216274,3.478
미국,강원특별자치도,202312,306455,1.183
미국,강원특별자치도,202401,287002,0.899
미국,강원특별자치도,202402,253974,1.051
미국,강원특별자치도,202403,207427,2.583
미국,강원특별자치도,202404,287107,2.412
미국,강원특별자치도,202405,296436,2.451
미국,강원특별자치도,202406,308225,5.068
미국,강원특별자치도,202407,275199,5.987
미국,강원특별자치도,202408,228890,4.077
미국,강원특별자치도,202409,220304,4.423
미국,강원특별자치도,202410,295920,5.228
미국,강원특별자치도,202411,220541,5.040
미국,강원특별자치도,202412,299826,3.169
미국,강원특별자치도,202501,248888,2.435
미국,강원특별자치도,202502,197800,2.194
미국,강원특별자치도,202503,187417,4.685
미국,강원특별자치도,202504,328146,3.485
미국,강원특별자치도,202505,330275,6.887
미국,강원특별자치도,202506,335323,9.136
미국,강원특별자치도,202507,353097,7.940
미국,강원특별자치도,202508,260102,7.867
미국,강원특별자치도,202509,227229,9.108
미국,강원특별자치도,202510,313881,7.711
미국,강원특별자치도,202511,252131,6.102
미국,강원특별자치도,202512,327455,3.455
미국,강원특별자치도,202601,259470,4.340
미국,강원특별자치도,202602,244677,2.883
미국,강원특별자치도,202603,198163,3.664
미국,강원특별자치도,202604,353169,3.712
미국,강원특별자치도,202605,439507,4.330
미국,강원특별자치도,202606,423311,7.136
미국,강원특별자치도,202607,387378,7.957
미국,경기도,202001,1186960,5.999
미국,경기도,202002,698133,6.934
미국,경기도,202003,38101,10.044
미국,경기도,202004,57412,17.326
미국,경기도,202005,60076,18.279
미국,경기도,202006,80177,17.562
미국,경기도,202007,63900,28.587
미국,경기도,202008,73885,28.810
미국,경기도,202009,67944,25.780
미국,경기도,202010,66893,32.401
미국,경기도,202011,61667,30.272
미국,경기도,202012,61056,29.995
미국,경기도,202101,94326,14.266
미국,경기도,202102,112019,16.416
미국,경기도,202103,151418,16.495
미국,경기도,202104,127645,15.402
미국,경기도,202105,129346,16.614
미국,경기도,202106,129278,19.804
미국,경기도,202107,144504,24.642
미국,경기도,202108,178298,25.687
미국,경기도,202109,166682,29.731
미국,경기도,202110,179131,32.596
미국,경기도,202111,151996,20.252
미국,경기도,202112,160126,21.095
미국,경기도,202201,154578,19.719
미국,경기도,202202,191294,15.808
미국,경기도,202203,179935,13.405
미국,경기도,202204,230009,26.662
미국,경기도,202205,281426,17.911
미국,경기도,202206,350319,16.851
미국,경기도,202207,442358,15.194
미국,경기도,202208,524231,11.671
미국,경기도,202209,519190,11.824
미국,경기도,202210,666851,13.557
미국,경기도,202211,608397,12.157
미국,경기도,202212,677237,9.879
미국,경기도,202301,769541,8.707
미국,경기도,202302,835648,10.001
미국,경기도,202303,756122,15.576
미국,경기도,202304,1651725,15.740
미국,경기도,202305,1735766,14.839
미국,경기도,202306,1703653,14.783
미국,경기도,202307,1942698,13.218
미국,경기도,202308,2079004,10.002
미국,경기도,202309,1870653,9.767
미국,경기도,202310,2056797,9.570
미국,경기도,202311,1793458,6.465
미국,경기도,202312,1831102,4.404
미국,경기도,202401,1656372,3.348
미국,경기도,202402,1756810,4.934
미국,경기도,202403,1961716,7.778
미국,경기도,202404,2001641,7.245
미국,경기도,202405,1795678,8.389
미국,경기도,202406,1754705,12.138
미국,경기도,202407,1965233,13.205
미국,경기도,202408,1919811,9.966
미국,경기도,202409,1772276,9.194
미국,경기도,202410,2124524,8.528
미국,경기도,202411,1788336,10.325
미국,경기도,202412,1733753,11.643
미국,경기도,202501,1586582,9.173
미국,경기도,202502,1421927,7.624
미국,경기도,202503,1821606,9.985
미국,경기도,202504,2143703,7.739
미국,경기도,202505,2138585,13.206
미국,경기도,202506,2170206,18.980
미국,경기도,202507,2650507,15.350
미국,경기도,202508,2195498,16.705
미국,경기도,202509,2009029,15.936
미국,경기도,202510,2218810,12.745
미국,경기도,202511,2042504,11.668
미국,경기도,202512,1981461,12.704
미국,경기도,202601,1735517,13.717
미국,경기도,202602,1636248,11.214
미국,경기도,202603,1871783,10.478
미국,경기도,202604,2575604,8.975
미국,경기도,202605,2673038,12.254
미국,경기도,202606,2470334,18.576
미국,경기도,202607,2660282,15.851
미국,경상남도,202001,229828,4.602
미국,경상남도,202002,160272,4.752
미국,경상남도,202003,10530,5.565
미국,경상남도,202004,14912,9.563
미국,경상남도,202005,15901,8.742
미국,경상남도,202006,20338,7.582
미국,경상남도,202007,8899,10.406
미국,경상남도,202008,11601,11.396
미국,경상남도,202009,9698,10.744
미국,경상남도,202010,9518,10.181
미국,경상남도,202011,9271,8.575
미국,경상남도,202012,9362,9.239
미국,경상남도,202101,31573,5.967
미국,경상남도,202102,31740,5.948
미국,경상남도,202103,41659,7.410
미국,경상남도,202104,37731,8.126
미국,경상남도,202105,38892,7.889
미국,경상남도,202106,39677,8.005
미국,경상남도,202107,42054,8.917
미국,경상남도,202108,50392,10.063
미국,경상남도,202109,44608,11.482
미국,경상남도,202110,50685,12.481
미국,경상남도,202111,49054,9.685
미국,경상남도,202112,50150,8.459
미국,경상남도,202201,47488,8.491
미국,경상남도,202202,54176,7.042
미국,경상남도,202203,52235,5.933
미국,경상남도,202204,60265,12.666
미국,경상남도,202205,76198,9.036
미국,경상남도,202206,93418,11.031
미국,경상남도,202207,112767,9.545
미국,경상남도,202208,132460,7.605
미국,경상남도,202209,133139,7.108
미국,경상남도,202210,180430,7.758
미국,경상남도,202211,165526,5.857
미국,경상남도,202212,177807,5.138
미국,경상남도,202301,266632,5.579
미국,경상남도,202302,299173,6.948
미국,경상남도,202303,258971,10.813
미국,경상남도,202304,499585,12.900
미국,경상남도,202305,479465,11.980
미국,경상남도,202306,480667,20.724
미국,경상남도,202307,568050,25.942
미국,경상남도,202308,598212,25.745
미국,경상남도,202309,568259,21.242
미국,경상남도,202310,627613,20.744
미국,경상남도,202311,576432,23.881
미국,경상남도,202312,527773,21.609
미국,경상남도,202401,534978,21.148
미국,경상남도,202402,531251,19.873
미국,경상남도,202403,657722,22.895
미국,경상남도,202404,707812,24.267
미국,경상남도,202405,680238,26.734
미국,경상남도,202406,647138,30.083
미국,경상남도,202407,617836,23.161
미국,경상남도,202408,604979,15.152
미국,경상남도,202409,622139,21.455
미국,경상남도,202410,719288,21.405
미국,경상남도,202411,678699,24.743
미국,경상남도,202412,698452,26.740
미국,경상남도,202501,591775,21.457
미국,경상남도,202502,517737,21.294
미국,경상남도,202503,663354,21.545
미국,경상남도,202504,713677,16.551
미국,경상남도,202505,740264,18.955
미국,경상남도,202506,696323,21.044
미국,경상남도,202507,852885,16.983
미국,경상남도,202508,742188,18.498
미국,경상남도,202509,717011,19.618
미국,경상남도,202510,879966,19.470
미국,경상남도,202511,831001,20.786
미국,경상남도,202512,863296,26.374
미국,경상남도,202601,759430,26.974
미국,경상남도,202602,642752,20.467
미국,경상남도,202603,727830,17.084
미국,경상남도,202604,870753,19.651
미국,경상남도,202605,1045152,22.002
미국,경상남도,202606,1006286,25.035
미국,경상남도,202607,969001,22.374
미국,경상북도,202001,153689,4.621
미국,경상북도,202002,100975,4.187
미국,경상북도,202003,6277,5.592
미국,경상북도,202004,11302,15.564
미국,경상북도,202005,14418,35.678
미국,경상북도,202006,19446,31.981
미국,경상북도,202007,6396,15.775
미국,경상북도,202008,7684,14.615
미국,경상북도,202009,6789,14.995
미국,경상북도,202010,6854,15.290
미국,경상북도,202011,6217,15.956
미국,경상북도,202012,6053,14.175
미국,경상북도,202101,23907,31.551
미국,경상북도,202102,20394,14.092
미국,경상북도,202103,25837,6.696
미국,경상북도,202104,28364,17.642
미국,경상북도,202105,32597,28.101
미국,경상북도,202106,34002,28.575
미국,경상북도,202107,34921,29.048
미국,경상북도,202108,35389,18.260
미국,경상북도,202109,28372,12.132
미국,경상북도,202110,31630,13.942
미국,경상북도,202111,35948,21.537
미국,경상북도,202112,29582,7.974
미국,경상북도,202201,26011,7.939
미국,경상북도,202202,32911,7.043
미국,경상북도,202203,37284,19.276
미국,경상북도,202204,41305,15.780
미국,경상북도,202205,62523,24.748
미국,경상북도,202206,68367,11.092
미국,경상북도,202207,80137,8.992
미국,경상북도,202208,97654,10.414
미국,경상북도,202209,101145,12.821
미국,경상북도,202210,135673,7.082
미국,경상북도,202211,116505,7.550
미국,경상북도,202212,120686,4.986
미국,경상북도,202301,145193,4.918
미국,경상북도,202302,181829,7.591
미국,경상북도,202303,176727,14.861
미국,경상북도,202304,361534,11.950
미국,경상북도,202305,365247,8.640
미국,경상북도,202306,336401,8.432
미국,경상북도,202307,343595,7.171
미국,경상북도,202308,383607,7.780
미국,경상북도,202309,374828,7.990
미국,경상북도,202310,402739,6.528
미국,경상북도,202311,310427,4.621
미국,경상북도,202312,268951,2.627
미국,경상북도,202401,253337,2.168
미국,경상북도,202402,271708,3.676
미국,경상북도,202403,353806,4.645
미국,경상북도,202404,406161,3.226
미국,경상북도,202405,419179,3.273
미국,경상북도,202406,385484,5.320
미국,경상북도,202407,380022,6.543
미국,경상북도,202408,422357,8.479
미국,경상북도,202409,438366,6.394
미국,경상북도,202410,497061,4.046
미국,경상북도,202411,404404,4.559
미국,경상북도,202412,312298,5.901
미국,경상북도,202501,258877,5.020
미국,경상북도,202502,252099,4.877
미국,경상북도,202503,438581,7.078
미국,경상북도,202504,547013,5.502
미국,경상북도,202505,576018,5.961
미국,경상북도,202506,498360,9.029
미국,경상북도,202507,531200,7.761
미국,경상북도,202508,454401,8.475
미국,경상북도,202509,493537,6.724
미국,경상북도,202510,587371,6.553
미국,경상북도,202511,501421,5.625
미국,경상북도,202512,367117,6.443
미국,경상북도,202601,287788,7.641
미국,경상북도,202602,285250,7.399
미국,경상북도,202603,438683,5.907
미국,경상북도,202604,642715,5.334
미국,경상북도,202605,771775,4.817
미국,경상북도,202606,634048,8.318
미국,경상북도,202607,579873,10.878
미국,광주광역시,202001,45864,3.968
미국,광주광역시,202002,30402,3.714
미국,광주광역시,202003,2054,4.674
미국,광주광역시,202004,3174,10.712
미국,광주광역시,202005,2923,10.469
미국,광주광역시,202006,3830,10.366
미국,광주광역시,202007,1940,10.722
미국,광주광역시,202008,2127,9.356
미국,광주광역시,202009,2253,11.096
미국,광주광역시,202010,2060,12.282
미국,광주광역시,202011,1900,10.158
미국,광주광역시,202012,2003,10.185
미국,광주광역시,202101,4534,7.874
미국,광주광역시,202102,5334,8.755
미국,광주광역시,202103,7164,6.198
미국,광주광역시,202104,6298,4.128
미국,광주광역시,202105,7691,23.326
미국,광주광역시,202106,8592,33.729
미국,광주광역시,202107,9151,39.263
미국,광주광역시,202108,11850,38.937
미국,광주광역시,202109,12836,40.753
미국,광주광역시,202110,13674,45.246
미국,광주광역시,202111,7103,5.674
미국,광주광역시,202112,7141,8.472
미국,광주광역시,202201,8080,11.002
미국,광주광역시,202202,10521,5.152
미국,광주광역시,202203,10334,4.645
미국,광주광역시,202204,11813,10.776
미국,광주광역시,202205,17515,9.135
미국,광주광역시,202206,20898,10.747
미국,광주광역시,202207,24034,9.978
미국,광주광역시,202208,27134,7.957
미국,광주광역시,202209,33371,7.524
미국,광주광역시,202210,43609,7.326
미국,광주광역시,202211,37846,6.278
미국,광주광역시,202212,40218,5.938
미국,광주광역시,202301,32188,6.527
미국,광주광역시,202302,34525,7.786
미국,광주광역시,202303,32521,14.145
미국,광주광역시,202304,92137,25.080
미국,광주광역시,202305,94713,21.481
미국,광주광역시,202306,63591,7.973
미국,광주광역시,202307,67064,7.020
미국,광주광역시,202308,68796,5.114
미국,광주광역시,202309,88903,4.415
미국,광주광역시,202310,95946,7.443
미국,광주광역시,202311,81172,9.433
미국,광주광역시,202312,64910,9.399
미국,광주광역시,202401,62043,9.656
미국,광주광역시,202402,61068,10.998
미국,광주광역시,202403,81981,18.424
미국,광주광역시,202404,84081,18.970
미국,광주광역시,202405,79208,19.838
미국,광주광역시,202406,71039,26.267
미국,광주광역시,202407,75009,23.043
미국,광주광역시,202408,77371,17.675
미국,광주광역시,202409,88588,15.034
미국,광주광역시,202410,96937,14.565
미국,광주광역시,202411,99602,11.118
미국,광주광역시,202412,72754,16.762
미국,광주광역시,202501,66077,15.977
미국,광주광역시,202502,58162,17.180
미국,광주광역시,202503,82516,14.501
미국,광주광역시,202504,94289,13.057
미국,광주광역시,202505,98363,15.480
미국,광주광역시,202506,91525,21.784
미국,광주광역시,202507,108483,21.133
미국,광주광역시,202508,97993,17.460
미국,광주광역시,202509,102792,9.417
미국,광주광역시,202510,102192,7.927
미국,광주광역시,202511,94820,8.870
미국,광주광역시,202512,82041,11.917
미국,광주광역시,202601,71412,10.966
미국,광주광역시,202602,59494,8.418
미국,광주광역시,202603,77628,6.326
미국,광주광역시,202604,95519,7.971
미국,광주광역시,202605,99479,7.734
미국,광주광역시,202606,87498,12.824
미국,대구광역시,202001,96875,4.478
미국,대구광역시,202002,58553,4.374
미국,대구광역시,202003,2473,7.845
미국,대구광역시,202004,4702,11.867
미국,대구광역시,202005,4515,14.529
미국,대구광역시,202006,5875,14.417
미국,대구광역시,202007,3446,23.012
미국,대구광역시,202008,4459,19.870
미국,대구광역시,202009,4022,16.982
미국,대구광역시,202010,3929,19.674
미국,대구광역시,202011,3916,20.991
미국,대구광역시,202012,3620,22.099
미국,대구광역시,202101,8032,23.108
미국,대구광역시,202102,10852,30.428
미국,대구광역시,202103,15706,35.515
미국,대구광역시,202104,13350,34.517
미국,대구광역시,202105,13579,37.205
미국,대구광역시,202106,13815,40.347
미국,대구광역시,202107,15819,47.759
미국,대구광역시,202108,20169,47.672
미국,대구광역시,202109,20633,52.266
미국,대구광역시,202110,23217,55.037
미국,대구광역시,202111,17181,41.662
미국,대구광역시,202112,18044,42.468
미국,대구광역시,202201,12465,14.593
미국,대구광역시,202202,15677,11.463
미국,대구광역시,202203,15486,9.854
미국,대구광역시,202204,19853,20.617
미국,대구광역시,202205,26000,12.642
미국,대구광역시,202206,28520,13.881
미국,대구광역시,202207,34814,12.670
미국,대구광역시,202208,41668,9.458
미국,대구광역시,202209,41654,9.622
미국,대구광역시,202210,56802,11.413
미국,대구광역시,202211,50074,9.198
미국,대구광역시,202212,54345,7.716
미국,대구광역시,202301,62959,3.980
미국,대구광역시,202302,62043,7.013
미국,대구광역시,202303,64119,14.618
미국,대구광역시,202304,158119,18.017
미국,대구광역시,202305,169586,13.670
미국,대구광역시,202306,132786,8.086
미국,대구광역시,202307,157629,7.175
미국,대구광역시,202308,161765,8.041
미국,대구광역시,202309,166561,6.329
미국,대구광역시,202310,165400,7.622
미국,대구광역시,202311,141208,4.379
미국,대구광역시,202312,128303,3.189
미국,대구광역시,202401,118060,2.350
미국,대구광역시,202402,124580,2.879
미국,대구광역시,202403,164731,3.596
미국,대구광역시,202404,166075,4.162
미국,대구광역시,202405,168834,6.217
미국,대구광역시,202406,150714,9.419
미국,대구광역시,202407,165796,10.058
미국,대구광역시,202408,175484,5.756
미국,대구광역시,202409,168701,5.658
미국,대구광역시,202410,188108,5.786
미국,대구광역시,202411,186804,5.461
미국,대구광역시,202412,138202,8.323
미국,대구광역시,202501,120952,7.133
미국,대구광역시,202502,111056,5.439
미국,대구광역시,202503,165480,6.084
미국,대구광역시,202504,190951,5.011
미국,대구광역시,202505,197946,9.803
미국,대구광역시,202506,179766,15.921
미국,대구광역시,202507,245848,12.477
미국,대구광역시,202508,216590,12.843
미국,대구광역시,202509,199376,12.361
미국,대구광역시,202510,221794,9.640
미국,대구광역시,202511,195336,9.097
미국,대구광역시,202512,156868,10.972
미국,대구광역시,202601,130944,11.349
미국,대구광역시,202602,128051,8.575
미국,대구광역시,202603,170979,6.818
미국,대구광역시,202604,207721,6.955
미국,대구광역시,202605,232199,8.324
미국,대구광역시,202606,213740,14.908
미국,대구광역시,202607,208150,14.062
미국,대전광역시,202001,55829,3.996
미국,대전광역시,202002,33322,3.946
미국,대전광역시,202003,2006,5.434
미국,대전광역시,202004,3472,9.389
미국,대전광역시,202005,3338,12.043
미국,대전광역시,202006,4264,12.570
미국,대전광역시,202007,2766,12.581
미국,대전광역시,202008,3767,11.229
미국,대전광역시,202009,3324,11.522
미국,대전광역시,202010,3093,10.540
미국,대전광역시,202011,3041,11.213
미국,대전광역시,202012,3234,26.933
미국,대전광역시,202101,5592,16.541
미국,대전광역시,202102,6981,18.464
미국,대전광역시,202103,9338,19.940
미국,대전광역시,202104,8824,24.252
미국,대전광역시,202105,9713,30.258
미국,대전광역시,202106,9517,33.708
미국,대전광역시,202107,10584,38.076
미국,대전광역시,202108,13853,34.960
미국,대전광역시,202109,13467,36.927
미국,대전광역시,202110,14958,39.965
미국,대전광역시,202111,11429,29.119
미국,대전광역시,202112,10639,23.837
미국,대전광역시,202201,9379,14.692
미국,대전광역시,202202,12673,7.820
미국,대전광역시,202203,12345,5.978
미국,대전광역시,202204,15328,13.231
미국,대전광역시,202205,19624,8.902
미국,대전광역시,202206,21468,10.634
미국,대전광역시,202207,27251,9.618
미국,대전광역시,202208,32616,6.488
미국,대전광역시,202209,34772,6.494
미국,대전광역시,202210,42951,8.738
미국,대전광역시,202211,36308,7.814
미국,대전광역시,202212,36559,6.652
미국,대전광역시,202301,37073,4.286
미국,대전광역시,202302,42482,5.965
미국,대전광역시,202303,42757,11.430
미국,대전광역시,202304,89222,13.351
미국,대전광역시,202305,87903,14.048
미국,대전광역시,202306,76238,13.463
미국,대전광역시,202307,85176,10.907
미국,대전광역시,202308,106395,5.966
미국,대전광역시,202309,100328,6.620
미국,대전광역시,202310,108179,7.706
미국,대전광역시,202311,84013,4.568
미국,대전광역시,202312,71494,3.161
미국,대전광역시,202401,63118,2.481
미국,대전광역시,202402,67771,2.942
미국,대전광역시,202403,85696,3.363
미국,대전광역시,202404,89221,4.415
미국,대전광역시,202405,82010,6.997
미국,대전광역시,202406,75133,11.977
미국,대전광역시,202407,82746,12.125
미국,대전광역시,202408,90416,5.971
미국,대전광역시,202409,105940,5.351
미국,대전광역시,202410,123485,5.594
미국,대전광역시,202411,96250,6.172
미국,대전광역시,202412,77758,7.742
미국,대전광역시,202501,71154,5.955
미국,대전광역시,202502,62757,5.215
미국,대전광역시,202503,89856,6.236
미국,대전광역시,202504,97016,6.279
미국,대전광역시,202505,98224,11.326
미국,대전광역시,202506,91412,17.294
미국,대전광역시,202507,117277,12.101
미국,대전광역시,202508,105273,10.342
미국,대전광역시,202509,128692,10.067
미국,대전광역시,202510,131806,9.299
미국,대전광역시,202511,112409,8.685
미국,대전광역시,202512,85503,9.258
미국,대전광역시,202601,75250,9.411
미국,대전광역시,202602,67056,7.959
미국,대전광역시,202603,102952,5.006
미국,대전광역시,202604,119105,6.101
미국,대전광역시,202605,127208,9.098
미국,대전광역시,202606,115627,16.734
미국,대전광역시,202607,132044,14.976
미국,부산광역시,202001,338825,3.816
미국,부산광역시,202002,214002,3.796
미국,부산광역시,202003,8842,7.815
미국,부산광역시,202004,13919,14.419
미국,부산광역시,202005,15653,14.540
미국,부산광역시,202006,20770,13.813
미국,부산광역시,202007,15848,20.949
미국,부산광역시,202008,18960,22.975
미국,부산광역시,202009,18082,25.948
미국,부산광역시,202010,19989,33.033
미국,부산광역시,202011,17508,30.318
미국,부산광역시,202012,19092,32.197
미국,부산광역시,202101,31615,13.807
미국,부산광역시,202102,34187,16.012
미국,부산광역시,202103,43554,15.845
미국,부산광역시,202104,39251,14.196
미국,부산광역시,202105,46111,13.914
미국,부산광역시,202106,45997,15.971
미국,부산광역시,202107,46616,21.372
미국,부산광역시,202108,54494,20.964
미국,부산광역시,202109,49393,25.783
미국,부산광역시,202110,56224,27.168
미국,부산광역시,202111,50862,16.871
미국,부산광역시,202112,51640,18.222
미국,부산광역시,202201,44567,6.242
미국,부산광역시,202202,50236,5.345
미국,부산광역시,202203,50024,4.182
미국,부산광역시,202204,60903,10.533
미국,부산광역시,202205,78390,8.784
미국,부산광역시,202206,88873,9.294
미국,부산광역시,202207,106815,9.470
미국,부산광역시,202208,130976,6.562
미국,부산광역시,202209,136337,7.398
미국,부산광역시,202210,217129,6.936
미국,부산광역시,202211,172245,5.323
미국,부산광역시,202212,203030,4.841
미국,부산광역시,202301,325980,2.785
미국,부산광역시,202302,345615,4.825
미국,부산광역시,202303,387482,11.041
미국,부산광역시,202304,806265,11.437
미국,부산광역시,202305,774836,9.386
미국,부산광역시,202306,725702,9.882
미국,부산광역시,202307,730656,7.889
미국,부산광역시,202308,804260,4.863
미국,부산광역시,202309,861009,5.181
미국,부산광역시,202310,1013180,7.069
미국,부산광역시,202311,826323,5.827
미국,부산광역시,202312,686731,4.103
미국,부산광역시,202401,610177,4.186
미국,부산광역시,202402,681974,4.190
미국,부산광역시,202403,945181,4.268
미국,부산광역시,202404,1063346,4.647
미국,부산광역시,202405,992272,5.454
미국,부산광역시,202406,944406,9.165
미국,부산광역시,202407,966378,8.407
미국,부산광역시,202408,1076835,6.653
미국,부산광역시,202409,996871,6.491
미국,부산광역시,202410,1207511,5.310
미국,부산광역시,202411,983932,5.954
미국,부산광역시,202412,913349,6.086
미국,부산광역시,202501,752878,6.270
미국,부산광역시,202502,656780,5.418
미국,부산광역시,202503,1034150,7.552
미국,부산광역시,202504,1282258,4.772
미국,부산광역시,202505,1279653,6.808
미국,부산광역시,202506,1205348,9.759
미국,부산광역시,202507,1653914,7.021
미국,부산광역시,202508,1364638,6.768
미국,부산광역시,202509,1285642,9.285
미국,부산광역시,202510,1524020,7.740
미국,부산광역시,202511,1418695,7.752
미국,부산광역시,202512,1146324,9.428
미국,부산광역시,202601,1013260,11.608
미국,부산광역시,202602,1133814,7.175
미국,부산광역시,202603,1484014,6.589
미국,부산광역시,202604,1710921,7.099
미국,부산광역시,202605,1910947,8.521
미국,부산광역시,202606,2058919,10.931
미국,부산광역시,202607,2020622,9.943
미국,서울특별시,202001,2029695,3.057
미국,서울특별시,202002,1087730,3.314
미국,서울특별시,202003,34160,7.389
미국,서울특별시,202004,47062,15.267
미국,서울특별시,202005,53983,16.157
미국,서울특별시,202006,69499,18.580
미국,서울특별시,202007,63401,33.709
미국,서울특별시,202008,80364,33.138
미국,서울특별시,202009,78187,36.322
미국,서울특별시,202010,75875,39.452
미국,서울특별시,202011,73468,38.534
미국,서울특별시,202012,72805,39.570
미국,서울특별시,202101,86978,24.841
미국,서울특별시,202102,106108,25.871
미국,서울특별시,202103,138717,25.445
미국,서울특별시,202104,119328,25.656
미국,서울특별시,202105,123672,27.283
미국,서울특별시,202106,124195,30.984
미국,서울특별시,202107,139743,36.201
미국,서울특별시,202108,174626,31.423
미국,서울특별시,202109,164899,35.353
미국,서울특별시,202110,180555,38.266
미국,서울특별시,202111,155590,30.530
미국,서울특별시,202112,155897,31.001
미국,서울특별시,202201,128741,13.722
미국,서울특별시,202202,170375,9.698
미국,서울특별시,202203,162059,8.163
미국,서울특별시,202204,217226,18.518
미국,서울특별시,202205,285796,13.562
미국,서울특별시,202206,356390,14.042
미국,서울특별시,202207,451111,14.276
미국,서울특별시,202208,549393,9.266
미국,서울특별시,202209,594527,9.136
미국,서울특별시,202210,873808,10.127
미국,서울특별시,202211,791751,8.457
미국,서울특별시,202212,1007726,5.264
미국,서울특별시,202301,1181600,3.597
미국,서울특별시,202302,1296856,4.450
미국,서울특별시,202303,1434333,7.103
미국,서울특별시,202304,3136446,12.420
미국,서울특별시,202305,3135586,11.907
미국,서울특별시,202306,3092666,12.313
미국,서울특별시,202307,3208067,9.521
미국,서울특별시,202308,3414283,5.531
미국,서울특별시,202309,3398620,6.044
미국,서울특별시,202310,3779528,6.824
미국,서울특별시,202311,3427845,3.756
미국,서울특별시,202312,3294170,2.090
미국,서울특별시,202401,2698724,1.504
미국,서울특별시,202402,2842766,1.641
미국,서울특별시,202403,3668370,2.704
미국,서울특별시,202404,3887721,2.846
미국,서울특별시,202405,3444704,3.851
미국,서울특별시,202406,3337312,7.810
미국,서울특별시,202407,3392463,8.241
미국,서울특별시,202408,3579293,4.394
미국,서울특별시,202409,3505875,4.288
미국,서울특별시,202410,4412558,4.749
미국,서울특별시,202411,3477376,5.437
미국,서울특별시,202412,3294533,5.014
미국,서울특별시,202501,2665409,4.019
미국,서울특별시,202502,2386482,3.237
미국,서울특별시,202503,3570478,5.534
미국,서울특별시,202504,4190106,5.104
미국,서울특별시,202505,4175491,9.576
미국,서울특별시,202506,4170480,14.411
미국,서울특별시,202507,4781449,9.673
미국,서울특별시,202508,3997109,8.829
미국,서울특별시,202509,4080530,9.869
미국,서울특별시,202510,4724138,7.385
미국,서울특별시,202511,4499486,6.181
미국,서울특별시,202512,4168698,5.796
미국,서울특별시,202601,3363997,5.715
미국,서울특별시,202602,3371051,3.671
미국,서울특별시,202603,4268420,3.986
미국,서울특별시,202604,5157532,4.896
미국,서울특별시,202605,5472909,7.256
미국,서울특별시,202606,5329857,12.845
미국,서울특별시,202607,5708648,10.591
미국,세종특별자치시,202001,19308,3.527
미국,세종특별자치시,202002,11415,3.233
미국,세종특별자치시,202003,624,4.647
미국,세종특별자치시,202004,1009,9.415
미국,세종특별자치시,202005,975,11.077
미국,세종특별자치시,202006,1320,11.212
미국,세종특별자치시,202007,767,21.773
미국,세종특별자치시,202008,967,20.786
미국,세종특별자치시,202009,920,20.978
미국,세종특별자치시,202010,829,21.713
미국,세종특별자치시,202011,641,21.997
미국,세종특별자치시,202012,738,25.339
미국,세종특별자치시,202101,1677,10.912
미국,세종특별자치시,202102,1976,10.374
미국,세종특별자치시,202103,2602,7.725
미국,세종특별자치시,202104,2146,5.545
미국,세종특별자치시,202105,2222,5.896
미국,세종특별자치시,202106,2242,7.493
미국,세종특별자치시,202107,2445,9.202
미국,세종특별자치시,202108,3176,8.407
미국,세종특별자치시,202109,2794,9.843
미국,세종특별자치시,202110,2881,11.177
미국,세종특별자치시,202111,2428,7.619
미국,세종특별자치시,202112,2610,10.498
미국,세종특별자치시,202201,2864,10.300
미국,세종특별자치시,202202,4160,7.163
미국,세종특별자치시,202203,3785,6.182
미국,세종특별자치시,202204,4527,14.071
미국,세종특별자치시,202205,5973,10.246
미국,세종특별자치시,202206,7268,11.090
미국,세종특별자치시,202207,9074,11.362
미국,세종특별자치시,202208,10993,6.741
미국,세종특별자치시,202209,10643,6.586
미국,세종특별자치시,202210,12250,8.269
미국,세종특별자치시,202211,11515,7.095
미국,세종특별자치시,202212,12143,6.160
미국,세종특별자치시,202301,9903,4.342
미국,세종특별자치시,202302,12422,7.157
미국,세종특별자치시,202303,12821,10.514
미국,세종특별자치시,202304,27566,12.055
미국,세종특별자치시,202305,26522,13.679
미국,세종특별자치시,202306,26520,11.131
미국,세종특별자치시,202307,36393,7.595
미국,세종특별자치시,202308,31613,5.333
미국,세종특별자치시,202309,33792,5.472
미국,세종특별자치시,202310,32137,6.945
미국,세종특별자치시,202311,29358,3.982
미국,세종특별자치시,202312,26691,2.746
미국,세종특별자치시,202401,23421,2.562
미국,세종특별자치시,202402,23304,3.334
미국,세종특별자치시,202403,26860,4.717
미국,세종특별자치시,202404,28467,5.002
미국,세종특별자치시,202405,28534,5.597
미국,세종특별자치시,202406,24801,10.072
미국,세종특별자치시,202407,29800,11.185
미국,세종특별자치시,202408,33632,6.699
미국,세종특별자치시,202409,34377,5.879
미국,세종특별자치시,202410,41594,5.498
미국,세종특별자치시,202411,33073,5.228
미국,세종특별자치시,202412,26223,7.169
미국,세종특별자치시,202501,28392,5.649
미국,세종특별자치시,202502,27480,4.112
미국,세종특별자치시,202503,32330,5.534
미국,세종특별자치시,202504,31973,5.430
미국,세종특별자치시,202505,33037,10.600
미국,세종특별자치시,202506,35605,15.175
미국,세종특별자치시,202507,87784,14.823
미국,세종특별자치시,202508,42764,18.001
미국,세종특별자치시,202509,41375,9.496
미국,세종특별자치시,202510,44669,9.129
미국,세종특별자치시,202511,38725,7.396
미국,세종특별자치시,202512,31492,9.745
미국,세종특별자치시,202601,27592,8.955
미국,세종특별자치시,202602,27309,6.595
미국,세종특별자치시,202603,37936,5.193
미국,세종특별자치시,202604,46559,6.244
미국,세종특별자치시,202605,48815,8.436
미국,세종특별자치시,202606,43219,14.848
미국,세종특별자치시,202607,45126,13.383
미국,울산광역시,202001,78403,4.370
미국,울산광역시,202002,55180,4.228
미국,울산광역시,202003,4308,7.962
미국,울산광역시,202004,5812,13.524
미국,울산광역시,202005,6459,13.005
미국,울산광역시,202006,9052,9.202
미국,울산광역시,202007,5141,14.297
미국,울산광역시,202008,4828,8.989
미국,울산광역시,202009,4799,8.481
미국,울산광역시,202010,4645,10.205
미국,울산광역시,202011,4422,16.621
미국,울산광역시,202012,4711,20.038
미국,울산광역시,202101,16461,12.278
미국,울산광역시,202102,18129,19.775
미국,울산광역시,202103,23556,23.425
미국,울산광역시,202104,20434,18.866
미국,울산광역시,202105,19858,21.049
미국,울산광역시,202106,19936,24.473
미국,울산광역시,202107,20110,27.275
미국,울산광역시,202108,22189,25.017
미국,울산광역시,202109,20316,30.360
미국,울산광역시,202110,24301,30.069
미국,울산광역시,202111,29522,20.283
미국,울산광역시,202112,31707,23.828
미국,울산광역시,202201,23351,25.661
미국,울산광역시,202202,25888,23.146
미국,울산광역시,202203,24554,15.851
미국,울산광역시,202204,31724,30.718
미국,울산광역시,202205,37602,25.068
미국,울산광역시,202206,47013,32.829
미국,울산광역시,202207,51986,29.225
미국,울산광역시,202208,54820,21.388
미국,울산광역시,202209,58293,23.541
미국,울산광역시,202210,75441,21.321
미국,울산광역시,202211,68434,22.400
미국,울산광역시,202212,74438,20.498
미국,울산광역시,202301,117333,22.774
미국,울산광역시,202302,137938,20.941
미국,울산광역시,202303,120261,17.861
미국,울산광역시,202304,178569,13.468
미국,울산광역시,202305,194076,12.776
미국,울산광역시,202306,201549,24.276
미국,울산광역시,202307,220249,25.405
미국,울산광역시,202308,228914,22.452
미국,울산광역시,202309,242125,23.411
미국,울산광역시,202310,262102,24.912
미국,울산광역시,202311,225627,26.038
미국,울산광역시,202312,241807,27.062
미국,울산광역시,202401,217760,22.585
미국,울산광역시,202402,232107,21.413
미국,울산광역시,202403,294022,30.621
미국,울산광역시,202404,301463,28.871
미국,울산광역시,202405,283145,28.572
미국,울산광역시,202406,277446,30.943
미국,울산광역시,202407,294370,29.543
미국,울산광역시,202408,281348,26.772
미국,울산광역시,202409,298876,28.975
미국,울산광역시,202410,290605,24.403
미국,울산광역시,202411,235508,24.622
미국,울산광역시,202412,260779,31.734
미국,울산광역시,202501,224064,23.317
미국,울산광역시,202502,215576,23.032
미국,울산광역시,202503,270310,21.781
미국,울산광역시,202504,274057,18.147
미국,울산광역시,202505,269160,23.296
미국,울산광역시,202506,298481,29.226
미국,울산광역시,202507,386997,28.922
미국,울산광역시,202508,321701,29.895
미국,울산광역시,202509,290923,29.541
미국,울산광역시,202510,309567,25.687
미국,울산광역시,202511,293819,29.165
미국,울산광역시,202512,288304,30.356
미국,울산광역시,202601,253417,29.509
미국,울산광역시,202602,227757,20.223
미국,울산광역시,202603,256259,19.748
미국,울산광역시,202604,279626,26.235
미국,울산광역시,202605,318676,22.831
미국,울산광역시,202606,352613,31.934
미국,울산광역시,202607,319295,26.653
미국,인천광역시,202001,1104957,4.769
미국,인천광역시,202002,504420,5.829
미국,인천광역시,202003,13738,12.607
미국,인천광역시,202004,19210,21.109
미국,인천광역시,202005,21719,17.418
미국,인천광역시,202006,23079,12.059
미국,인천광역시,202007,21199,13.331
미국,인천광역시,202008,24421,13.488
미국,인천광역시,202009,23900,12.427
미국,인천광역시,202010,25120,21.708
미국,인천광역시,202011,24959,25.161
미국,인천광역시,202012,25664,23.254
미국,인천광역시,202101,37926,18.884
미국,인천광역시,202102,40885,17.158
미국,인천광역시,202103,54782,16.867
미국,인천광역시,202104,51740,14.134
미국,인천광역시,202105,50501,14.307
미국,인천광역시,202106,51735,16.244
미국,인천광역시,202107,53717,20.215
미국,인천광역시,202108,71190,18.802
미국,인천광역시,202109,68911,19.116
미국,인천광역시,202110,74203,21.674
미국,인천광역시,202111,62481,18.231
미국,인천광역시,202112,60462,20.937
미국,인천광역시,202201,54901,12.623
미국,인천광역시,202202,66338,11.089
미국,인천광역시,202203,65677,8.697
미국,인천광역시,202204,82113,17.236
미국,인천광역시,202205,109639,12.444
미국,인천광역시,202206,136670,16.628
미국,인천광역시,202207,168803,15.305
미국,인천광역시,202208,205777,10.635
미국,인천광역시,202209,227248,11.509
미국,인천광역시,202210,330994,12.404
미국,인천광역시,202211,318809,10.754
미국,인천광역시,202212,381041,7.788
미국,인천광역시,202301,607696,4.046
미국,인천광역시,202302,623221,3.884
미국,인천광역시,202303,643395,6.486
미국,인천광역시,202304,1413132,11.219
미국,인천광역시,202305,1443371,10.640
미국,인천광역시,202306,1479448,14.234
미국,인천광역시,202307,1548546,13.212
미국,인천광역시,202308,1724891,8.850
미국,인천광역시,202309,1730353,9.375
미국,인천광역시,202310,1941428,9.245
미국,인천광역시,202311,1725543,8.746
미국,인천광역시,202312,1622928,7.678
미국,인천광역시,202401,1471401,6.981
미국,인천광역시,202402,1486281,5.735
미국,인천광역시,202403,2061225,6.829
미국,인천광역시,202404,2067985,6.503
미국,인천광역시,202405,1803020,7.697
미국,인천광역시,202406,1771322,12.327
미국,인천광역시,202407,1807796,10.562
미국,인천광역시,202408,1876672,4.898
미국,인천광역시,202409,1837555,6.497
미국,인천광역시,202410,2194857,6.538
미국,인천광역시,202411,1775065,7.893
미국,인천광역시,202412,1655611,8.811
미국,인천광역시,202501,1402159,6.764
미국,인천광역시,202502,1334863,5.741
미국,인천광역시,202503,1933621,6.666
미국,인천광역시,202504,2217972,5.744
미국,인천광역시,202505,2133133,9.651
미국,인천광역시,202506,2147523,12.782
미국,인천광역시,202507,2807118,9.419
미국,인천광역시,202508,2169473,7.417
미국,인천광역시,202509,2083656,8.648
미국,인천광역시,202510,2319960,7.978
미국,인천광역시,202511,2275186,7.466
미국,인천광역시,202512,2012194,8.902
미국,인천광역시,202601,1766196,8.813
미국,인천광역시,202602,1793377,5.183
미국,인천광역시,202603,2126711,4.900
미국,인천광역시,202604,2743493,5.162
미국,인천광역시,202605,2795101,7.567
미국,인천광역시,202606,2748819,10.948
미국,인천광역시,202607,3681039,9.850
미국,전라남도,202001,206533,2.722
미국,전라남도,202002,118387,3.141
미국,전라남도,202003,9478,3.999
미국,전라남도,202004,13164,7.346
미국,전라남도,202005,13668,5.158
미국,전라남도,202006,15414,4.963
미국,전라남도,202007,7407,3.699
미국,전라남도,202008,8253,4.338
미국,전라남도,202009,7502,3.706
미국,전라남도,202010,7050,3.404
미국,전라남도,202011,7220,3.033
미국,전라남도,202012,7472,2.529
미국,전라남도,202101,29810,2.647
미국,전라남도,202102,29728,5.163
미국,전라남도,202103,38926,6.977
미국,전라남도,202104,34586,5.569
미국,전라남도,202105,35106,6.210
미국,전라남도,202106,35767,5.874
미국,전라남도,202107,38061,9.222
미국,전라남도,202108,39082,9.895
미국,전라남도,202109,35865,9.739
미국,전라남도,202110,40792,9.958
미국,전라남도,202111,43425,6.860
미국,전라남도,202112,46058,8.118
미국,전라남도,202201,37636,7.012
미국,전라남도,202202,39888,5.044
미국,전라남도,202203,40524,4.254
미국,전라남도,202204,45239,11.384
미국,전라남도,202205,59157,6.848
미국,전라남도,202206,70438,9.141
미국,전라남도,202207,87552,8.802
미국,전라남도,202208,97152,6.789
미국,전라남도,202209,100954,6.745
미국,전라남도,202210,136102,9.477
미국,전라남도,202211,126290,7.180
미국,전라남도,202212,145464,7.035
미국,전라남도,202301,225096,7.388
미국,전라남도,202302,242351,4.762
미국,전라남도,202303,196691,7.922
미국,전라남도,202304,354446,10.694
미국,전라남도,202305,345558,10.035
미국,전라남도,202306,349573,14.528
미국,전라남도,202307,432784,24.719
미국,전라남도,202308,440342,17.297
미국,전라남도,202309,408295,14.310
미국,전라남도,202310,537949,14.254
미국,전라남도,202311,505700,17.378
미국,전라남도,202312,646436,20.133
미국,전라남도,202401,570830,26.099
미국,전라남도,202402,489895,22.941
미국,전라남도,202403,565116,22.503
미국,전라남도,202404,581211,16.170
미국,전라남도,202405,617892,16.085
미국,전라남도,202406,659947,22.431
미국,전라남도,202407,706549,29.562
미국,전라남도,202408,589488,11.690
미국,전라남도,202409,566355,12.976
미국,전라남도,202410,620151,10.296
미국,전라남도,202411,541757,10.643
미국,전라남도,202412,580886,16.550
미국,전라남도,202501,520831,18.736
미국,전라남도,202502,423828,12.122
미국,전라남도,202503,557197,11.547
미국,전라남도,202504,656172,11.516
미국,전라남도,202505,722592,12.689
미국,전라남도,202506,715249,16.061
미국,전라남도,202507,833703,16.092
미국,전라남도,202508,698671,11.576
미국,전라남도,202509,645535,9.720
미국,전라남도,202510,596081,7.241
미국,전라남도,202511,617900,14.125
미국,전라남도,202512,649214,18.643
미국,전라남도,202601,569429,16.222
미국,전라남도,202602,510940,11.558
미국,전라남도,202603,522430,7.686
미국,전라남도,202604,652673,10.385
미국,전라남도,202605,902969,10.588
미국,전라남도,202606,787154,18.116
미국,전북특별자치도,202001,98766,6.327
미국,전북특별자치도,202002,58273,5.644
미국,전북특별자치도,202003,3887,6.252
미국,전북특별자치도,202004,6842,10.406
미국,전북특별자치도,202005,6286,12.313
미국,전북특별자치도,202006,7793,14.590
미국,전북특별자치도,202007,4795,28.238
미국,전북특별자치도,202008,5801,25.754
미국,전북특별자치도,202009,5825,23.451
미국,전북특별자치도,202010,4915,28.749
미국,전북특별자치도,202011,4935,26.180
미국,전북특별자치도,202012,4498,26.434
미국,전북특별자치도,202101,10922,13.331
미국,전북특별자치도,202102,11941,12.461
미국,전북특별자치도,202103,16275,9.315
미국,전북특별자치도,202104,14022,9.136
미국,전북특별자치도,202105,14047,9.155
미국,전북특별자치도,202106,13424,10.109
미국,전북특별자치도,202107,13868,13.088
미국,전북특별자치도,202108,17069,14.951
미국,전북특별자치도,202109,16832,14.241
미국,전북특별자치도,202110,18219,15.824
미국,전북특별자치도,202111,16553,12.137
미국,전북특별자치도,202112,17771,11.564
미국,전북특별자치도,202201,16648,12.999
미국,전북특별자치도,202202,20767,12.077
미국,전북특별자치도,202203,21502,9.590
미국,전북특별자치도,202204,25815,18.280
미국,전북특별자치도,202205,33315,10.362
미국,전북특별자치도,202206,42168,9.709
미국,전북특별자치도,202207,51233,9.906
미국,전북특별자치도,202208,55416,8.184
미국,전북특별자치도,202209,59710,9.132
미국,전북특별자치도,202210,79297,10.168
미국,전북특별자치도,202211,70737,8.765
미국,전북특별자치도,202212,75806,6.885
미국,전북특별자치도,202301,84867,6.412
미국,전북특별자치도,202302,106214,6.730
미국,전북특별자치도,202303,93633,12.362
미국,전북특별자치도,202304,191901,12.528
미국,전북특별자치도,202305,191751,12.030
미국,전북특별자치도,202306,166688,13.002
미국,전북특별자치도,202307,212839,13.859
미국,전북특별자치도,202308,408861,7.540
미국,전북특별자치도,202309,208191,14.181
미국,전북특별자치도,202310,237946,14.830
미국,전북특별자치도,202311,205121,9.137
미국,전북특별자치도,202312,179196,12.684
미국,전북특별자치도,202401,156615,12.248
미국,전북특별자치도,202402,147933,10.115
미국,전북특별자치도,202403,195923,4.558
미국,전북특별자치도,202404,221306,9.019
미국,전북특별자치도,202405,224342,10.361
미국,전북특별자치도,202406,188612,15.164
미국,전북특별자치도,202407,215712,15.719
미국,전북특별자치도,202408,187996,8.046
미국,전북특별자치도,202409,195250,8.795
미국,전북특별자치도,202410,232580,10.200
미국,전북특별자치도,202411,205404,5.965
미국,전북특별자치도,202412,174337,8.824
미국,전북특별자치도,202501,147432,8.871
미국,전북특별자치도,202502,133767,6.096
미국,전북특별자치도,202503,209875,6.553
미국,전북특별자치도,202504,276612,4.832
미국,전북특별자치도,202505,292129,7.424
미국,전북특별자치도,202506,267107,10.966
미국,전북특별자치도,202507,272860,12.244
미국,전북특별자치도,202508,220621,11.114
미국,전북특별자치도,202509,228688,10.649
미국,전북특별자치도,202510,247189,8.848
미국,전북특별자치도,202511,226841,8.697
미국,전북특별자치도,202512,195872,10.065
미국,전북특별자치도,202601,178150,8.827
미국,전북특별자치도,202602,195640,5.767
미국,전북특별자치도,202603,248557,4.338
미국,전북특별자치도,202604,352029,3.937
미국,전북특별자치도,202605,441879,5.250
미국,전북특별자치도,202606,367097,8.752
미국,전북특별자치도,202607,368859,8.669
미국,제주특별자치도,202001,484742,0.482
미국,제주특별자치도,202002,128605,1.017
미국,제주특별자치도,202003,6049,1.504
미국,제주특별자치도,202004,7296,3.550
미국,제주특별자치도,202005,8268,3.580
미국,제주특별자치도,202006,10173,3.863
미국,제주특별자치도,202007,7377,4.595
미국,제주특별자치도,202008,10260,3.129
미국,제주특별자치도,202009,9204,3.075
미국,제주특별자치도,202010,7518,4.057
미국,제주특별자치도,202011,6786,3.949
미국,제주특별자치도,202012,6246,4.323
미국,제주특별자치도,202101,14504,2.179
미국,제주특별자치도,202102,16966,1.986
미국,제주특별자치도,202103,25540,1.785
미국,제주특별자치도,202104,21347,1.686
미국,제주특별자치도,202105,20932,2.102
미국,제주특별자치도,202106,19738,2.847
미국,제주특별자치도,202107,20472,3.918
미국,제주특별자치도,202108,23199,3.229
미국,제주특별자치도,202109,21944,3.591
미국,제주특별자치도,202110,21003,4.371
미국,제주특별자치도,202111,21537,2.619
미국,제주특별자치도,202112,22724,2.746
미국,제주특별자치도,202201,18177,3.851
미국,제주특별자치도,202202,24328,2.832
미국,제주특별자치도,202203,23942,2.506
미국,제주특별자치도,202204,24466,8.203
미국,제주특별자치도,202205,32562,6.529
미국,제주특별자치도,202206,38551,8.646
미국,제주특별자치도,202207,47658,8.007
미국,제주특별자치도,202208,64017,4.566
미국,제주특별자치도,202209,66077,4.640
미국,제주특별자치도,202210,91384,6.536
미국,제주특별자치도,202211,92831,3.619
미국,제주특별자치도,202212,117341,1.933
미국,제주특별자치도,202301,138180,1.586
미국,제주특별자치도,202302,146752,1.915
미국,제주특별자치도,202303,169413,4.179
미국,제주특별자치도,202304,400863,6.574
미국,제주특별자치도,202305,475539,5.550
미국,제주특별자치도,202306,550453,5.950
미국,제주특별자치도,202307,654311,3.672
미국,제주특별자치도,202308,786252,1.682
미국,제주특별자치도,202309,707211,2.018
미국,제주특별자치도,202310,732072,2.683
미국,제주특별자치도,202311,606062,1.484
미국,제주특별자치도,202312,692289,0.761
미국,제주특별자치도,202401,748186,0.490
미국,제주특별자치도,202402,786234,0.533
미국,제주특별자치도,202403,940890,1.000
미국,제주특별자치도,202404,1036234,1.028
미국,제주특별자치도,202405,1054502,1.116
미국,제주특별자치도,202406,1061993,2.008
미국,제주특별자치도,202407,1055550,2.068
미국,제주특별자치도,202408,1246998,1.089
미국,제주특별자치도,202409,1044873,1.299
미국,제주특별자치도,202410,1156086,1.923
미국,제주특별자치도,202411,754073,1.775
미국,제주특별자치도,202412,695703,1.383
미국,제주특별자치도,202501,738896,0.985
미국,제주특별자치도,202502,768969,0.683
미국,제주특별자치도,202503,920572,1.361
미국,제주특별자치도,202504,1156869,1.376
미국,제주특별자치도,202505,1431659,2.074
미국,제주특별자치도,202506,1367357,3.285
미국,제주특별자치도,202507,1857932,1.909
미국,제주특별자치도,202508,1625049,1.830
미국,제주특별자치도,202509,1360103,2.271
미국,제주특별자치도,202510,1333676,1.970
미국,제주특별자치도,202511,1011727,2.106
미국,제주특별자치도,202512,919311,1.745
미국,제주특별자치도,202601,916323,1.527
미국,제주특별자치도,202602,1090067,0.795
미국,제주특별자치도,202603,1208292,1.003
미국,제주특별자치도,202604,1559270,1.458
미국,제주특별자치도,202605,1773782,1.940
미국,제주특별자치도,202606,1654000,3.241
미국,제주특별자치도,202607,1739035,2.548
미국,충청남도,202001,171882,2.488
미국,충청남도,202002,107226,2.478
미국,충청남도,202003,6867,3.480
미국,충청남도,202004,10545,7.245
미국,충청남도,202005,9629,10.105
미국,충청남도,202006,12676,7.905
미국,충청남도,202007,8001,8.311
미국,충청남도,202008,9617,7.799
미국,충청남도,202009,9265,7.458
미국,충청남도,202010,8232,8.710
미국,충청남도,202011,8123,7.473
미국,충청남도,202012,7811,7.208
미국,충청남도,202101,17262,7.375
미국,충청남도,202102,19598,8.185
미국,충청남도,202103,25082,7.882
미국,충청남도,202104,23373,9.922
미국,충청남도,202105,23708,10.195
미국,충청남도,202106,23317,10.563
미국,충청남도,202107,24848,13.071
미국,충청남도,202108,30019,13.402
미국,충청남도,202109,27782,16.694
미국,충청남도,202110,29191,18.927
미국,충청남도,202111,27175,13.288
미국,충청남도,202112,26761,10.071
미국,충청남도,202201,28268,9.435
미국,충청남도,202202,35206,8.243
미국,충청남도,202203,35449,6.178
미국,충청남도,202204,41497,14.182
미국,충청남도,202205,55110,9.483
미국,충청남도,202206,71541,11.525
미국,충청남도,202207,85510,9.904
미국,충청남도,202208,98677,8.582
미국,충청남도,202209,100736,8.745
미국,충청남도,202210,129873,8.713
미국,충청남도,202211,118814,7.985
미국,충청남도,202212,123626,6.589
미국,충청남도,202301,149010,8.837
미국,충청남도,202302,162331,7.274
미국,충청남도,202303,143135,11.277
미국,충청남도,202304,297568,10.536
미국,충청남도,202305,299132,10.337
미국,충청남도,202306,283455,9.671
미국,충청남도,202307,317054,8.813
미국,충청남도,202308,414576,5.145
미국,충청남도,202309,346885,6.737
미국,충청남도,202310,372177,7.863
미국,충청남도,202311,312851,6.626
미국,충청남도,202312,306279,6.870
미국,충청남도,202401,271955,2.845
미국,충청남도,202402,279426,6.973
미국,충청남도,202403,366497,10.360
미국,충청남도,202404,364603,11.713
미국,충청남도,202405,358501,11.532
미국,충청남도,202406,312183,14.682
미국,충청남도,202407,341064,15.268
미국,충청남도,202408,348213,9.708
미국,충청남도,202409,350375,9.317
미국,충청남도,202410,385943,6.957
미국,충청남도,202411,318503,9.930
미국,충청남도,202412,294281,11.365
미국,충청남도,202501,257248,9.132
미국,충청남도,202502,244164,8.778
미국,충청남도,202503,361085,8.743
미국,충청남도,202504,418540,6.440
미국,충청남도,202505,411090,9.218
미국,충청남도,202506,378634,10.723
미국,충청남도,202507,440996,10.000
미국,충청남도,202508,399117,11.180
미국,충청남도,202509,412340,12.589
미국,충청남도,202510,433448,10.549
미국,충청남도,202511,379444,10.454
미국,충청남도,202512,353410,12.566
미국,충청남도,202601,324436,13.083
미국,충청남도,202602,294175,9.465
미국,충청남도,202603,376051,8.531
미국,충청남도,202604,493530,7.196
미국,충청남도,202605,576864,10.012
미국,충청남도,202606,529348,13.389
미국,충청남도,202607,523758,11.159
미국,충청북도,202001,112377,6.148
미국,충청북도,202002,72810,5.958
미국,충청북도,202003,4559,9.147
미국,충청북도,202004,6805,10.081
미국,충청북도,202005,5945,11.775
미국,충청북도,202006,7770,13.037
미국,충청북도,202007,4503,9.216
미국,충청북도,202008,5651,9.308
미국,충청북도,202009,5333,7.875
미국,충청북도,202010,4496,8.941
미국,충청북도,202011,4258,7.280
미국,충청북도,202012,4026,7.973
미국,충청북도,202101,10181,24.703
미국,충청북도,202102,10982,21.399
미국,충청북도,202103,15351,21.992
미국,충청북도,202104,14150,23.731
미국,충청북도,202105,15186,27.321
미국,충청북도,202106,16765,34.041
미국,충청북도,202107,18880,39.200
미국,충청북도,202108,23115,34.921
미국,충청북도,202109,23474,40.338
미국,충청북도,202110,27262,39.572
미국,충청북도,202111,18273,28.676
미국,충청북도,202112,18181,25.257
미국,충청북도,202201,18806,24.641
미국,충청북도,202202,23134,22.045
미국,충청북도,202203,20614,17.629
미국,충청북도,202204,29763,30.709
미국,충청북도,202205,39279,23.216
미국,충청북도,202206,55534,25.104
미국,충청북도,202207,66244,19.646
미국,충청북도,202208,74788,15.873
미국,충청북도,202209,73677,18.620
미국,충청북도,202210,94593,18.558
미국,충청북도,202211,87406,16.375
미국,충청북도,202212,91862,15.969
미국,충청북도,202301,83605,6.075
미국,충청북도,202302,94841,8.425
미국,충청북도,202303,92177,14.104
미국,충청북도,202304,197449,8.512
미국,충청북도,202305,204806,7.576
미국,충청북도,202306,197842,7.190
미국,충청북도,202307,207965,6.190
미국,충청북도,202308,246031,4.403
미국,충청북도,202309,229018,5.335
미국,충청북도,202310,228670,6.072
미국,충청북도,202311,191221,4.808
미국,충청북도,202312,174601,2.786
미국,충청북도,202401,167867,2.987
미국,충청북도,202402,174352,3.166
미국,충청북도,202403,206775,4.858
미국,충청북도,202404,233049,5.628
미국,충청북도,202405,251793,6.400
미국,충청북도,202406,222080,8.715
미국,충청북도,202407,236830,8.567
미국,충청북도,202408,232127,4.775
미국,충청북도,202409,254701,4.142
미국,충청북도,202410,286212,4.011
미국,충청북도,202411,226831,5.346
미국,충청북도,202412,176694,6.154
미국,충청북도,202501,158778,4.810
미국,충청북도,202502,144275,3.615
미국,충청북도,202503,224059,3.393
미국,충청북도,202504,272700,2.725
미국,충청북도,202505,280761,4.692
미국,충청북도,202506,253224,7.010
미국,충청북도,202507,343138,6.975
미국,충청북도,202508,258732,5.184
미국,충청북도,202509,286119,5.410
미국,충청북도,202510,312609,5.287
미국,충청북도,202511,265796,5.225
미국,충청북도,202512,199446,5.675
미국,충청북도,202601,169368,5.794
미국,충청북도,202602,160373,4.183
미국,충청북도,202603,245930,2.661
미국,충청북도,202604,333594,3.218
미국,충청북도,202605,397317,3.986
미국,충청북도,202606,336577,6.929
미국,충청북도,202607,318730,6.998
일본,강원특별자치도,202001,155793,4.148
일본,강원특별자치도,202002,78089,7.271
일본,강원특별자치도,202003,3030,3.795
일본,강원특별자치도,202004,4840,0.496
일본,강원특별자치도,202005,4483,0.848
일본,강원특별자치도,202006,6347,0.772
일본,강원특별자치도,202007,4340,0.991
일본,강원특별자치도,202008,5165,0.871
일본,강원특별자치도,202009,4824,0.580
일본,강원특별자치도,202010,4489,1.337
일본,강원특별자치도,202011,4084,2.057
일본,강원특별자치도,202012,3549,1.071
일본,강원특별자치도,202101,7048,0.865
일본,강원특별자치도,202102,7889,0.761
일본,강원특별자치도,202103,9690,0.495
일본,강원특별자치도,202104,8484,0.471
일본,강원특별자치도,202105,9432,1.071
일본,강원특별자치도,202106,9403,0.649
일본,강원특별자치도,202107,11156,0.636
일본,강원특별자치도,202108,13493,1.171
일본,강원특별자치도,202109,11693,0.633
일본,강원특별자치도,202110,12725,0.849
일본,강원특별자치도,202111,10433,0.719
일본,강원특별자치도,202112,11036,0.453
일본,강원특별자치도,202201,12081,0.952
일본,강원특별자치도,202202,14742,2.021
일본,강원특별자치도,202203,14171,1.171
일본,강원특별자치도,202204,19600,1.327
일본,강원특별자치도,202205,31620,1.768
일본,강원특별자치도,202206,46109,1.601
일본,강원특별자치도,202207,57331,2.180
일본,강원특별자치도,202208,62000,5.355
일본,강원특별자치도,202209,58761,4.214
일본,강원특별자치도,202210,85157,5.767
일본,강원특별자치도,202211,63081,6.286
일본,강원특별자치도,202212,114406,3.962
일본,강원특별자치도,202301,131525,3.205
일본,강원특별자치도,202302,115731,4.987
일본,강원특별자치도,202303,98048,6.175
일본,강원특별자치도,202304,247608,3.563
일본,강원특별자치도,202305,235564,6.277
일본,강원특별자치도,202306,243846,4.996
일본,강원특별자치도,202307,266403,5.056
일본,강원특별자치도,202308,251695,6.070
일본,강원특별자치도,202309,230999,8.317
일본,강원특별자치도,202310,293984,5.820
일본,강원특별자치도,202311,216274,5.580
일본,강원특별자치도,202312,306455,3.694
일본,강원특별자치도,202401,287002,4.259
일본,강원특별자치도,202402,253974,4.032
일본,강원특별자치도,202403,207427,7.314
일본,강원특별자치도,202404,287107,5.105
일본,강원특별자치도,202405,296436,5.012
일본,강원특별자치도,202406,308225,5.382
일본,강원특별자치도,202407,275199,6.168
일본,강원특별자치도,202408,228890,9.232
일본,강원특별자치도,202409,220304,7.819
일본,강원특별자치도,202410,295920,6.617
일본,강원특별자치도,202411,220541,6.808
일본,강원특별자치도,202412,299826,4.308
일본,강원특별자치도,202501,248888,5.100
일본,강원특별자치도,202502,197800,6.062
일본,강원특별자치도,202503,187417,9.283
일본,강원특별자치도,202504,328146,12.203
일본,강원특별자치도,202505,330275,5.802
일본,강원특별자치도,202506,335323,4.542
일본,강원특별자치도,202507,353097,7.002
일본,강원특별자치도,202508,260102,8.709
일본,강원특별자치도,202509,227229,6.795
일본,강원특별자치도,202510,313881,8.114
일본,강원특별자치도,202511,252131,9.369
일본,강원특별자치도,202512,327455,5.126
일본,강원특별자치도,202601,259470,5.784
일본,강원특별자치도,202602,244677,6.766
일본,강원특별자치도,202603,198163,9.201
일본,강원특별자치도,202604,353169,4.106
일본,강원특별자치도,202605,439507,4.384
일본,강원특별자치도,202606,423311,4.268
일본,강원특별자치도,202607,387378,5.008
일본,경기도,202001,1186960,7.579
일본,경기도,202002,698133,12.334
일본,경기도,202003,38101,6.593
일본,경기도,202004,57412,1.249
일본,경기도,202005,60076,1.450
일본,경기도,202006,80177,1.498
일본,경기도,202007,63900,1.319
일본,경기도,202008,73885,2.032
일본,경기도,202009,67944,1.436
일본,경기도,202010,66893,1.743
일본,경기도,202011,61667,2.233
일본,경기도,202012,61056,1.553
일본,경기도,202101,94326,2.576
일본,경기도,202102,112019,2.746
일본,경기도,202103,151418,0.983
일본,경기도,202104,127645,1.026
일본,경기도,202105,129346,1.751
일본,경기도,202106,129278,1.157
일본,경기도,202107,144504,0.990
일본,경기도,202108,178298,1.971
일본,경기도,202109,166682,1.124
일본,경기도,202110,179131,1.384
일본,경기도,202111,151996,1.600
일본,경기도,202112,160126,0.992
일본,경기도,202201,154578,2.093
일본,경기도,202202,191294,4.035
일본,경기도,202203,179935,2.275
일본,경기도,202204,230009,2.151
일본,경기도,202205,281426,2.762
일본,경기도,202206,350319,3.429
일본,경기도,202207,442358,4.938
일본,경기도,202208,524231,8.164
일본,경기도,202209,519190,6.885
일본,경기도,202210,666851,9.609
일본,경기도,202211,608397,8.691
일본,경기도,202212,677237,9.962
일본,경기도,202301,769541,8.736
일본,경기도,202302,835648,9.768
일본,경기도,202303,756122,9.979
일본,경기도,202304,1651725,5.795
일본,경기도,202305,1735766,6.478
일본,경기도,202306,1703653,6.146
일본,경기도,202307,1942698,5.704
일본,경기도,202308,2079004,6.300
일본,경기도,202309,1870653,6.893
일본,경기도,202310,2056797,6.000
일본,경기도,202311,1793458,6.413
일본,경기도,202312,1831102,5.766
일본,경기도,202401,1656372,5.375
일본,경기도,202402,1756810,5.559
일본,경기도,202403,1961716,6.876
일본,경기도,202404,2001641,5.846
일본,경기도,202405,1795678,6.877
일본,경기도,202406,1754705,6.983
일본,경기도,202407,1965233,6.523
일본,경기도,202408,1919811,8.338
일본,경기도,202409,1772276,7.370
일본,경기도,202410,2124524,7.685
일본,경기도,202411,1788336,7.323
일본,경기도,202412,1733753,7.168
일본,경기도,202501,1586582,7.485
일본,경기도,202502,1421927,7.879
일본,경기도,202503,1821606,8.032
일본,경기도,202504,2143703,8.005
일본,경기도,202505,2138585,8.461
일본,경기도,202506,2170206,7.425
일본,경기도,202507,2650507,8.366
일본,경기도,202508,2195498,6.608
일본,경기도,202509,2009029,6.822
일본,경기도,202510,2218810,9.259
일본,경기도,202511,2042504,8.866
일본,경기도,202512,1981461,7.285
일본,경기도,202601,1735517,6.434
일본,경기도,202602,1636248,7.660
일본,경기도,202603,1871783,8.600
일본,경기도,202604,2575604,5.703
일본,경기도,202605,2673038,6.143
일본,경기도,202606,2470334,5.874
일본,경기도,202607,2660282,5.772
일본,경상남도,202001,229828,9.457
일본,경상남도,202002,160272,13.017
일본,경상남도,202003,10530,6.790
일본,경상남도,202004,14912,1.261
일본,경상남도,202005,15901,1.623
일본,경상남도,202006,20338,1.308
일본,경상남도,202007,8899,1.584
일본,경상남도,202008,11601,2.121
일본,경상남도,202009,9698,1.361
일본,경상남도,202010,9518,2.112
일본,경상남도,202011,9271,2.600
일본,경상남도,202012,9362,1.581
일본,경상남도,202101,31573,1.178
일본,경상남도,202102,31740,0.977
일본,경상남도,202103,41659,1.155
일본,경상남도,202104,37731,1.198
일본,경상남도,202105,38892,2.206
일본,경상남도,202106,39677,1.313
일본,경상남도,202107,42054,1.144
일본,경상남도,202108,50392,2.113
일본,경상남도,202109,44608,0.841
일본,경상남도,202110,50685,1.050
일본,경상남도,202111,49054,1.723
일본,경상남도,202112,50150,1.021
일본,경상남도,202201,47488,1.282
일본,경상남도,202202,54176,2.708
일본,경상남도,202203,52235,1.216
일본,경상남도,202204,60265,1.258
일본,경상남도,202205,76198,1.631
일본,경상남도,202206,93418,1.904
일본,경상남도,202207,112767,2.686
일본,경상남도,202208,132460,4.777
일본,경상남도,202209,133139,3.713
일본,경상남도,202210,180430,6.253
일본,경상남도,202211,165526,6.011
일본,경상남도,202212,177807,6.558
일본,경상남도,202301,266632,5.631
일본,경상남도,202302,299173,5.714
일본,경상남도,202303,258971,6.578
일본,경상남도,202304,499585,4.333
일본,경상남도,202305,479465,5.727
일본,경상남도,202306,480667,5.539
일본,경상남도,202307,568050,4.418
일본,경상남도,202308,598212,5.126
일본,경상남도,202309,568259,5.412
일본,경상남도,202310,627613,6.699
일본,경상남도,202311,576432,7.077
일본,경상남도,202312,527773,5.736
일본,경상남도,202401,534978,6.085
일본,경상남도,202402,531251,6.349
일본,경상남도,202403,657722,5.575
일본,경상남도,202404,707812,4.431
일본,경상남도,202405,680238,5.099
일본,경상남도,202406,647138,5.111
일본,경상남도,202407,617836,4.949
일본,경상남도,202408,604979,6.295
일본,경상남도,202409,622139,4.460
일본,경상남도,202410,719288,5.550
일본,경상남도,202411,678699,4.518
일본,경상남도,202412,698452,4.343
일본,경상남도,202501,591775,4.583
일본,경상남도,202502,517737,5.366
일본,경상남도,202503,663354,5.333
일본,경상남도,202504,713677,5.443
일본,경상남도,202505,740264,6.953
일본,경상남도,202506,696323,4.407
일본,경상남도,202507,852885,6.118
일본,경상남도,202508,742188,5.557
일본,경상남도,202509,717011,4.888
일본,경상남도,202510,879966,7.629
일본,경상남도,202511,831001,6.726
일본,경상남도,202512,863296,4.242
일본,경상남도,202601,759430,3.648
일본,경상남도,202602,642752,4.594
일본,경상남도,202603,727830,5.824
일본,경상남도,202604,870753,4.606
일본,경상남도,202605,1045152,4.451
일본,경상남도,202606,1006286,3.958
일본,경상남도,202607,969001,3.676
일본,경상북도,202001,153689,7.064
일본,경상북도,202002,100975,10.292
일본,경상북도,202003,6277,2.884
일본,경상북도,202004,11302,0.522
일본,경상북도,202005,14418,0.506
일본,경상북도,202006,19446,0.427
일본,경상북도,202007,6396,2.017
일본,경상북도,202008,7684,2.590
일본,경상북도,202009,6789,1.826
일본,경상북도,202010,6854,1.474
일본,경상북도,202011,6217,4.182
일본,경상북도,202012,6053,2.990
일본,경상북도,202101,23907,0.728
일본,경상북도,202102,20394,0.637
일본,경상북도,202103,25837,0.759
일본,경상북도,202104,28364,0.479
일본,경상북도,202105,32597,0.755
일본,경상북도,202106,34002,0.515
일본,경상북도,202107,34921,0.544
일본,경상북도,202108,35389,1.178
일본,경상북도,202109,28372,0.620
일본,경상북도,202110,31630,0.727
일본,경상북도,202111,35948,0.704
일본,경상북도,202112,29582,0.700
일본,경상북도,202201,26011,1.261
일본,경상북도,202202,32911,2.358
일본,경상북도,202203,37284,1.204
일본,경상북도,202204,41305,2.968
일본,경상북도,202205,62523,1.286
일본,경상북도,202206,68367,1.572
일본,경상북도,202207,80137,2.407
일본,경상북도,202208,97654,5.344
일본,경상북도,202209,101145,4.031
일본,경상북도,202210,135673,5.266
일본,경상북도,202211,116505,5.480
일본,경상북도,202212,120686,6.235
일본,경상북도,202301,145193,7.700
일본,경상북도,202302,181829,9.198
일본,경상북도,202303,176727,10.714
일본,경상북도,202304,361534,4.940
일본,경상북도,202305,365247,5.995
일본,경상북도,202306,336401,6.301
일본,경상북도,202307,343595,5.415
일본,경상북도,202308,383607,7.074
일본,경상북도,202309,374828,5.609
일본,경상북도,202310,402739,6.425
일본,경상북도,202311,310427,8.546
일본,경상북도,202312,268951,6.799
일본,경상북도,202401,253337,6.693
일본,경상북도,202402,271708,8.451
일본,경상북도,202403,353806,9.914
일본,경상북도,202404,406161,5.776
일본,경상북도,202405,419179,5.680
일본,경상북도,202406,385484,6.400
일본,경상북도,202407,380022,5.492
일본,경상북도,202408,422357,6.948
일본,경상북도,202409,438366,5.684
일본,경상북도,202410,497061,5.714
일본,경상북도,202411,404404,5.791
일본,경상북도,202412,312298,6.212
일본,경상북도,202501,258877,6.922
일본,경상북도,202502,252099,10.409
일본,경상북도,202503,438581,8.899
일본,경상북도,202504,547013,5.558
일본,경상북도,202505,576018,5.276
일본,경상북도,202506,498360,4.602
일본,경상북도,202507,531200,7.289
일본,경상북도,202508,454401,6.392
일본,경상북도,202509,493537,5.218
일본,경상북도,202510,587371,6.885
일본,경상북도,202511,501421,7.229
일본,경상북도,202512,367117,6.295
일본,경상북도,202601,287788,7.160
일본,경상북도,202602,285250,9.499
일본,경상북도,202603,438683,8.833
일본,경상북도,202604,642715,4.008
일본,경상북도,202605,771775,4.346
일본,경상북도,202606,634048,4.342
일본,경상북도,202607,579873,5.162
일본,광주광역시,202001,45864,5.497
일본,광주광역시,202002,30402,7.661
일본,광주광역시,202003,2054,4.138
일본,광주광역시,202004,3174,0.945
일본,광주광역시,202005,2923,1.334
일본,광주광역시,202006,3830,1.462
일본,광주광역시,202007,1940,1.392
일본,광주광역시,202008,2127,2.022
일본,광주광역시,202009,2253,0.843
일본,광주광역시,202010,2060,1.602
일본,광주광역시,202011,1900,2.211
일본,광주광역시,202012,2003,1.298
일본,광주광역시,202101,4534,0.882
일본,광주광역시,202102,5334,0.506
일본,광주광역시,202103,7164,0.405
일본,광주광역시,202104,6298,0.381
일본,광주광역시,202105,7691,0.767
일본,광주광역시,202106,8592,0.466
일본,광주광역시,202107,9151,0.361
일본,광주광역시,202108,11850,0.692
일본,광주광역시,202109,12836,0.226
일본,광주광역시,202110,13674,0.322
일본,광주광역시,202111,7103,0.634
일본,광주광역시,202112,7141,0.420
일본,광주광역시,202201,8080,0.903
일본,광주광역시,202202,10521,2.348
일본,광주광역시,202203,10334,0.910
일본,광주광역시,202204,11813,1.041
일본,광주광역시,202205,17515,1.570
일본,광주광역시,202206,20898,1.541
일본,광주광역시,202207,24034,2.226
일본,광주광역시,202208,27134,5.045
일본,광주광역시,202209,33371,2.820
일본,광주광역시,202210,43609,4.148
일본,광주광역시,202211,37846,4.143
일본,광주광역시,202212,40218,5.276
일본,광주광역시,202301,32188,5.664
일본,광주광역시,202302,34525,6.833
일본,광주광역시,202303,32521,6.371
일본,광주광역시,202304,92137,5.152
일본,광주광역시,202305,94713,4.592
일본,광주광역시,202306,63591,8.449
일본,광주광역시,202307,67064,5.326
일본,광주광역시,202308,68796,7.544
일본,광주광역시,202309,88903,3.756
일본,광주광역시,202310,95946,3.796
일본,광주광역시,202311,81172,4.327
일본,광주광역시,202312,64910,5.703
일본,광주광역시,202401,62043,6.734
일본,광주광역시,202402,61068,4.819
일본,광주광역시,202403,81981,4.861
일본,광주광역시,202404,84081,4.039
일본,광주광역시,202405,79208,5.031
일본,광주광역시,202406,71039,5.870
일본,광주광역시,202407,75009,4.901
일본,광주광역시,202408,77371,7.721
일본,광주광역시,202409,88588,5.387
일본,광주광역시,202410,96937,6.600
일본,광주광역시,202411,99602,4.679
일본,광주광역시,202412,72754,5.053
일본,광주광역시,202501,66077,5.699
일본,광주광역시,202502,58162,6.602
일본,광주광역시,202503,82516,5.081
일본,광주광역시,202504,94289,6.247
일본,광주광역시,202505,98363,6.651
일본,광주광역시,202506,91525,3.846
일본,광주광역시,202507,108483,4.413
일본,광주광역시,202508,97993,5.815
일본,광주광역시,202509,102792,4.086
일본,광주광역시,202510,102192,6.333
일본,광주광역시,202511,94820,5.706
일본,광주광역시,202512,82041,4.800
일본,광주광역시,202601,71412,4.257
일본,광주광역시,202602,59494,7.527
일본,광주광역시,202603,77628,7.660
일본,광주광역시,202604,95519,4.996
일본,광주광역시,202605,99479,4.558
일본,광주광역시,202606,87498,3.748
일본,대구광역시,202001,96875,8.741
일본,대구광역시,202002,58553,11.494
일본,대구광역시,202003,2473,4.003
일본,대구광역시,202004,4702,0.723
일본,대구광역시,202005,4515,1.085
일본,대구광역시,202006,5875,1.311
일본,대구광역시,202007,3446,1.277
일본,대구광역시,202008,4459,1.166
일본,대구광역시,202009,4022,0.721
일본,대구광역시,202010,3929,1.018
일본,대구광역시,202011,3916,1.251
일본,대구광역시,202012,3620,1.105
일본,대구광역시,202101,8032,0.921
일본,대구광역시,202102,10852,0.525
일본,대구광역시,202103,15706,0.388
일본,대구광역시,202104,13350,0.360
일본,대구광역시,202105,13579,0.722
일본,대구광역시,202106,13815,0.420
일본,대구광역시,202107,15819,0.360
일본,대구광역시,202108,20169,0.645
일본,대구광역시,202109,20633,0.436
일본,대구광역시,202110,23217,0.508
일본,대구광역시,202111,17181,0.518
일본,대구광역시,202112,18044,0.360
일본,대구광역시,202201,12465,1.685
일본,대구광역시,202202,15677,3.789
일본,대구광역시,202203,15486,1.957
일본,대구광역시,202204,19853,1.828
일본,대구광역시,202205,26000,2.442
일본,대구광역시,202206,28520,2.584
일본,대구광역시,202207,34814,4.521
일본,대구광역시,202208,41668,8.491
일본,대구광역시,202209,41654,6.564
일본,대구광역시,202210,56802,9.540
일본,대구광역시,202211,50074,9.566
일본,대구광역시,202212,54345,10.360
일본,대구광역시,202301,62959,11.064
일본,대구광역시,202302,62043,10.830
일본,대구광역시,202303,64119,13.068
일본,대구광역시,202304,158119,5.329
일본,대구광역시,202305,169586,6.529
일본,대구광역시,202306,132786,7.285
일본,대구광역시,202307,157629,5.755
일본,대구광역시,202308,161765,8.672
일본,대구광역시,202309,166561,7.627
일본,대구광역시,202310,165400,7.274
일본,대구광역시,202311,141208,9.196
일본,대구광역시,202312,128303,9.618
일본,대구광역시,202401,118060,8.837
일본,대구광역시,202402,124580,7.903
일본,대구광역시,202403,164731,8.801
일본,대구광역시,202404,166075,6.759
일본,대구광역시,202405,168834,8.152
일본,대구광역시,202406,150714,8.174
일본,대구광역시,202407,165796,8.014
일본,대구광역시,202408,175484,9.878
일본,대구광역시,202409,168701,8.123
일본,대구광역시,202410,188108,8.956
일본,대구광역시,202411,186804,7.097
일본,대구광역시,202412,138202,9.322
일본,대구광역시,202501,120952,11.553
일본,대구광역시,202502,111056,11.815
일본,대구광역시,202503,165480,11.532
일본,대구광역시,202504,190951,9.171
일본,대구광역시,202505,197946,10.055
일본,대구광역시,202506,179766,6.662
일본,대구광역시,202507,245848,9.398
일본,대구광역시,202508,216590,8.888
일본,대구광역시,202509,199376,8.467
일본,대구광역시,202510,221794,10.238
일본,대구광역시,202511,195336,11.001
일본,대구광역시,202512,156868,9.766
일본,대구광역시,202601,130944,9.521
일본,대구광역시,202602,128051,10.361
일본,대구광역시,202603,170979,13.041
일본,대구광역시,202604,207721,6.959
일본,대구광역시,202605,232199,9.006
일본,대구광역시,202606,213740,7.551
일본,대구광역시,202607,208150,6.281
일본,대전광역시,202001,55829,7.700
일본,대전광역시,202002,33322,11.440
일본,대전광역시,202003,2006,6.830
일본,대전광역시,202004,3472,1.152
일본,대전광역시,202005,3338,1.498
일본,대전광역시,202006,4264,1.618
일본,대전광역시,202007,2766,1.338
일본,대전광역시,202008,3767,1.832
일본,대전광역시,202009,3324,1.264
일본,대전광역시,202010,3093,1.552
일본,대전광역시,202011,3041,2.302
일본,대전광역시,202012,3234,1.577
일본,대전광역시,202101,5592,1.091
일본,대전광역시,202102,6981,0.673
일본,대전광역시,202103,9338,0.407
일본,대전광역시,202104,8824,0.431
일본,대전광역시,202105,9713,0.927
일본,대전광역시,202106,9517,0.620
일본,대전광역시,202107,10584,0.510
일본,대전광역시,202108,13853,0.801
일본,대전광역시,202109,13467,0.408
일본,대전광역시,202110,14958,0.501
일본,대전광역시,202111,11429,0.621
일본,대전광역시,202112,10639,0.376
일본,대전광역시,202201,9379,1.173
일본,대전광역시,202202,12673,2.075
일본,대전광역시,202203,12345,1.191
일본,대전광역시,202204,15328,1.566
일본,대전광역시,202205,19624,2.206
일본,대전광역시,202206,21468,2.711
일본,대전광역시,202207,27251,3.270
일본,대전광역시,202208,32616,6.457
일본,대전광역시,202209,34772,4.745
일본,대전광역시,202210,42951,8.067
일본,대전광역시,202211,36308,8.095
일본,대전광역시,202212,36559,10.772
일본,대전광역시,202301,37073,8.424
일본,대전광역시,202302,42482,9.369
일본,대전광역시,202303,42757,10.765
일본,대전광역시,202304,89222,5.734
일본,대전광역시,202305,87903,6.549
일본,대전광역시,202306,76238,6.351
일본,대전광역시,202307,85176,6.597
일본,대전광역시,202308,106395,8.860
일본,대전광역시,202309,100328,7.295
일본,대전광역시,202310,108179,5.990
일본,대전광역시,202311,84013,6.589
일본,대전광역시,202312,71494,7.308
일본,대전광역시,202401,63118,8.115
일본,대전광역시,202402,67771,7.096
일본,대전광역시,202403,85696,9.158
일본,대전광역시,202404,89221,6.680
일본,대전광역시,202405,82010,7.554
일본,대전광역시,202406,75133,7.505
일본,대전광역시,202407,82746,6.584
일본,대전광역시,202408,90416,11.745
일본,대전광역시,202409,105940,6.271
일본,대전광역시,202410,123485,7.015
일본,대전광역시,202411,96250,6.535
일본,대전광역시,202412,77758,9.090
일본,대전광역시,202501,71154,10.938
일본,대전광역시,202502,62757,9.679
일본,대전광역시,202503,89856,11.291
일본,대전광역시,202504,97016,8.190
일본,대전광역시,202505,98224,10.084
일본,대전광역시,202506,91412,8.445
일본,대전광역시,202507,117277,8.808
일본,대전광역시,202508,105273,9.455
일본,대전광역시,202509,128692,7.076
일본,대전광역시,202510,131806,10.349
일본,대전광역시,202511,112409,10.680
일본,대전광역시,202512,85503,8.631
일본,대전광역시,202601,75250,8.327
일본,대전광역시,202602,67056,9.140
일본,대전광역시,202603,102952,10.634
일본,대전광역시,202604,119105,6.230
일본,대전광역시,202605,127208,7.361
일본,대전광역시,202606,115627,7.911
일본,대전광역시,202607,132044,5.878
일본,부산광역시,202001,338825,19.858
일본,부산광역시,202002,214002,28.199
일본,부산광역시,202003,8842,10.077
일본,부산광역시,202004,13919,1.638
일본,부산광역시,202005,15653,2.255
일본,부산광역시,202006,20770,2.046
일본,부산광역시,202007,15848,1.161
일본,부산광역시,202008,18960,1.693
일본,부산광역시,202009,18082,1.029
일본,부산광역시,202010,19989,1.296
일본,부산광역시,202011,17508,1.925
일본,부산광역시,202012,19092,1.126
일본,부산광역시,202101,31615,1.455
일본,부산광역시,202102,34187,1.044
일본,부산광역시,202103,43554,0.980
일본,부산광역시,202104,39251,0.945
일본,부산광역시,202105,46111,1.817
일본,부산광역시,202106,45997,1.144
일본,부산광역시,202107,46616,0.895
일본,부산광역시,202108,54494,1.971
일본,부산광역시,202109,49393,0.978
일본,부산광역시,202110,56224,1.185
일본,부산광역시,202111,50862,1.357
일본,부산광역시,202112,51640,0.879
일본,부산광역시,202201,44567,1.887
일본,부산광역시,202202,50236,3.927
일본,부산광역시,202203,50024,1.899
일본,부산광역시,202204,60903,2.291
일본,부산광역시,202205,78390,3.087
일본,부산광역시,202206,88873,3.690
일본,부산광역시,202207,106815,5.578
일본,부산광역시,202208,130976,9.774
일본,부산광역시,202209,136337,9.314
일본,부산광역시,202210,217129,15.946
일본,부산광역시,202211,172245,13.942
일본,부산광역시,202212,203030,14.430
일본,부산광역시,202301,325980,13.831
일본,부산광역시,202302,345615,13.258
일본,부산광역시,202303,387482,17.101
일본,부산광역시,202304,806265,9.057
일본,부산광역시,202305,774836,14.638
일본,부산광역시,202306,725702,12.565
일본,부산광역시,202307,730656,11.750
일본,부산광역시,202308,804260,15.224
일본,부산광역시,202309,861009,13.624
일본,부산광역시,202310,1013180,15.599
일본,부산광역시,202311,826323,18.619
일본,부산광역시,202312,686731,14.092
일본,부산광역시,202401,610177,13.067
일본,부산광역시,202402,681974,12.529
일본,부산광역시,202403,945181,13.751
일본,부산광역시,202404,1063346,9.558
일본,부산광역시,202405,992272,12.205
일본,부산광역시,202406,944406,12.792
일본,부산광역시,202407,966378,10.000
일본,부산광역시,202408,1076835,13.314
일본,부산광역시,202409,996871,11.463
일본,부산광역시,202410,1207511,12.641
일본,부산광역시,202411,983932,13.220
일본,부산광역시,202412,913349,12.137
일본,부산광역시,202501,752878,12.009
일본,부산광역시,202502,656780,12.506
일본,부산광역시,202503,1034150,13.510
일본,부산광역시,202504,1282258,11.478
일본,부산광역시,202505,1279653,13.707
일본,부산광역시,202506,1205348,10.327
일본,부산광역시,202507,1653914,11.143
일본,부산광역시,202508,1364638,10.948
일본,부산광역시,202509,1285642,12.644
일본,부산광역시,202510,1524020,14.975
일본,부산광역시,202511,1418695,18.152
일본,부산광역시,202512,1146324,12.751
일본,부산광역시,202601,1013260,10.578
일본,부산광역시,202602,1133814,9.725
일본,부산광역시,202603,1484014,15.140
일본,부산광역시,202604,1710921,9.101
일본,부산광역시,202605,1910947,10.745
일본,부산광역시,202606,2058919,10.408
일본,부산광역시,202607,2020622,7.403
일본,서울특별시,202001,2029695,14.676
일본,서울특별시,202002,1087730,30.869
일본,서울특별시,202003,34160,11.221
일본,서울특별시,202004,47062,1.789
일본,서울특별시,202005,53983,2.088
일본,서울특별시,202006,69499,2.262
일본,서울특별시,202007,63401,1.344
일본,서울특별시,202008,80364,1.623
일본,서울특별시,202009,78187,0.963
일본,서울특별시,202010,75875,1.332
일본,서울특별시,202011,73468,1.765
일본,서울특별시,202012,72805,1.258
일본,서울특별시,202101,86978,1.941
일본,서울특별시,202102,106108,1.255
일본,서울특별시,202103,138717,0.952
일본,서울특별시,202104,119328,0.974
일본,서울특별시,202105,123672,1.886
일본,서울특별시,202106,124195,1.240
일본,서울특별시,202107,139743,0.983
일본,서울특별시,202108,174626,1.925
일본,서울특별시,202109,164899,0.918
일본,서울특별시,202110,180555,1.192
일본,서울특별시,202111,155590,1.373
일본,서울특별시,202112,155897,0.899
일본,서울특별시,202201,128741,2.727
일본,서울특별시,202202,170375,4.938
일본,서울특별시,202203,162059,2.691
일본,서울특별시,202204,217226,2.655
일본,서울특별시,202205,285796,3.482
일본,서울특별시,202206,356390,4.347
일본,서울특별시,202207,451111,6.320
일본,서울특별시,202208,549393,11.607
일본,서울특별시,202209,594527,10.179
일본,서울특별시,202210,873808,15.317
일본,서울특별시,202211,791751,13.951
일본,서울특별시,202212,1007726,14.512
일본,서울특별시,202301,1181600,15.171
일본,서울특별시,202302,1296856,22.072
일본,서울특별시,202303,1434333,26.275
일본,서울특별시,202304,3136446,10.758
일본,서울특별시,202305,3135586,14.292
일본,서울특별시,202306,3092666,15.207
일본,서울특별시,202307,3208067,15.024
일본,서울특별시,202308,3414283,18.539
일본,서울특별시,202309,3398620,17.292
일본,서울특별시,202310,3779528,14.316
일본,서울특별시,202311,3427845,18.102
일본,서울특별시,202312,3294170,13.724
일본,서울특별시,202401,2698724,12.594
일본,서울특별시,202402,2842766,14.765
일본,서울특별시,202403,3668370,21.324
일본,서울특별시,202404,3887721,12.319
일본,서울특별시,202405,3444704,15.814
일본,서울특별시,202406,3337312,16.420
일본,서울특별시,202407,3392463,15.071
일본,서울특별시,202408,3579293,20.827
일본,서울특별시,202409,3505875,19.790
일본,서울특별시,202410,4412558,18.119
일본,서울특별시,202411,3477376,18.840
일본,서울특별시,202412,3294533,15.418
일본,서울특별시,202501,2665409,16.424
일본,서울특별시,202502,2386482,19.176
일본,서울특별시,202503,3570478,23.096
일본,서울특별시,202504,4190106,15.652
일본,서울특별시,202505,4175491,17.624
일본,서울특별시,202506,4170480,15.385
일본,서울특별시,202507,4781449,16.503
일본,서울특별시,202508,3997109,15.374
일본,서울특별시,202509,4080530,17.974
일본,서울특별시,202510,4724138,20.667
일본,서울특별시,202511,4499486,22.592
일본,서울특별시,202512,4168698,15.727
일본,서울특별시,202601,3363997,15.368
일본,서울특별시,202602,3371051,17.379
일본,서울특별시,202603,4268420,25.099
일본,서울특별시,202604,5157532,12.336
일본,서울특별시,202605,5472909,15.405
일본,서울특별시,202606,5329857,15.475
일본,서울특별시,202607,5708648,12.546
일본,세종특별자치시,202001,19308,5.329
일본,세종특별자치시,202002,11415,7.394
일본,세종특별자치시,202003,624,2.724
일본,세종특별자치시,202004,1009,0.595
일본,세종특별자치시,202005,975,1.333
일본,세종특별자치시,202006,1320,1.136
일본,세종특별자치시,202007,767,0.913
일본,세종특별자치시,202008,967,1.344
일본,세종특별자치시,202009,920,1.739
일본,세종특별자치시,202010,829,2.171
일본,세종특별자치시,202011,641,2.184
일본,세종특별자치시,202012,738,3.388
일본,세종특별자치시,202101,1677,1.014
일본,세종특별자치시,202102,1976,1.012
일본,세종특별자치시,202103,2602,0.999
일본,세종특별자치시,202104,2146,1.072
일본,세종특별자치시,202105,2222,1.710
일본,세종특별자치시,202106,2242,1.115
일본,세종특별자치시,202107,2445,0.777
일본,세종특별자치시,202108,3176,1.008
일본,세종특별자치시,202109,2794,0.465
일본,세종특별자치시,202110,2881,0.625
일본,세종특별자치시,202111,2428,1.730
일본,세종특별자치시,202112,2610,1.034
일본,세종특별자치시,202201,2864,0.908
일본,세종특별자치시,202202,4160,2.356
일본,세종특별자치시,202203,3785,1.480
일본,세종특별자치시,202204,4527,1.104
일본,세종특별자치시,202205,5973,1.808
일본,세종특별자치시,202206,7268,1.720
일본,세종특별자치시,202207,9074,2.028
일본,세종특별자치시,202208,10993,4.985
일본,세종특별자치시,202209,10643,3.993
일본,세종특별자치시,202210,12250,5.380
일본,세종특별자치시,202211,11515,6.765
일본,세종특별자치시,202212,12143,6.769
일본,세종특별자치시,202301,9903,6.604
일본,세종특별자치시,202302,12422,7.036
일본,세종특별자치시,202303,12821,10.358
일본,세종특별자치시,202304,27566,4.618
일본,세종특별자치시,202305,26522,4.822
일본,세종특별자치시,202306,26520,5.166
일본,세종특별자치시,202307,36393,3.314
일본,세종특별자치시,202308,31613,6.845
일본,세종특별자치시,202309,33792,7.558
일본,세종특별자치시,202310,32137,4.534
일본,세종특별자치시,202311,29358,5.218
일본,세종특별자치시,202312,26691,4.222
일본,세종특별자치시,202401,23421,5.884
일본,세종특별자치시,202402,23304,7.518
일본,세종특별자치시,202403,26860,11.132
일본,세종특별자치시,202404,28467,9.169
일본,세종특별자치시,202405,28534,7.759
일본,세종특별자치시,202406,24801,6.407
일본,세종특별자치시,202407,29800,5.698
일본,세종특별자치시,202408,33632,8.798
일본,세종특별자치시,202409,34377,6.792
일본,세종특별자치시,202410,41594,7.588
일본,세종특별자치시,202411,33073,6.341
일본,세종특별자치시,202412,26223,9.011
일본,세종특별자치시,202501,28392,7.710
일본,세종특별자치시,202502,27480,6.044
일본,세종특별자치시,202503,32330,7.897
일본,세종특별자치시,202504,31973,9.436
일본,세종특별자치시,202505,33037,7.501
일본,세종특별자치시,202506,35605,7.375
일본,세종특별자치시,202507,87784,3.896
일본,세종특별자치시,202508,42764,7.546
일본,세종특별자치시,202509,41375,6.485
일본,세종특별자치시,202510,44669,8.281
일본,세종특별자치시,202511,38725,7.861
일본,세종특별자치시,202512,31492,7.650
일본,세종특별자치시,202601,27592,6.991
일본,세종특별자치시,202602,27309,8.224
일본,세종특별자치시,202603,37936,7.784
일본,세종특별자치시,202604,46559,4.678
일본,세종특별자치시,202605,48815,5.488
일본,세종특별자치시,202606,43219,4.598
일본,세종특별자치시,202607,45126,4.552
일본,울산광역시,202001,78403,5.931
일본,울산광역시,202002,55180,9.576
일본,울산광역시,202003,4308,2.739
일본,울산광역시,202004,5812,0.516
일본,울산광역시,202005,6459,0.697
일본,울산광역시,202006,9052,1.105
일본,울산광역시,202007,5141,0.700
일본,울산광역시,202008,4828,1.181
일본,울산광역시,202009,4799,0.729
일본,울산광역시,202010,4645,0.840
일본,울산광역시,202011,4422,0.995
일본,울산광역시,202012,4711,0.658
일본,울산광역시,202101,16461,0.480
일본,울산광역시,202102,18129,0.353
일본,울산광역시,202103,23556,0.306
일본,울산광역시,202104,20434,0.230
일본,울산광역시,202105,19858,0.473
일본,울산광역시,202106,19936,0.326
일본,울산광역시,202107,20110,0.363
일본,울산광역시,202108,22189,0.599
일본,울산광역시,202109,20316,0.335
일본,울산광역시,202110,24301,0.395
일본,울산광역시,202111,29522,0.295
일본,울산광역시,202112,31707,0.243
일본,울산광역시,202201,23351,0.647
일본,울산광역시,202202,25888,1.194
일본,울산광역시,202203,24554,0.607
일본,울산광역시,202204,31724,0.734
일본,울산광역시,202205,37602,1.231
일본,울산광역시,202206,47013,1.236
일본,울산광역시,202207,51986,1.637
일본,울산광역시,202208,54820,3.522
일본,울산광역시,202209,58293,2.577
일본,울산광역시,202210,75441,3.886
일본,울산광역시,202211,68434,3.338
일본,울산광역시,202212,74438,4.022
일본,울산광역시,202301,117333,2.700
일본,울산광역시,202302,137938,2.856
일본,울산광역시,202303,120261,4.391
일본,울산광역시,202304,178569,3.078
일본,울산광역시,202305,194076,3.181
일본,울산광역시,202306,201549,2.967
일본,울산광역시,202307,220249,2.482
일본,울산광역시,202308,228914,5.400
일본,울산광역시,202309,242125,3.081
일본,울산광역시,202310,262102,5.201
일본,울산광역시,202311,225627,4.304
일본,울산광역시,202312,241807,3.009
일본,울산광역시,202401,217760,2.168
일본,울산광역시,202402,232107,2.799
일본,울산광역시,202403,294022,2.451
일본,울산광역시,202404,301463,2.694
일본,울산광역시,202405,283145,2.671
일본,울산광역시,202406,277446,3.051
일본,울산광역시,202407,294370,2.515
일본,울산광역시,202408,281348,3.239
일본,울산광역시,202409,298876,2.927
일본,울산광역시,202410,290605,3.593
일본,울산광역시,202411,235508,2.947
일본,울산광역시,202412,260779,2.389
일본,울산광역시,202501,224064,2.497
일본,울산광역시,202502,215576,2.846
일본,울산광역시,202503,270310,2.891
일본,울산광역시,202504,274057,4.166
일본,울산광역시,202505,269160,3.244
일본,울산광역시,202506,298481,3.140
일본,울산광역시,202507,386997,3.435
일본,울산광역시,202508,321701,2.962
일본,울산광역시,202509,290923,3.038
일본,울산광역시,202510,309567,4.968
일본,울산광역시,202511,293819,4.342
일본,울산광역시,202512,288304,2.709
일본,울산광역시,202601,253417,2.391
일본,울산광역시,202602,227757,3.066
일본,울산광역시,202603,256259,3.769
일본,울산광역시,202604,279626,3.814
일본,울산광역시,202605,318676,3.961
일본,울산광역시,202606,352613,3.005
일본,울산광역시,202607,319295,2.874
일본,인천광역시,202001,1104957,12.442
일본,인천광역시,202002,504420,25.496
일본,인천광역시,202003,13738,7.847
일본,인천광역시,202004,19210,0.843
일본,인천광역시,202005,21719,0.866
일본,인천광역시,202006,23079,1.218
일본,인천광역시,202007,21199,0.967
일본,인천광역시,202008,24421,1.552
일본,인천광역시,202009,23900,0.937
일본,인천광역시,202010,25120,1.206
일본,인천광역시,202011,24959,1.655
일본,인천광역시,202012,25664,1.130
일본,인천광역시,202101,37926,1.189
일본,인천광역시,202102,40885,0.934
일본,인천광역시,202103,54782,0.664
일본,인천광역시,202104,51740,0.632
일본,인천광역시,202105,50501,1.251
일본,인천광역시,202106,51735,0.818
일본,인천광역시,202107,53717,0.752
일본,인천광역시,202108,71190,1.469
일본,인천광역시,202109,68911,0.676
일본,인천광역시,202110,74203,0.935
일본,인천광역시,202111,62481,0.968
일본,인천광역시,202112,60462,0.637
일본,인천광역시,202201,54901,1.226
일본,인천광역시,202202,66338,2.667
일본,인천광역시,202203,65677,1.428
일본,인천광역시,202204,82113,1.675
일본,인천광역시,202205,109639,2.421
일본,인천광역시,202206,136670,2.941
일본,인천광역시,202207,168803,4.604
일본,인천광역시,202208,205777,9.173
일본,인천광역시,202209,227248,7.822
일본,인천광역시,202210,330994,13.574
일본,인천광역시,202211,318809,11.467
일본,인천광역시,202212,381041,13.120
일본,인천광역시,202301,607696,11.997
일본,인천광역시,202302,623221,15.951
일본,인천광역시,202303,643395,21.658
일본,인천광역시,202304,1413132,9.386
일본,인천광역시,202305,1443371,12.592
일본,인천광역시,202306,1479448,13.441
일본,인천광역시,202307,1548546,12.195
일본,인천광역시,202308,1724891,13.849
일본,인천광역시,202309,1730353,13.305
일본,인천광역시,202310,1941428,11.396
일본,인천광역시,202311,1725543,14.469
일본,인천광역시,202312,1622928,11.649
일본,인천광역시,202401,1471401,10.101
일본,인천광역시,202402,1486281,11.560
일본,인천광역시,202403,2061225,15.460
일본,인천광역시,202404,2067985,9.944
일본,인천광역시,202405,1803020,13.197
일본,인천광역시,202406,1771322,14.561
일본,인천광역시,202407,1807796,13.136
일본,인천광역시,202408,1876672,17.643
일본,인천광역시,202409,1837555,17.531
일본,인천광역시,202410,2194857,16.803
일본,인천광역시,202411,1775065,17.332
일본,인천광역시,202412,1655611,14.655
일본,인천광역시,202501,1402159,16.594
일본,인천광역시,202502,1334863,17.279
일본,인천광역시,202503,1933621,20.827
일본,인천광역시,202504,2217972,14.504
일본,인천광역시,202505,2133133,15.985
일본,인천광역시,202506,2147523,14.349
일본,인천광역시,202507,2807118,14.693
일본,인천광역시,202508,2169473,13.579
일본,인천광역시,202509,2083656,15.519
일본,인천광역시,202510,2319960,20.262
일본,인천광역시,202511,2275186,21.088
일본,인천광역시,202512,2012194,14.304
일본,인천광역시,202601,1766196,13.592
일본,인천광역시,202602,1793377,15.100
일본,인천광역시,202603,2126711,22.539
일본,인천광역시,202604,2743493,10.357
일본,인천광역시,202605,2795101,13.470
일본,인천광역시,202606,2748819,14.094
일본,인천광역시,202607,3681039,12.209
일본,전라남도,202001,206533,1.947
일본,전라남도,202002,118387,3.798
일본,전라남도,202003,9478,1.551
일본,전라남도,202004,13164,0.327
일본,전라남도,202005,13668,0.388
일본,전라남도,202006,15414,0.448
일본,전라남도,202007,7407,0.783
일본,전라남도,202008,8253,0.812
일본,전라남도,202009,7502,0.520
일본,전라남도,202010,7050,1.007
일본,전라남도,202011,7220,1.565
일본,전라남도,202012,7472,1.352
일본,전라남도,202101,29810,0.299
일본,전라남도,202102,29728,0.215
일본,전라남도,202103,38926,0.185
일본,전라남도,202104,34586,0.214
일본,전라남도,202105,35106,0.399
일본,전라남도,202106,35767,0.302
일본,전라남도,202107,38061,0.331
일본,전라남도,202108,39082,0.663
일본,전라남도,202109,35865,0.309
일본,전라남도,202110,40792,0.341
일본,전라남도,202111,43425,0.318
일본,전라남도,202112,46058,0.165
일본,전라남도,202201,37636,0.417
일본,전라남도,202202,39888,1.103
일본,전라남도,202203,40524,0.666
일본,전라남도,202204,45239,0.626
일본,전라남도,202205,59157,0.933
일본,전라남도,202206,70438,0.998
일본,전라남도,202207,87552,1.308
일본,전라남도,202208,97152,2.563
일본,전라남도,202209,100954,2.161
일본,전라남도,202210,136102,3.779
일본,전라남도,202211,126290,2.950
일본,전라남도,202212,145464,2.515
일본,전라남도,202301,225096,1.877
일본,전라남도,202302,242351,1.923
일본,전라남도,202303,196691,2.691
일본,전라남도,202304,354446,2.597
일본,전라남도,202305,345558,3.661
일본,전라남도,202306,349573,2.815
일본,전라남도,202307,432784,2.108
일본,전라남도,202308,440342,2.593
일본,전라남도,202309,408295,2.394
일본,전라남도,202310,537949,2.476
일본,전라남도,202311,505700,2.681
일본,전라남도,202312,646436,1.459
일본,전라남도,202401,570830,1.772
일본,전라남도,202402,489895,2.220
일본,전라남도,202403,565116,2.349
일본,전라남도,202404,581211,2.141
일본,전라남도,202405,617892,2.714
일본,전라남도,202406,659947,1.728
일본,전라남도,202407,706549,1.802
일본,전라남도,202408,589488,2.653
일본,전라남도,202409,566355,2.059
일본,전라남도,202410,620151,2.587
일본,전라남도,202411,541757,2.417
일본,전라남도,202412,580886,2.054
일본,전라남도,202501,520831,2.051
일본,전라남도,202502,423828,2.214
일본,전라남도,202503,557197,2.436
일본,전라남도,202504,656172,3.079
일본,전라남도,202505,722592,2.165
일본,전라남도,202506,715249,2.315
일본,전라남도,202507,833703,2.228
일본,전라남도,202508,698671,2.506
일본,전라남도,202509,645535,2.884
일본,전라남도,202510,596081,5.273
일본,전라남도,202511,617900,3.606
일본,전라남도,202512,649214,1.735
일본,전라남도,202601,569429,1.758
일본,전라남도,202602,510940,1.876
일본,전라남도,202603,522430,2.496
일본,전라남도,202604,652673,2.869
일본,전라남도,202605,902969,1.886
일본,전라남도,202606,787154,1.856
일본,전북특별자치도,202001,98766,4.089
일본,전북특별자치도,202002,58273,7.422
일본,전북특별자치도,202003,3887,2.444
일본,전북특별자치도,202004,6842,0.395
일본,전북특별자치도,202005,6286,0.605
일본,전북특별자치도,202006,7793,0.616
일본,전북특별자치도,202007,4795,0.584
일본,전북특별자치도,202008,5801,0.965
일본,전북특별자치도,202009,5825,0.584
일본,전북특별자치도,202010,4915,1.119
일본,전북특별자치도,202011,4935,2.472
일본,전북특별자치도,202012,4498,1.645
일본,전북특별자치도,202101,10922,0.494
일본,전북특별자치도,202102,11941,0.360
일본,전북특별자치도,202103,16275,0.264
일본,전북특별자치도,202104,14022,0.285
일본,전북특별자치도,202105,14047,0.577
일본,전북특별자치도,202106,13424,0.387
일본,전북특별자치도,202107,13868,0.389
일본,전북특별자치도,202108,17069,0.744
일본,전북특별자치도,202109,16832,0.303
일본,전북특별자치도,202110,18219,0.395
일본,전북특별자치도,202111,16553,0.447
일본,전북특별자치도,202112,17771,0.253
일본,전북특별자치도,202201,16648,0.637
일본,전북특별자치도,202202,20767,1.271
일본,전북특별자치도,202203,21502,0.791
일본,전북특별자치도,202204,25815,0.763
일본,전북특별자치도,202205,33315,1.132
일본,전북특별자치도,202206,42168,1.086
일본,전북특별자치도,202207,51233,1.474
일본,전북특별자치도,202208,55416,3.351
일본,전북특별자치도,202209,59710,2.730
일본,전북특별자치도,202210,79297,4.447
일본,전북특별자치도,202211,70737,3.644
일본,전북특별자치도,202212,75806,4.282
일본,전북특별자치도,202301,84867,3.952
일본,전북특별자치도,202302,106214,3.864
일본,전북특별자치도,202303,93633,4.586
일본,전북특별자치도,202304,191901,3.481
일본,전북특별자치도,202305,191751,4.862
일본,전북특별자치도,202306,166688,4.602
일본,전북특별자치도,202307,212839,3.131
일본,전북특별자치도,202308,408861,4.795
일본,전북특별자치도,202309,208191,4.228
일본,전북특별자치도,202310,237946,3.832
일본,전북특별자치도,202311,205121,4.290
일본,전북특별자치도,202312,179196,3.650
일본,전북특별자치도,202401,156615,4.129
일본,전북특별자치도,202402,147933,3.247
일본,전북특별자치도,202403,195923,5.013
일본,전북특별자치도,202404,221306,4.110
일본,전북특별자치도,202405,224342,3.345
일본,전북특별자치도,202406,188612,3.711
일본,전북특별자치도,202407,215712,3.165
일본,전북특별자치도,202408,187996,5.263
일본,전북특별자치도,202409,195250,3.600
일본,전북특별자치도,202410,232580,4.774
일본,전북특별자치도,202411,205404,4.136
일본,전북특별자치도,202412,174337,3.796
일본,전북특별자치도,202501,147432,4.045
일본,전북특별자치도,202502,133767,4.195
일본,전북특별자치도,202503,209875,4.829
일본,전북특별자치도,202504,276612,3.498
일본,전북특별자치도,202505,292129,3.942
일본,전북특별자치도,202506,267107,3.194
일본,전북특별자치도,202507,272860,3.730
일본,전북특별자치도,202508,220621,5.500
일본,전북특별자치도,202509,228688,4.616
일본,전북특별자치도,202510,247189,5.911
일본,전북특별자치도,202511,226841,5.368
일본,전북특별자치도,202512,195872,3.541
일본,전북특별자치도,202601,178150,3.371
일본,전북특별자치도,202602,195640,3.430
일본,전북특별자치도,202603,248557,4.178
일본,전북특별자치도,202604,352029,2.507
일본,전북특별자치도,202605,441879,2.499
일본,전북특별자치도,202606,367097,2.912
일본,전북특별자치도,202607,368859,2.461
일본,제주특별자치도,202001,484742,2.225
일본,제주특별자치도,202002,128605,6.305
일본,제주특별자치도,202003,6049,3.124
일본,제주특별자치도,202004,7296,0.726
일본,제주특별자치도,202005,8268,0.847
일본,제주특별자치도,202006,10173,1.032
일본,제주특별자치도,202007,7377,0.800
일본,제주특별자치도,202008,10260,0.916
일본,제주특별자치도,202009,9204,0.598
일본,제주특별자치도,202010,7518,0.931
일본,제주특별자치도,202011,6786,1.208
일본,제주특별자치도,202012,6246,0.865
일본,제주특별자치도,202101,14504,0.758
일본,제주특별자치도,202102,16966,0.519
일본,제주특별자치도,202103,25540,0.399
일본,제주특별자치도,202104,21347,0.450
일본,제주특별자치도,202105,20932,0.874
일본,제주특별자치도,202106,19738,0.507
일본,제주특별자치도,202107,20472,0.474
일본,제주특별자치도,202108,23199,1.263
일본,제주특별자치도,202109,21944,0.547
일본,제주특별자치도,202110,21003,0.824
일본,제주특별자치도,202111,21537,0.826
일본,제주특별자치도,202112,22724,0.480
일본,제주특별자치도,202201,18177,1.150
일본,제주특별자치도,202202,24328,1.763
일본,제주특별자치도,202203,23942,1.065
일본,제주특별자치도,202204,24466,1.292
일본,제주특별자치도,202205,32562,1.883
일본,제주특별자치도,202206,38551,2.311
일본,제주특별자치도,202207,47658,3.120
일본,제주특별자치도,202208,64017,5.388
일본,제주특별자치도,202209,66077,3.918
일본,제주특별자치도,202210,91384,6.213
일본,제주특별자치도,202211,92831,6.947
일본,제주특별자치도,202212,117341,4.997
일본,제주특별자치도,202301,138180,5.067
일본,제주특별자치도,202302,146752,4.280
일본,제주특별자치도,202303,169413,6.696
일본,제주특별자치도,202304,400863,3.380
일본,제주특별자치도,202305,475539,6.923
일본,제주특별자치도,202306,550453,4.169
일본,제주특별자치도,202307,654311,5.271
일본,제주특별자치도,202308,786252,4.005
일본,제주특별자치도,202309,707211,3.094
일본,제주특별자치도,202310,732072,2.728
일본,제주특별자치도,202311,606062,3.534
일본,제주특별자치도,202312,692289,1.686
일본,제주특별자치도,202401,748186,1.559
일본,제주특별자치도,202402,786234,1.221
일본,제주특별자치도,202403,940890,2.065
일본,제주특별자치도,202404,1036234,1.757
일본,제주특별자치도,202405,1054502,5.497
일본,제주특별자치도,202406,1061993,1.930
일본,제주특별자치도,202407,1055550,2.176
일본,제주특별자치도,202408,1246998,3.299
일본,제주특별자치도,202409,1044873,3.967
일본,제주특별자치도,202410,1156086,2.645
일본,제주특별자치도,202411,754073,4.786
일본,제주특별자치도,202412,695703,1.884
일본,제주특별자치도,202501,738896,1.869
일본,제주특별자치도,202502,768969,1.496
일본,제주특별자치도,202503,920572,2.597
일본,제주특별자치도,202504,1156869,4.104
일본,제주특별자치도,202505,1431659,2.476
일본,제주특별자치도,202506,1367357,2.892
일본,제주특별자치도,202507,1857932,2.390
일본,제주특별자치도,202508,1625049,2.154
일본,제주특별자치도,202509,1360103,3.716
일본,제주특별자치도,202510,1333676,6.725
일본,제주특별자치도,202511,1011727,4.889
일본,제주특별자치도,202512,919311,2.253
일본,제주특별자치도,202601,916323,2.297
일본,제주특별자치도,202602,1090067,1.538
일본,제주특별자치도,202603,1208292,2.859
일본,제주특별자치도,202604,1559270,2.991
일본,제주특별자치도,202605,1773782,5.179
일본,제주특별자치도,202606,1654000,2.709
일본,제주특별자치도,202607,1739035,2.012
일본,충청남도,202001,171882,6.621
일본,충청남도,202002,107226,9.006
일본,충청남도,202003,6867,4.485
일본,충청남도,202004,10545,0.654
일본,충청남도,202005,9629,0.924
일본,충청남도,202006,12676,1.033
일본,충청남도,202007,8001,2.587
일본,충청남도,202008,9617,5.272
일본,충청남도,202009,9265,3.756
일본,충청남도,202010,8232,6.220
일본,충청남도,202011,8123,9.455
일본,충청남도,202012,7811,6.299
일본,충청남도,202101,17262,2.311
일본,충청남도,202102,19598,1.572
일본,충청남도,202103,25082,1.272
일본,충청남도,202104,23373,1.172
일본,충청남도,202105,23708,2.362
일본,충청남도,202106,23317,1.553
일본,충청남도,202107,24848,1.356
일본,충청남도,202108,30019,2.428
일본,충청남도,202109,27782,1.051
일본,충청남도,202110,29191,1.398
일본,충청남도,202111,27175,1.880
일본,충청남도,202112,26761,1.263
일본,충청남도,202201,28268,1.751
일본,충청남도,202202,35206,3.721
일본,충청남도,202203,35449,1.972
일본,충청남도,202204,41497,2.205
일본,충청남도,202205,55110,2.254
일본,충청남도,202206,71541,2.346
일본,충청남도,202207,85510,2.940
일본,충청남도,202208,98677,4.544
일본,충청남도,202209,100736,3.999
일본,충청남도,202210,129873,5.481
일본,충청남도,202211,118814,5.024
일본,충청남도,202212,123626,5.729
일본,충청남도,202301,149010,4.800
일본,충청남도,202302,162331,5.061
일본,충청남도,202303,143135,5.590
일본,충청남도,202304,297568,4.925
일본,충청남도,202305,299132,5.408
일본,충청남도,202306,283455,4.746
일본,충청남도,202307,317054,3.976
일본,충청남도,202308,414576,4.340
일본,충청남도,202309,346885,4.569
일본,충청남도,202310,372177,5.264
일본,충청남도,202311,312851,4.781
일본,충청남도,202312,306279,3.921
일본,충청남도,202401,271955,3.563
일본,충청남도,202402,279426,4.069
일본,충청남도,202403,366497,5.494
일본,충청남도,202404,364603,5.107
일본,충청남도,202405,358501,5.262
일본,충청남도,202406,312183,5.130
일본,충청남도,202407,341064,4.842
일본,충청남도,202408,348213,6.328
일본,충청남도,202409,350375,5.314
일본,충청남도,202410,385943,5.660
일본,충청남도,202411,318503,4.790
일본,충청남도,202412,294281,4.761
일본,충청남도,202501,257248,4.943
일본,충청남도,202502,244164,5.366
일본,충청남도,202503,361085,5.646
일본,충청남도,202504,418540,5.420
일본,충청남도,202505,411090,5.368
일본,충청남도,202506,378634,4.697
일본,충청남도,202507,440996,5.096
일본,충청남도,202508,399117,4.866
일본,충청남도,202509,412340,4.525
일본,충청남도,202510,433448,6.991
일본,충청남도,202511,379444,6.514
일본,충청남도,202512,353410,4.529
일본,충청남도,202601,324436,3.808
일본,충청남도,202602,294175,4.986
일본,충청남도,202603,376051,5.901
일본,충청남도,202604,493530,3.298
일본,충청남도,202605,576864,3.304
일본,충청남도,202606,529348,3.460
일본,충청남도,202607,523758,3.595
일본,충청북도,202001,112377,5.500
일본,충청북도,202002,72810,8.874
일본,충청북도,202003,4559,3.422
일본,충청북도,202004,6805,0.617
일본,충청북도,202005,5945,1.060
일본,충청북도,202006,7770,1.184
일본,충청북도,202007,4503,1.710
일본,충청북도,202008,5651,2.849
일본,충청북도,202009,5333,2.081
일본,충청북도,202010,4496,2.024
일본,충청북도,202011,4258,3.194
일본,충청북도,202012,4026,2.782
일본,충청북도,202101,10181,1.139
일본,충청북도,202102,10982,0.965
일본,충청북도,202103,15351,0.619
일본,충청북도,202104,14150,0.438
일본,충청북도,202105,15186,0.817
일본,충청북도,202106,16765,0.620
일본,충청북도,202107,18880,0.620
일본,충청북도,202108,23115,1.203
일본,충청북도,202109,23474,0.515
일본,충청북도,202110,27262,0.580
일본,충청북도,202111,18273,0.635
일본,충청북도,202112,18181,0.550
일본,충청북도,202201,18806,1.090
일본,충청북도,202202,23134,2.710
일본,충청북도,202203,20614,1.509
일본,충청북도,202204,29763,1.236
일본,충청북도,202205,39279,1.370
일본,충청북도,202206,55534,1.338
일본,충청북도,202207,66244,2.580
일본,충청북도,202208,74788,4.049
일본,충청북도,202209,73677,2.868
일본,충청북도,202210,94593,4.206
일본,충청북도,202211,87406,4.059
일본,충청북도,202212,91862,5.228
일본,충청북도,202301,83605,5.013
일본,충청북도,202302,94841,7.370
일본,충청북도,202303,92177,6.732
일본,충청북도,202304,197449,4.324
일본,충청북도,202305,204806,4.953
일본,충청북도,202306,197842,5.850
일본,충청북도,202307,207965,5.965
일본,충청북도,202308,246031,8.065
일본,충청북도,202309,229018,6.076
일본,충청북도,202310,228670,5.364
일본,충청북도,202311,191221,6.498
일본,충청북도,202312,174601,6.207
일본,충청북도,202401,167867,8.426
일본,충청북도,202402,174352,8.285
일본,충청북도,202403,206775,9.122
일본,충청북도,202404,233049,6.576
일본,충청북도,202405,251793,7.261
일본,충청북도,202406,222080,8.330
일본,충청북도,202407,236830,7.770
일본,충청북도,202408,232127,8.484
일본,충청북도,202409,254701,5.828
일본,충청북도,202410,286212,6.566
일본,충청북도,202411,226831,6.288
일본,충청북도,202412,176694,7.841
일본,충청북도,202501,158778,8.456
일본,충청북도,202502,144275,8.278
일본,충청북도,202503,224059,7.219
일본,충청북도,202504,272700,5.580
일본,충청북도,202505,280761,6.621
일본,충청북도,202506,253224,5.929
일본,충청북도,202507,343138,8.990
일본,충청북도,202508,258732,8.148
일본,충청북도,202509,286119,7.403
일본,충청북도,202510,312609,10.154
일본,충청북도,202511,265796,10.514
일본,충청북도,202512,199446,10.137
일본,충청북도,202601,169368,8.672
일본,충청북도,202602,160373,10.326
일본,충청북도,202603,245930,11.151
일본,충청북도,202604,333594,5.007
일본,충청북도,202605,397317,4.820
일본,충청북도,202606,336577,5.408
일본,충청북도,202607,318730,5.707
중국,강원특별자치도,202001,155793,31.242
중국,강원특별자치도,202002,78089,18.800
중국,강원특별자치도,202003,3030,23.993
중국,강원특별자치도,202004,4840,14.380
중국,강원특별자치도,202005,4483,19.697
중국,강원특별자치도,202006,6347,14.936
중국,강원특별자치도,202007,4340,22.972
중국,강원특별자치도,202008,5165,32.682
중국,강원특별자치도,202009,4824,31.095
중국,강원특별자치도,202010,4489,25.195
중국,강원특별자치도,202011,4084,18.193
중국,강원특별자치도,202012,3549,15.413
중국,강원특별자치도,202101,7048,14.657
중국,강원특별자치도,202102,7889,20.294
중국,강원특별자치도,202103,9690,28.215
중국,강원특별자치도,202104,8484,27.133
중국,강원특별자치도,202105,9432,23.494
중국,강원특별자치도,202106,9403,20.430
중국,강원특별자치도,202107,11156,19.837
중국,강원특별자치도,202108,13493,22.767
중국,강원특별자치도,202109,11693,26.041
중국,강원특별자치도,202110,12725,18.923
중국,강원특별자치도,202111,10433,16.333
중국,강원특별자치도,202112,11036,15.123
중국,강원특별자치도,202201,12081,14.560
중국,강원특별자치도,202202,14742,20.526
중국,강원특별자치도,202203,14171,18.820
중국,강원특별자치도,202204,19600,9.367
중국,강원특별자치도,202205,31620,6.768
중국,강원특별자치도,202206,46109,5.598
중국,강원특별자치도,202207,57331,7.434
중국,강원특별자치도,202208,62000,11.587
중국,강원특별자치도,202209,58761,11.137
중국,강원특별자치도,202210,85157,6.302
중국,강원특별자치도,202211,63081,7.788
중국,강원특별자치도,202212,114406,4.841
중국,강원특별자치도,202301,131525,3.788
중국,강원특별자치도,202302,115731,8.398
중국,강원특별자치도,202303,98048,7.007
중국,강원특별자치도,202304,247608,8.511
중국,강원특별자치도,202305,235564,12.626
중국,강원특별자치도,202306,243846,12.445
중국,강원특별자치도,202307,266403,14.289
중국,강원특별자치도,202308,251695,18.363
중국,강원특별자치도,202309,230999,18.041
중국,강원특별자치도,202310,293984,12.877
중국,강원특별자치도,202311,216274,14.071
중국,강원특별자치도,202312,306455,11.040
중국,강원특별자치도,202401,287002,12.255
중국,강원특별자치도,202402,253974,16.680
중국,강원특별자치도,202403,207427,12.388
중국,강원특별자치도,202404,287107,8.730
중국,강원특별자치도,202405,296436,9.957
중국,강원특별자치도,202406,308225,10.381
중국,강원특별자치도,202407,275199,12.313
중국,강원특별자치도,202408,228890,16.651
중국,강원특별자치도,202409,220304,16.102
중국,강원특별자치도,202410,295920,15.230
중국,강원특별자치도,202411,220541,13.622
중국,강원특별자치도,202412,299826,7.477
중국,강원특별자치도,202501,248888,9.895
중국,강원특별자치도,202502,197800,10.853
중국,강원특별자치도,202503,187417,14.034
중국,강원특별자치도,202504,328146,10.379
중국,강원특별자치도,202505,330275,10.770
중국,강원특별자치도,202506,335323,7.053
중국,강원특별자치도,202507,353097,11.174
중국,강원특별자치도,202508,260102,15.458
중국,강원특별자치도,202509,227229,22.162
중국,강원특별자치도,202510,313881,17.771
중국,강원특별자치도,202511,252131,17.193
중국,강원특별자치도,202512,327455,8.175
중국,강원특별자치도,202601,259470,8.987
중국,강원특별자치도,202602,244677,20.372
중국,강원특별자치도,202603,198163,14.739
중국,강원특별자치도,202604,353169,11.552
중국,강원특별자치도,202605,439507,11.006
중국,강원특별자치도,202606,423311,7.501
중국,강원특별자치도,202607,387378,10.363
중국,경기도,202001,1186960,54.826
중국,경기도,202002,698133,40.663
중국,경기도,202003,38101,36.569
중국,경기도,202004,57412,23.258
중국,경기도,202005,60076,28.229
중국,경기도,202006,80177,24.341
중국,경기도,202007,63900,26.750
중국,경기도,202008,73885,35.988
중국,경기도,202009,67944,36.320
중국,경기도,202010,66893,26.961
중국,경기도,202011,61667,24.347
중국,경기도,202012,61056,21.490
중국,경기도,202101,94326,25.315
중국,경기도,202102,112019,31.860
중국,경기도,202103,151418,41.058
중국,경기도,202104,127645,38.297
중국,경기도,202105,129346,34.671
중국,경기도,202106,129278,30.718
중국,경기도,202107,144504,28.404
중국,경기도,202108,178298,27.657
중국,경기도,202109,166682,30.489
중국,경기도,202110,179131,22.076
중국,경기도,202111,151996,23.688
중국,경기도,202112,160126,24.019
중국,경기도,202201,154578,22.733
중국,경기도,202202,191294,30.526
중국,경기도,202203,179935,30.117
중국,경기도,202204,230009,15.797
중국,경기도,202205,281426,14.491
중국,경기도,202206,350319,13.555
중국,경기도,202207,442358,16.223
중국,경기도,202208,524231,21.407
중국,경기도,202209,519190,19.285
중국,경기도,202210,666851,12.366
중국,경기도,202211,608397,13.812
중국,경기도,202212,677237,14.222
중국,경기도,202301,769541,12.574
중국,경기도,202302,835648,19.946
중국,경기도,202303,756122,15.584
중국,경기도,202304,1651725,20.779
중국,경기도,202305,1735766,27.788
중국,경기도,202306,1703653,30.088
중국,경기도,202307,1942698,30.142
중국,경기도,202308,2079004,35.053
중국,경기도,202309,1870653,33.594
중국,경기도,202310,2056797,29.947
중국,경기도,202311,1793458,34.001
중국,경기도,202312,1831102,39.008
중국,경기도,202401,1656372,36.881
중국,경기도,202402,1756810,36.863
중국,경기도,202403,1961716,31.166
중국,경기도,202404,2001641,24.512
중국,경기도,202405,1795678,26.210
중국,경기도,202406,1754705,23.348
중국,경기도,202407,1965233,26.350
중국,경기도,202408,1919811,28.440
중국,경기도,202409,1772276,25.299
중국,경기도,202410,2124524,28.115
중국,경기도,202411,1788336,22.175
중국,경기도,202412,1733753,19.840
중국,경기도,202501,1586582,24.444
중국,경기도,202502,1421927,26.251
중국,경기도,202503,1821606,26.764
중국,경기도,202504,2143703,25.151
중국,경기도,202505,2138585,23.703
중국,경기도,202506,2170206,20.782
중국,경기도,202507,2650507,22.653
중국,경기도,202508,2195498,24.468
중국,경기도,202509,2009029,25.069
중국,경기도,202510,2218810,21.988
중국,경기도,202511,2042504,22.945
중국,경기도,202512,1981461,20.228
중국,경기도,202601,1735517,21.789
중국,경기도,202602,1636248,30.068
중국,경기도,202603,1871783,26.174
중국,경기도,202604,2575604,25.615
중국,경기도,202605,2673038,24.965
중국,경기도,202606,2470334,21.204
중국,경기도,202607,2660282,24.411
중국,경상남도,202001,229828,34.127
중국,경상남도,202002,160272,19.745
중국,경상남도,202003,10530,16.125
중국,경상남도,202004,14912,10.542
중국,경상남도,202005,15901,14.276
중국,경상남도,202006,20338,11.737
중국,경상남도,202007,8899,16.811
중국,경상남도,202008,11601,22.524
중국,경상남도,202009,9698,23.582
중국,경상남도,202010,9518,16.779
중국,경상남도,202011,9271,13.591
중국,경상남도,202012,9362,11.653
중국,경상남도,202101,31573,9.955
중국,경상남도,202102,31740,14.496
중국,경상남도,202103,41659,19.465
중국,경상남도,202104,37731,18.150
중국,경상남도,202105,38892,16.903
중국,경상남도,202106,39677,14.905
중국,경상남도,202107,42054,15.173
중국,경상남도,202108,50392,15.108
중국,경상남도,202109,44608,17.943
중국,경상남도,202110,50685,12.335
중국,경상남도,202111,49054,10.285
중국,경상남도,202112,50150,10.028
중국,경상남도,202201,47488,10.489
중국,경상남도,202202,54176,15.352
중국,경상남도,202203,52235,14.594
중국,경상남도,202204,60265,8.668
중국,경상남도,202205,76198,7.844
중국,경상남도,202206,93418,5.678
중국,경상남도,202207,112767,6.828
중국,경상남도,202208,132460,9.711
중국,경상남도,202209,133139,9.394
중국,경상남도,202210,180430,5.877
중국,경상남도,202211,165526,6.793
중국,경상남도,202212,177807,6.990
중국,경상남도,202301,266632,10.563
중국,경상남도,202302,299173,15.954
중국,경상남도,202303,258971,12.983
중국,경상남도,202304,499585,9.850
중국,경상남도,202305,479465,14.705
중국,경상남도,202306,480667,14.179
중국,경상남도,202307,568050,13.207
중국,경상남도,202308,598212,15.100
중국,경상남도,202309,568259,14.877
중국,경상남도,202310,627613,14.335
중국,경상남도,202311,576432,13.406
중국,경상남도,202312,527773,17.290
중국,경상남도,202401,534978,14.665
중국,경상남도,202402,531251,15.548
중국,경상남도,202403,657722,10.989
중국,경상남도,202404,707812,10.369
중국,경상남도,202405,680238,11.891
중국,경상남도,202406,647138,12.309
중국,경상남도,202407,617836,16.239
중국,경상남도,202408,604979,17.522
중국,경상남도,202409,622139,14.347
중국,경상남도,202410,719288,15.773
중국,경상남도,202411,678699,11.748
중국,경상남도,202412,698452,12.147
중국,경상남도,202501,591775,14.256
중국,경상남도,202502,517737,14.622
중국,경상남도,202503,663354,15.360
중국,경상남도,202504,713677,13.564
중국,경상남도,202505,740264,13.084
중국,경상남도,202506,696323,12.083
중국,경상남도,202507,852885,12.245
중국,경상남도,202508,742188,12.917
중국,경상남도,202509,717011,13.237
중국,경상남도,202510,879966,9.962
중국,경상남도,202511,831001,9.554
중국,경상남도,202512,863296,8.478
중국,경상남도,202601,759430,12.392
중국,경상남도,202602,642752,17.193
중국,경상남도,202603,727830,16.695
중국,경상남도,202604,870753,14.247
중국,경상남도,202605,1045152,17.485
중국,경상남도,202606,1006286,14.709
중국,경상남도,202607,969001,15.410
중국,경상북도,202001,153689,39.254
중국,경상북도,202002,100975,25.953
중국,경상북도,202003,6277,20.551
중국,경상북도,202004,11302,11.193
중국,경상북도,202005,14418,13.233
중국,경상북도,202006,19446,10.984
중국,경상북도,202007,6396,22.452
중국,경상북도,202008,7684,34.175
중국,경상북도,202009,6789,33.687
중국,경상북도,202010,6854,22.702
중국,경상북도,202011,6217,20.203
중국,경상북도,202012,6053,17.611
중국,경상북도,202101,23907,9.370
중국,경상북도,202102,20394,17.353
중국,경상북도,202103,25837,24.507
중국,경상북도,202104,28364,18.809
중국,경상북도,202105,32597,16.054
중국,경상북도,202106,34002,13.829
중국,경상북도,202107,34921,13.671
중국,경상북도,202108,35389,16.709
중국,경상북도,202109,28372,22.001
중국,경상북도,202110,31630,15.356
중국,경상북도,202111,35948,11.013
중국,경상북도,202112,29582,13.190
중국,경상북도,202201,26011,15.436
중국,경상북도,202202,32911,21.014
중국,경상북도,202203,37284,17.168
중국,경상북도,202204,41305,11.030
중국,경상북도,202205,62523,8.032
중국,경상북도,202206,68367,7.101
중국,경상북도,202207,80137,9.028
중국,경상북도,202208,97654,12.616
중국,경상북도,202209,101145,11.435
중국,경상북도,202210,135673,7.242
중국,경상북도,202211,116505,8.679
중국,경상북도,202212,120686,9.149
중국,경상북도,202301,145193,11.646
중국,경상북도,202302,181829,18.168
중국,경상북도,202303,176727,13.197
중국,경상북도,202304,361534,12.762
중국,경상북도,202305,365247,18.602
중국,경상북도,202306,336401,20.403
중국,경상북도,202307,343595,21.112
중국,경상북도,202308,383607,21.738
중국,경상북도,202309,374828,21.699
중국,경상북도,202310,402739,21.254
중국,경상북도,202311,310427,20.994
중국,경상북도,202312,268951,27.278
중국,경상북도,202401,253337,23.211
중국,경상북도,202402,271708,21.858
중국,경상북도,202403,353806,18.236
중국,경상북도,202404,406161,15.739
중국,경상북도,202405,419179,18.069
중국,경상북도,202406,385484,17.545
중국,경상북도,202407,380022,19.887
중국,경상북도,202408,422357,20.618
중국,경상북도,202409,438366,26.351
중국,경상북도,202410,497061,30.134
중국,경상북도,202411,404404,27.066
중국,경상북도,202412,312298,20.318
중국,경상북도,202501,258877,21.470
중국,경상북도,202502,252099,22.184
중국,경상북도,202503,438581,23.345
중국,경상북도,202504,547013,18.478
중국,경상북도,202505,576018,17.838
중국,경상북도,202506,498360,13.542
중국,경상북도,202507,531200,14.285
중국,경상북도,202508,454401,16.879
중국,경상북도,202509,493537,30.039
중국,경상북도,202510,587371,26.273
중국,경상북도,202511,501421,26.905
중국,경상북도,202512,367117,18.575
중국,경상북도,202601,287788,16.897
중국,경상북도,202602,285250,19.847
중국,경상북도,202603,438683,21.861
중국,경상북도,202604,642715,16.593
중국,경상북도,202605,771775,17.333
중국,경상북도,202606,634048,12.445
중국,경상북도,202607,579873,14.005
중국,광주광역시,202001,45864,42.685
중국,광주광역시,202002,30402,27.235
중국,광주광역시,202003,2054,25.657
중국,광주광역시,202004,3174,15.879
중국,광주광역시,202005,2923,22.716
중국,광주광역시,202006,3830,20.705
중국,광주광역시,202007,1940,33.196
중국,광주광역시,202008,2127,41.561
중국,광주광역시,202009,2253,44.030
중국,광주광역시,202010,2060,38.447
중국,광주광역시,202011,1900,37.737
중국,광주광역시,202012,2003,28.757
중국,광주광역시,202101,4534,23.313
중국,광주광역시,202102,5334,29.190
중국,광주광역시,202103,7164,44.654
중국,광주광역시,202104,6298,42.315
중국,광주광역시,202105,7691,32.141
중국,광주광역시,202106,8592,23.708
중국,광주광역시,202107,9151,20.664
중국,광주광역시,202108,11850,21.181
중국,광주광역시,202109,12836,27.719
중국,광주광역시,202110,13674,19.870
중국,광주광역시,202111,7103,27.988
중국,광주광역시,202112,7141,27.755
중국,광주광역시,202201,8080,25.990
중국,광주광역시,202202,10521,33.371
중국,광주광역시,202203,10334,32.785
중국,광주광역시,202204,11813,19.580
중국,광주광역시,202205,17515,14.650
중국,광주광역시,202206,20898,10.532
중국,광주광역시,202207,24034,11.355
중국,광주광역시,202208,27134,17.052
중국,광주광역시,202209,33371,15.630
중국,광주광역시,202210,43609,10.213
중국,광주광역시,202211,37846,12.086
중국,광주광역시,202212,40218,12.353
중국,광주광역시,202301,32188,13.639
중국,광주광역시,202302,34525,17.405
중국,광주광역시,202303,32521,17.955
중국,광주광역시,202304,92137,12.217
중국,광주광역시,202305,94713,14.880
중국,광주광역시,202306,63591,18.050
중국,광주광역시,202307,67064,18.323
중국,광주광역시,202308,68796,23.645
중국,광주광역시,202309,88903,34.517
중국,광주광역시,202310,95946,32.466
중국,광주광역시,202311,81172,33.011
중국,광주광역시,202312,64910,31.835
중국,광주광역시,202401,62043,19.802
중국,광주광역시,202402,61068,20.849
중국,광주광역시,202403,81981,18.412
중국,광주광역시,202404,84081,15.746
중국,광주광역시,202405,79208,18.359
중국,광주광역시,202406,71039,12.233
중국,광주광역시,202407,75009,14.093
중국,광주광역시,202408,77371,15.605
중국,광주광역시,202409,88588,21.765
중국,광주광역시,202410,96937,26.577
중국,광주광역시,202411,99602,19.378
중국,광주광역시,202412,72754,15.331
중국,광주광역시,202501,66077,14.734
중국,광주광역시,202502,58162,18.127
중국,광주광역시,202503,82516,18.830
중국,광주광역시,202504,94289,18.341
중국,광주광역시,202505,98363,20.329
중국,광주광역시,202506,91525,17.449
중국,광주광역시,202507,108483,13.191
중국,광주광역시,202508,97993,16.238
중국,광주광역시,202509,102792,23.549
중국,광주광역시,202510,102192,19.924
중국,광주광역시,202511,94820,20.949
중국,광주광역시,202512,82041,19.344
중국,광주광역시,202601,71412,17.342
중국,광주광역시,202602,59494,18.745
중국,광주광역시,202603,77628,19.637
중국,광주광역시,202604,95519,17.505
중국,광주광역시,202605,99479,20.547
중국,광주광역시,202606,87498,14.652
중국,대구광역시,202001,96875,40.156
중국,대구광역시,202002,58553,32.781
중국,대구광역시,202003,2473,29.317
중국,대구광역시,202004,4702,15.440
중국,대구광역시,202005,4515,20.775
중국,대구광역시,202006,5875,18.553
중국,대구광역시,202007,3446,26.756
중국,대구광역시,202008,4459,32.922
중국,대구광역시,202009,4022,38.538
중국,대구광역시,202010,3929,30.440
중국,대구광역시,202011,3916,23.723
중국,대구광역시,202012,3620,22.541
중국,대구광역시,202101,8032,19.385
중국,대구광역시,202102,10852,22.613
중국,대구광역시,202103,15706,28.015
중국,대구광역시,202104,13350,25.948
중국,대구광역시,202105,13579,23.256
중국,대구광역시,202106,13815,19.674
중국,대구광역시,202107,15819,16.101
중국,대구광역시,202108,20169,16.109
중국,대구광역시,202109,20633,18.005
중국,대구광역시,202110,23217,12.331
중국,대구광역시,202111,17181,14.819
중국,대구광역시,202112,18044,15.074
중국,대구광역시,202201,12465,19.807
중국,대구광역시,202202,15677,26.395
중국,대구광역시,202203,15486,26.204
중국,대구광역시,202204,19853,14.260
중국,대구광역시,202205,26000,12.273
중국,대구광역시,202206,28520,10.568
중국,대구광역시,202207,34814,12.475
중국,대구광역시,202208,41668,17.224
중국,대구광역시,202209,41654,16.013
중국,대구광역시,202210,56802,9.665
중국,대구광역시,202211,50074,11.463
중국,대구광역시,202212,54345,12.137
중국,대구광역시,202301,62959,8.378
중국,대구광역시,202302,62043,13.325
중국,대구광역시,202303,64119,10.661
중국,대구광역시,202304,158119,11.443
중국,대구광역시,202305,169586,14.615
중국,대구광역시,202306,132786,15.777
중국,대구광역시,202307,157629,20.194
중국,대구광역시,202308,161765,21.416
중국,대구광역시,202309,166561,18.022
중국,대구광역시,202310,165400,18.636
중국,대구광역시,202311,141208,20.007
중국,대구광역시,202312,128303,25.844
중국,대구광역시,202401,118060,23.167
중국,대구광역시,202402,124580,23.717
중국,대구광역시,202403,164731,17.243
중국,대구광역시,202404,166075,15.145
중국,대구광역시,202405,168834,16.857
중국,대구광역시,202406,150714,14.155
중국,대구광역시,202407,165796,15.702
중국,대구광역시,202408,175484,18.088
중국,대구광역시,202409,168701,16.949
중국,대구광역시,202410,188108,20.036
중국,대구광역시,202411,186804,13.772
중국,대구광역시,202412,138202,11.828
중국,대구광역시,202501,120952,13.734
중국,대구광역시,202502,111056,16.377
중국,대구광역시,202503,165480,15.934
중국,대구광역시,202504,190951,14.956
중국,대구광역시,202505,197946,16.064
중국,대구광역시,202506,179766,12.145
중국,대구광역시,202507,245848,10.437
중국,대구광역시,202508,216590,13.227
중국,대구광역시,202509,199376,17.794
중국,대구광역시,202510,221794,16.450
중국,대구광역시,202511,195336,16.900
중국,대구광역시,202512,156868,13.011
중국,대구광역시,202601,130944,13.428
중국,대구광역시,202602,128051,18.910
중국,대구광역시,202603,170979,17.231
중국,대구광역시,202604,207721,16.622
중국,대구광역시,202605,232199,17.625
중국,대구광역시,202606,213740,13.308
중국,대구광역시,202607,208150,14.410
중국,대전광역시,202001,55829,50.526
중국,대전광역시,202002,33322,36.627
중국,대전광역시,202003,2006,30.209
중국,대전광역시,202004,3472,16.820
중국,대전광역시,202005,3338,23.517
중국,대전광역시,202006,4264,21.412
중국,대전광역시,202007,2766,27.477
중국,대전광역시,202008,3767,31.776
중국,대전광역시,202009,3324,34.627
중국,대전광역시,202010,3093,27.966
중국,대전광역시,202011,3041,24.334
중국,대전광역시,202012,3234,17.811
중국,대전광역시,202101,5592,19.206
중국,대전광역시,202102,6981,22.217
중국,대전광역시,202103,9338,31.998
중국,대전광역시,202104,8824,29.431
중국,대전광역시,202105,9713,24.441
중국,대전광역시,202106,9517,21.267
중국,대전광역시,202107,10584,20.172
중국,대전광역시,202108,13853,19.303
중국,대전광역시,202109,13467,21.772
중국,대전광역시,202110,14958,15.002
중국,대전광역시,202111,11429,16.712
중국,대전광역시,202112,10639,17.304
중국,대전광역시,202201,9379,22.412
중국,대전광역시,202202,12673,26.813
중국,대전광역시,202203,12345,24.431
중국,대전광역시,202204,15328,13.629
중국,대전광역시,202205,19624,11.945
중국,대전광역시,202206,21468,12.162
중국,대전광역시,202207,27251,15.053
중국,대전광역시,202208,32616,19.110
중국,대전광역시,202209,34772,16.237
중국,대전광역시,202210,42951,11.418
중국,대전광역시,202211,36308,13.898
중국,대전광역시,202212,36559,14.587
중국,대전광역시,202301,37073,15.588
중국,대전광역시,202302,42482,20.411
중국,대전광역시,202303,42757,13.949
중국,대전광역시,202304,89222,22.062
중국,대전광역시,202305,87903,27.550
중국,대전광역시,202306,76238,28.227
중국,대전광역시,202307,85176,29.659
중국,대전광역시,202308,106395,28.525
중국,대전광역시,202309,100328,30.207
중국,대전광역시,202310,108179,28.703
중국,대전광역시,202311,84013,34.470
중국,대전광역시,202312,71494,38.693
중국,대전광역시,202401,63118,36.059
중국,대전광역시,202402,67771,30.453
중국,대전광역시,202403,85696,21.756
중국,대전광역시,202404,89221,19.101
중국,대전광역시,202405,82010,21.175
중국,대전광역시,202406,75133,19.175
중국,대전광역시,202407,82746,23.427
중국,대전광역시,202408,90416,20.129
중국,대전광역시,202409,105940,20.863
중국,대전광역시,202410,123485,24.570
중국,대전광역시,202411,96250,24.049
중국,대전광역시,202412,77758,20.505
중국,대전광역시,202501,71154,25.403
중국,대전광역시,202502,62757,25.756
중국,대전광역시,202503,89856,23.691
중국,대전광역시,202504,97016,20.644
중국,대전광역시,202505,98224,20.145
중국,대전광역시,202506,91412,16.898
중국,대전광역시,202507,117277,15.352
중국,대전광역시,202508,105273,17.079
중국,대전광역시,202509,128692,19.964
중국,대전광역시,202510,131806,17.916
중국,대전광역시,202511,112409,21.260
중국,대전광역시,202512,85503,18.592
중국,대전광역시,202601,75250,22.392
중국,대전광역시,202602,67056,23.215
중국,대전광역시,202603,102952,18.352
중국,대전광역시,202604,119105,18.303
중국,대전광역시,202605,127208,19.767
중국,대전광역시,202606,115627,16.469
중국,대전광역시,202607,132044,19.536
중국,부산광역시,202001,338825,24.267
중국,부산광역시,202002,214002,15.068
중국,부산광역시,202003,8842,17.609
중국,부산광역시,202004,13919,11.531
중국,부산광역시,202005,15653,14.163
중국,부산광역시,202006,20770,12.195
중국,부산광역시,202007,15848,11.522
중국,부산광역시,202008,18960,17.220
중국,부산광역시,202009,18082,16.259
중국,부산광역시,202010,19989,10.916
중국,부산광역시,202011,17508,10.527
중국,부산광역시,202012,19092,8.690
중국,부산광역시,202101,31615,9.717
중국,부산광역시,202102,34187,13.698
중국,부산광역시,202103,43554,19.557
중국,부산광역시,202104,39251,18.450
중국,부산광역시,202105,46111,16.115
중국,부산광역시,202106,45997,14.453
중국,부산광역시,202107,46616,13.813
중국,부산광역시,202108,54494,15.409
중국,부산광역시,202109,49393,19.130
중국,부산광역시,202110,56224,13.034
중국,부산광역시,202111,50862,10.568
중국,부산광역시,202112,51640,10.232
중국,부산광역시,202201,44567,12.357
중국,부산광역시,202202,50236,19.122
중국,부산광역시,202203,50024,19.079
중국,부산광역시,202204,60903,10.862
중국,부산광역시,202205,78390,9.329
중국,부산광역시,202206,88873,7.306
중국,부산광역시,202207,106815,8.478
중국,부산광역시,202208,130976,11.733
중국,부산광역시,202209,136337,10.407
중국,부산광역시,202210,217129,5.622
중국,부산광역시,202211,172245,7.066
중국,부산광역시,202212,203030,6.516
중국,부산광역시,202301,325980,8.523
중국,부산광역시,202302,345615,14.327
중국,부산광역시,202303,387482,9.358
중국,부산광역시,202304,806265,8.842
중국,부산광역시,202305,774836,12.170
중국,부산광역시,202306,725702,11.775
중국,부산광역시,202307,730656,13.118
중국,부산광역시,202308,804260,13.819
중국,부산광역시,202309,861009,12.375
중국,부산광역시,202310,1013180,12.104
중국,부산광역시,202311,826323,10.990
중국,부산광역시,202312,686731,13.679
중국,부산광역시,202401,610177,13.561
중국,부산광역시,202402,681974,16.409
중국,부산광역시,202403,945181,10.089
중국,부산광역시,202404,1063346,9.550
중국,부산광역시,202405,992272,12.080
중국,부산광역시,202406,944406,10.694
중국,부산광역시,202407,966378,14.574
중국,부산광역시,202408,1076835,15.663
중국,부산광역시,202409,996871,12.983
중국,부산광역시,202410,1207511,15.186
중국,부산광역시,202411,983932,10.248
중국,부산광역시,202412,913349,10.320
중국,부산광역시,202501,752878,15.298
중국,부산광역시,202502,656780,14.828
중국,부산광역시,202503,1034150,14.492
중국,부산광역시,202504,1282258,11.250
중국,부산광역시,202505,1279653,13.193
중국,부산광역시,202506,1205348,11.027
중국,부산광역시,202507,1653914,14.416
중국,부산광역시,202508,1364638,16.223
중국,부산광역시,202509,1285642,13.161
중국,부산광역시,202510,1524020,12.188
중국,부산광역시,202511,1418695,9.690
중국,부산광역시,202512,1146324,9.738
중국,부산광역시,202601,1013260,16.028
중국,부산광역시,202602,1133814,24.143
중국,부산광역시,202603,1484014,16.856
중국,부산광역시,202604,1710921,16.591
중국,부산광역시,202605,1910947,18.833
중국,부산광역시,202606,2058919,16.717
중국,부산광역시,202607,2020622,21.466
중국,서울특별시,202001,2029695,45.323
중국,서울특별시,202002,1087730,28.731
중국,서울특별시,202003,34160,42.134
중국,서울특별시,202004,47062,28.985
중국,서울특별시,202005,53983,32.708
중국,서울특별시,202006,69499,28.556
중국,서울특별시,202007,63401,26.071
중국,서울특별시,202008,80364,31.184
중국,서울특별시,202009,78187,30.101
중국,서울특별시,202010,75875,22.309
중국,서울특별시,202011,73468,19.317
중국,서울특별시,202012,72805,16.452
중국,서울특별시,202101,86978,24.635
중국,서울특별시,202102,106108,29.798
중국,서울특별시,202103,138717,40.446
중국,서울특별시,202104,119328,37.321
중국,서울특별시,202105,123672,33.279
중국,서울특별시,202106,124195,29.635
중국,서울특별시,202107,139743,26.430
중국,서울특별시,202108,174626,26.552
중국,서울특별시,202109,164899,29.798
중국,서울특별시,202110,180555,21.222
중국,서울특별시,202111,155590,21.217
중국,서울특별시,202112,155897,22.278
중국,서울특별시,202201,128741,25.078
중국,서울특별시,202202,170375,32.612
중국,서울특별시,202203,162059,33.540
중국,서울특별시,202204,217226,16.748
중국,서울특별시,202205,285796,14.205
중국,서울특별시,202206,356390,14.015
중국,서울특별시,202207,451111,16.125
중국,서울특별시,202208,549393,20.245
중국,서울특별시,202209,594527,17.705
중국,서울특별시,202210,873808,9.817
중국,서울특별시,202211,791751,11.034
중국,서울특별시,202212,1007726,9.894
중국,서울특별시,202301,1181600,8.105
중국,서울특별시,202302,1296856,11.768
중국,서울특별시,202303,1434333,8.864
중국,서울특별시,202304,3136446,14.575
중국,서울특별시,202305,3135586,20.145
중국,서울특별시,202306,3092666,21.912
중국,서울특별시,202307,3208067,24.379
중국,서울특별시,202308,3414283,25.986
중국,서울특별시,202309,3398620,23.716
중국,서울특별시,202310,3779528,21.267
중국,서울특별시,202311,3427845,22.808
중국,서울특별시,202312,3294170,26.061
중국,서울특별시,202401,2698724,28.000
중국,서울특별시,202402,2842766,30.716
중국,서울특별시,202403,3668370,19.393
중국,서울특별시,202404,3887721,17.068
중국,서울특별시,202405,3444704,19.583
중국,서울특별시,202406,3337312,17.489
중국,서울특별시,202407,3392463,22.676
중국,서울특별시,202408,3579293,23.163
중국,서울특별시,202409,3505875,18.286
중국,서울특별시,202410,4412558,20.895
중국,서울특별시,202411,3477376,14.960
중국,서울특별시,202412,3294533,14.967
중국,서울특별시,202501,2665409,20.524
중국,서울특별시,202502,2386482,21.340
중국,서울특별시,202503,3570478,19.041
중국,서울특별시,202504,4190106,19.092
중국,서울특별시,202505,4175491,21.344
중국,서울특별시,202506,4170480,19.832
중국,서울특별시,202507,4781449,24.718
중국,서울특별시,202508,3997109,27.767
중국,서울특별시,202509,4080530,22.075
중국,서울특별시,202510,4724138,19.196
중국,서울특별시,202511,4499486,17.763
중국,서울특별시,202512,4168698,20.068
중국,서울특별시,202601,3363997,25.114
중국,서울특별시,202602,3371051,34.076
중국,서울특별시,202603,4268420,22.026
중국,서울특별시,202604,5157532,25.760
중국,서울특별시,202605,5472909,26.108
중국,서울특별시,202606,5329857,23.612
중국,서울특별시,202607,5708648,31.023
중국,세종특별자치시,202001,19308,63.450
중국,세종특별자치시,202002,11415,45.738
중국,세종특별자치시,202003,624,40.865
중국,세종특별자치시,202004,1009,24.182
중국,세종특별자치시,202005,975,30.872
중국,세종특별자치시,202006,1320,25.682
중국,세종특별자치시,202007,767,32.595
중국,세종특별자치시,202008,967,43.640
중국,세종특별자치시,202009,920,45.217
중국,세종특별자치시,202010,829,34.620
중국,세종특별자치시,202011,641,33.853
중국,세종특별자치시,202012,738,30.759
중국,세종특별자치시,202101,1677,23.733
중국,세종특별자치시,202102,1976,29.352
중국,세종특별자치시,202103,2602,42.583
중국,세종특별자치시,202104,2146,42.171
중국,세종특별자치시,202105,2222,37.489
중국,세종특별자치시,202106,2242,32.159
중국,세종특별자치시,202107,2445,28.630
중국,세종특별자치시,202108,3176,31.581
중국,세종특별자치시,202109,2794,38.261
중국,세종특별자치시,202110,2881,28.948
중국,세종특별자치시,202111,2428,27.924
중국,세종특별자치시,202112,2610,26.092
중국,세종특별자치시,202201,2864,24.441
중국,세종특별자치시,202202,4160,29.303
중국,세종특별자치시,202203,3785,30.092
중국,세종특별자치시,202204,4527,16.435
중국,세종특별자치시,202205,5973,13.963
중국,세종특별자치시,202206,7268,13.043
중국,세종특별자치시,202207,9074,14.834
중국,세종특별자치시,202208,10993,19.385
중국,세종특별자치시,202209,10643,20.041
중국,세종특별자치시,202210,12250,14.057
중국,세종특별자치시,202211,11515,14.407
중국,세종특별자치시,202212,12143,16.017
중국,세종특별자치시,202301,9903,16.429
중국,세종특별자치시,202302,12422,23.257
중국,세종특별자치시,202303,12821,17.386
중국,세종특별자치시,202304,27566,21.646
중국,세종특별자치시,202305,26522,26.733
중국,세종특별자치시,202306,26520,29.480
중국,세종특별자치시,202307,36393,24.906
중국,세종특별자치시,202308,31613,35.701
중국,세종특별자치시,202309,33792,34.126
중국,세종특별자치시,202310,32137,33.401
중국,세종특별자치시,202311,29358,38.599
중국,세종특별자치시,202312,26691,46.637
중국,세종특별자치시,202401,23421,33.479
중국,세종특별자치시,202402,23304,30.501
중국,세종특별자치시,202403,26860,23.462
중국,세종특별자치시,202404,28467,23.982
중국,세종특별자치시,202405,28534,28.569
중국,세종특별자치시,202406,24801,19.761
중국,세종특별자치시,202407,29800,19.255
중국,세종특별자치시,202408,33632,20.439
중국,세종특별자치시,202409,34377,27.108
중국,세종특별자치시,202410,41594,28.624
중국,세종특별자치시,202411,33073,25.692
중국,세종특별자치시,202412,26223,19.864
중국,세종특별자치시,202501,28392,17.378
중국,세종특별자치시,202502,27480,20.710
중국,세종특별자치시,202503,32330,34.955
중국,세종특별자치시,202504,31973,26.135
중국,세종특별자치시,202505,33037,24.890
중국,세종특별자치시,202506,35605,21.988
중국,세종특별자치시,202507,87784,10.588
중국,세종특별자치시,202508,42764,17.276
중국,세종특별자치시,202509,41375,26.460
중국,세종특별자치시,202510,44669,25.342
중국,세종특별자치시,202511,38725,28.454
중국,세종특별자치시,202512,31492,24.238
중국,세종특별자치시,202601,27592,20.252
중국,세종특별자치시,202602,27309,23.143
중국,세종특별자치시,202603,37936,31.970
중국,세종특별자치시,202604,46559,30.037
중국,세종특별자치시,202605,48815,30.620
중국,세종특별자치시,202606,43219,20.935
중국,세종특별자치시,202607,45126,18.566
중국,울산광역시,202001,78403,33.855
중국,울산광역시,202002,55180,22.892
중국,울산광역시,202003,4308,15.344
중국,울산광역시,202004,5812,11.734
중국,울산광역시,202005,6459,13.268
중국,울산광역시,202006,9052,10.915
중국,울산광역시,202007,5141,10.523
중국,울산광역시,202008,4828,20.920
중국,울산광역시,202009,4799,17.129
중국,울산광역시,202010,4645,14.489
중국,울산광역시,202011,4422,12.347
중국,울산광역시,202012,4711,9.446
중국,울산광역시,202101,16461,7.375
중국,울산광역시,202102,18129,10.381
중국,울산광역시,202103,23556,13.279
중국,울산광역시,202104,20434,11.603
중국,울산광역시,202105,19858,10.721
중국,울산광역시,202106,19936,10.268
중국,울산광역시,202107,20110,10.363
중국,울산광역시,202108,22189,11.672
중국,울산광역시,202109,20316,12.921
중국,울산광역시,202110,24301,8.613
중국,울산광역시,202111,29522,5.979
중국,울산광역시,202112,31707,6.103
중국,울산광역시,202201,23351,7.139
중국,울산광역시,202202,25888,11.391
중국,울산광역시,202203,24554,11.522
중국,울산광역시,202204,31724,6.109
중국,울산광역시,202205,37602,5.244
중국,울산광역시,202206,47013,4.273
중국,울산광역시,202207,51986,5.342
중국,울산광역시,202208,54820,8.982
중국,울산광역시,202209,58293,7.469
중국,울산광역시,202210,75441,4.757
중국,울산광역시,202211,68434,5.819
중국,울산광역시,202212,74438,6.362
중국,울산광역시,202301,117333,7.988
중국,울산광역시,202302,137938,13.480
중국,울산광역시,202303,120261,10.190
중국,울산광역시,202304,178569,11.849
중국,울산광역시,202305,194076,14.304
중국,울산광역시,202306,201549,14.655
중국,울산광역시,202307,220249,15.273
중국,울산광역시,202308,228914,17.704
중국,울산광역시,202309,242125,14.732
중국,울산광역시,202310,262102,14.142
중국,울산광역시,202311,225627,12.662
중국,울산광역시,202312,241807,15.113
중국,울산광역시,202401,217760,14.530
중국,울산광역시,202402,232107,15.483
중국,울산광역시,202403,294022,10.725
중국,울산광역시,202404,301463,10.165
중국,울산광역시,202405,283145,12.161
중국,울산광역시,202406,277446,12.529
중국,울산광역시,202407,294370,16.473
중국,울산광역시,202408,281348,17.135
중국,울산광역시,202409,298876,12.272
중국,울산광역시,202410,290605,15.805
중국,울산광역시,202411,235508,14.467
중국,울산광역시,202412,260779,15.046
중국,울산광역시,202501,224064,19.258
중국,울산광역시,202502,215576,18.839
중국,울산광역시,202503,270310,18.809
중국,울산광역시,202504,274057,18.247
중국,울산광역시,202505,269160,17.240
중국,울산광역시,202506,298481,13.462
중국,울산광역시,202507,386997,10.111
중국,울산광역시,202508,321701,12.403
중국,울산광역시,202509,290923,12.478
중국,울산광역시,202510,309567,11.766
중국,울산광역시,202511,293819,10.516
중국,울산광역시,202512,288304,11.210
중국,울산광역시,202601,253417,11.867
중국,울산광역시,202602,227757,16.478
중국,울산광역시,202603,256259,13.955
중국,울산광역시,202604,279626,11.847
중국,울산광역시,202605,318676,12.747
중국,울산광역시,202606,352613,9.780
중국,울산광역시,202607,319295,10.985
중국,인천광역시,202001,1104957,42.530
중국,인천광역시,202002,504420,20.296
중국,인천광역시,202003,13738,29.226
중국,인천광역시,202004,19210,21.723
중국,인천광역시,202005,21719,32.064
중국,인천광역시,202006,23079,22.878
중국,인천광역시,202007,21199,21.463
중국,인천광역시,202008,24421,29.675
중국,인천광역시,202009,23900,30.268
중국,인천광역시,202010,25120,24.773
중국,인천광역시,202011,24959,19.404
중국,인천광역시,202012,25664,13.981
중국,인천광역시,202101,37926,17.133
중국,인천광역시,202102,40885,23.759
중국,인천광역시,202103,54782,36.094
중국,인천광역시,202104,51740,36.875
중국,인천광역시,202105,50501,28.831
중국,인천광역시,202106,51735,24.057
중국,인천광역시,202107,53717,22.959
중국,인천광역시,202108,71190,23.013
중국,인천광역시,202109,68911,29.059
중국,인천광역시,202110,74203,21.137
중국,인천광역시,202111,62481,22.636
중국,인천광역시,202112,60462,20.112
중국,인천광역시,202201,54901,18.402
중국,인천광역시,202202,66338,25.555
중국,인천광역시,202203,65677,24.024
중국,인천광역시,202204,82113,14.207
중국,인천광역시,202205,109639,11.209
중국,인천광역시,202206,136670,9.656
중국,인천광역시,202207,168803,11.579
중국,인천광역시,202208,205777,14.704
중국,인천광역시,202209,227248,13.223
중국,인천광역시,202210,330994,7.380
중국,인천광역시,202211,318809,7.650
중국,인천광역시,202212,381041,7.092
중국,인천광역시,202301,607696,7.670
중국,인천광역시,202302,623221,12.780
중국,인천광역시,202303,643395,10.633
중국,인천광역시,202304,1413132,14.113
중국,인천광역시,202305,1443371,17.032
중국,인천광역시,202306,1479448,18.666
중국,인천광역시,202307,1548546,21.284
중국,인천광역시,202308,1724891,23.369
중국,인천광역시,202309,1730353,24.337
중국,인천광역시,202310,1941428,24.353
중국,인천광역시,202311,1725543,22.264
중국,인천광역시,202312,1622928,25.199
중국,인천광역시,202401,1471401,25.048
중국,인천광역시,202402,1486281,28.811
중국,인천광역시,202403,2061225,26.290
중국,인천광역시,202404,2067985,22.193
중국,인천광역시,202405,1803020,23.408
중국,인천광역시,202406,1771322,19.612
중국,인천광역시,202407,1807796,25.603
중국,인천광역시,202408,1876672,27.057
중국,인천광역시,202409,1837555,21.269
중국,인천광역시,202410,2194857,24.958
중국,인천광역시,202411,1775065,17.287
중국,인천광역시,202412,1655611,17.464
중국,인천광역시,202501,1402159,20.990
중국,인천광역시,202502,1334863,23.142
중국,인천광역시,202503,1933621,24.446
중국,인천광역시,202504,2217972,27.148
중국,인천광역시,202505,2133133,26.390
중국,인천광역시,202506,2147523,25.210
중국,인천광역시,202507,2807118,28.433
중국,인천광역시,202508,2169473,30.494
중국,인천광역시,202509,2083656,27.810
중국,인천광역시,202510,2319960,23.719
중국,인천광역시,202511,2275186,21.723
중국,인천광역시,202512,2012194,23.287
중국,인천광역시,202601,1766196,26.674
중국,인천광역시,202602,1793377,35.323
중국,인천광역시,202603,2126711,27.363
중국,인천광역시,202604,2743493,32.070
중국,인천광역시,202605,2795101,30.928
중국,인천광역시,202606,2748819,27.526
중국,인천광역시,202607,3681039,32.118
중국,전라남도,202001,206533,46.863
중국,전라남도,202002,118387,22.200
중국,전라남도,202003,9478,22.336
중국,전라남도,202004,13164,14.524
중국,전라남도,202005,13668,18.898
중국,전라남도,202006,15414,12.605
중국,전라남도,202007,7407,18.077
중국,전라남도,202008,8253,27.493
중국,전라남도,202009,7502,27.499
중국,전라남도,202010,7050,25.489
중국,전라남도,202011,7220,22.022
중국,전라남도,202012,7472,20.771
중국,전라남도,202101,29810,16.974
중국,전라남도,202102,29728,18.996
중국,전라남도,202103,38926,22.432
중국,전라남도,202104,34586,20.847
중국,전라남도,202105,35106,18.088
중국,전라남도,202106,35767,16.191
중국,전라남도,202107,38061,16.989
중국,전라남도,202108,39082,17.788
중국,전라남도,202109,35865,20.976
중국,전라남도,202110,40792,14.427
중국,전라남도,202111,43425,12.265
중국,전라남도,202112,46058,11.648
중국,전라남도,202201,37636,12.857
중국,전라남도,202202,39888,18.697
중국,전라남도,202203,40524,16.955
중국,전라남도,202204,45239,10.487
중국,전라남도,202205,59157,9.023
중국,전라남도,202206,70438,6.823
중국,전라남도,202207,87552,8.004
중국,전라남도,202208,97152,12.221
중국,전라남도,202209,100954,11.168
중국,전라남도,202210,136102,6.582
중국,전라남도,202211,126290,8.333
중국,전라남도,202212,145464,8.878
중국,전라남도,202301,225096,15.226
중국,전라남도,202302,242351,24.371
중국,전라남도,202303,196691,18.693
중국,전라남도,202304,354446,14.616
중국,전라남도,202305,345558,18.661
중국,전라남도,202306,349573,19.398
중국,전라남도,202307,432784,17.127
중국,전라남도,202308,440342,22.299
중국,전라남도,202309,408295,23.256
중국,전라남도,202310,537949,30.877
중국,전라남도,202311,505700,28.664
중국,전라남도,202312,646436,39.853
중국,전라남도,202401,570830,28.155
중국,전라남도,202402,489895,27.364
중국,전라남도,202403,565116,24.086
중국,전라남도,202404,581211,30.282
중국,전라남도,202405,617892,31.954
중국,전라남도,202406,659947,33.666
중국,전라남도,202407,706549,32.597
중국,전라남도,202408,589488,39.409
중국,전라남도,202409,566355,37.570
중국,전라남도,202410,620151,40.939
중국,전라남도,202411,541757,33.586
중국,전라남도,202412,580886,31.999
중국,전라남도,202501,520831,31.217
중국,전라남도,202502,423828,36.115
중국,전라남도,202503,557197,35.319
중국,전라남도,202504,656172,34.716
중국,전라남도,202505,722592,37.269
중국,전라남도,202506,715249,30.672
중국,전라남도,202507,833703,32.117
중국,전라남도,202508,698671,37.530
중국,전라남도,202509,645535,35.959
중국,전라남도,202510,596081,28.079
중국,전라남도,202511,617900,21.872
중국,전라남도,202512,649214,22.661
중국,전라남도,202601,569429,23.798
중국,전라남도,202602,510940,35.534
중국,전라남도,202603,522430,31.190
중국,전라남도,202604,652673,25.298
중국,전라남도,202605,902969,36.334
중국,전라남도,202606,787154,24.493
중국,전북특별자치도,202001,98766,46.100
중국,전북특별자치도,202002,58273,28.154
중국,전북특별자치도,202003,3887,27.193
중국,전북특별자치도,202004,6842,17.334
중국,전북특별자치도,202005,6286,25.422
중국,전북특별자치도,202006,7793,21.340
중국,전북특별자치도,202007,4795,30.115
중국,전북특별자치도,202008,5801,40.045
중국,전북특별자치도,202009,5825,42.472
중국,전북특별자치도,202010,4915,34.466
중국,전북특별자치도,202011,4935,31.915
중국,전북특별자치도,202012,4498,27.412
중국,전북특별자치도,202101,10922,18.010
중국,전북특별자치도,202102,11941,24.521
중국,전북특별자치도,202103,16275,36.258
중국,전북특별자치도,202104,14022,35.116
중국,전북특별자치도,202105,14047,33.003
중국,전북특별자치도,202106,13424,29.425
중국,전북특별자치도,202107,13868,25.584
중국,전북특별자치도,202108,17069,26.668
중국,전북특별자치도,202109,16832,30.911
중국,전북특별자치도,202110,18219,22.262
중국,전북특별자치도,202111,16553,22.062
중국,전북특별자치도,202112,17771,20.438
중국,전북특별자치도,202201,16648,18.026
중국,전북특별자치도,202202,20767,25.439
중국,전북특별자치도,202203,21502,24.956
중국,전북특별자치도,202204,25815,14.666
중국,전북특별자치도,202205,33315,12.736
중국,전북특별자치도,202206,42168,9.564
중국,전북특별자치도,202207,51233,11.091
중국,전북특별자치도,202208,55416,16.744
중국,전북특별자치도,202209,59710,15.180
중국,전북특별자치도,202210,79297,9.475
중국,전북특별자치도,202211,70737,11.129
중국,전북특별자치도,202212,75806,10.961
중국,전북특별자치도,202301,84867,13.905
중국,전북특별자치도,202302,106214,23.433
중국,전북특별자치도,202303,93633,14.029
중국,전북특별자치도,202304,191901,14.603
중국,전북특별자치도,202305,191751,18.166
중국,전북특별자치도,202306,166688,18.569
중국,전북특별자치도,202307,212839,16.148
중국,전북특별자치도,202308,408861,10.947
중국,전북특별자치도,202309,208191,23.802
중국,전북특별자치도,202310,237946,22.689
중국,전북특별자치도,202311,205121,24.781
중국,전북특별자치도,202312,179196,26.022
중국,전북특별자치도,202401,156615,23.546
중국,전북특별자치도,202402,147933,23.866
중국,전북특별자치도,202403,195923,28.939
중국,전북특별자치도,202404,221306,20.675
중국,전북특별자치도,202405,224342,21.129
중국,전북특별자치도,202406,188612,17.187
중국,전북특별자치도,202407,215712,16.766
중국,전북특별자치도,202408,187996,20.536
중국,전북특별자치도,202409,195250,22.557
중국,전북특별자치도,202410,232580,23.720
중국,전북특별자치도,202411,205404,23.313
중국,전북특별자치도,202412,174337,21.691
중국,전북특별자치도,202501,147432,21.859
중국,전북특별자치도,202502,133767,23.995
중국,전북특별자치도,202503,209875,21.111
중국,전북특별자치도,202504,276612,16.684
중국,전북특별자치도,202505,292129,16.400
중국,전북특별자치도,202506,267107,14.612
중국,전북특별자치도,202507,272860,14.797
중국,전북특별자치도,202508,220621,17.550
중국,전북특별자치도,202509,228688,23.741
중국,전북특별자치도,202510,247189,19.895
중국,전북특별자치도,202511,226841,19.101
중국,전북특별자치도,202512,195872,15.045
중국,전북특별자치도,202601,178150,19.888
중국,전북특별자치도,202602,195640,36.670
중국,전북특별자치도,202603,248557,26.842
중국,전북특별자치도,202604,352029,24.193
중국,전북특별자치도,202605,441879,23.361
중국,전북특별자치도,202606,367097,13.904
중국,전북특별자치도,202607,368859,13.465
중국,제주특별자치도,202001,484742,69.169
중국,제주특별자치도,202002,128605,61.541
중국,제주특별자치도,202003,6049,66.160
중국,제주특별자치도,202004,7296,52.577
중국,제주특별자치도,202005,8268,57.281
중국,제주특별자치도,202006,10173,56.021
중국,제주특별자치도,202007,7377,67.480
중국,제주특별자치도,202008,10260,77.339
중국,제주특별자치도,202009,9204,76.021
중국,제주특별자치도,202010,7518,70.524
중국,제주특별자치도,202011,6786,65.119
중국,제주특별자치도,202012,6246,60.967
중국,제주특별자치도,202101,14504,44.967
중국,제주특별자치도,202102,16966,56.696
중국,제주특별자치도,202103,25540,64.761
중국,제주특별자치도,202104,21347,61.072
중국,제주특별자치도,202105,20932,58.623
중국,제주특별자치도,202106,19738,54.671
중국,제주특별자치도,202107,20472,53.913
중국,제주특별자치도,202108,23199,56.761
중국,제주특별자치도,202109,21944,60.281
중국,제주특별자치도,202110,21003,49.488
중국,제주특별자치도,202111,21537,45.303
중국,제주특별자치도,202112,22724,44.596
중국,제주특별자치도,202201,18177,44.408
중국,제주특별자치도,202202,24328,56.318
중국,제주특별자치도,202203,23942,51.282
중국,제주특별자치도,202204,24466,33.700
중국,제주특별자치도,202205,32562,28.352
중국,제주특별자치도,202206,38551,22.106
중국,제주특별자치도,202207,47658,26.394
중국,제주특별자치도,202208,64017,32.016
중국,제주특별자치도,202209,66077,26.272
중국,제주특별자치도,202210,91384,15.081
중국,제주특별자치도,202211,92831,15.061
중국,제주특별자치도,202212,117341,13.687
중국,제주특별자치도,202301,138180,14.290
중국,제주특별자치도,202302,146752,24.806
중국,제주특별자치도,202303,169413,17.058
중국,제주특별자치도,202304,400863,24.234
중국,제주특별자치도,202305,475539,38.633
중국,제주특별자치도,202306,550453,47.302
중국,제주특별자치도,202307,654311,53.734
중국,제주특별자치도,202308,786252,58.606
중국,제주특별자치도,202309,707211,52.399
중국,제주특별자치도,202310,732072,53.121
중국,제주특별자치도,202311,606062,49.631
중국,제주특별자치도,202312,692289,55.646
중국,제주특별자치도,202401,748186,59.845
중국,제주특별자치도,202402,786234,66.256
중국,제주특별자치도,202403,940890,56.127
중국,제주특별자치도,202404,1036234,56.210
중국,제주특별자치도,202405,1054502,58.247
중국,제주특별자치도,202406,1061993,62.206
중국,제주특별자치도,202407,1055550,65.980
중국,제주특별자치도,202408,1246998,64.822
중국,제주특별자치도,202409,1044873,61.037
중국,제주특별자치도,202410,1156086,60.917
중국,제주특별자치도,202411,754073,53.269
중국,제주특별자치도,202412,695703,56.384
중국,제주특별자치도,202501,738896,69.053
중국,제주특별자치도,202502,768969,73.332
중국,제주특별자치도,202503,920572,63.847
중국,제주특별자치도,202504,1156869,62.466
중국,제주특별자치도,202505,1431659,69.287
중국,제주특별자치도,202506,1367357,65.781
중국,제주특별자치도,202507,1857932,66.260
중국,제주특별자치도,202508,1625049,70.743
중국,제주특별자치도,202509,1360103,65.051
중국,제주특별자치도,202510,1333676,56.273
중국,제주특별자치도,202511,1011727,52.015
중국,제주특별자치도,202512,919311,52.224
중국,제주특별자치도,202601,916323,60.468
중국,제주특별자치도,202602,1090067,68.684
중국,제주특별자치도,202603,1208292,62.080
중국,제주특별자치도,202604,1559270,60.390
중국,제주특별자치도,202605,1773782,62.378
중국,제주특별자치도,202606,1654000,61.896
중국,제주특별자치도,202607,1739035,66.164
중국,충청남도,202001,171882,50.759
중국,충청남도,202002,107226,34.322
중국,충청남도,202003,6867,27.698
중국,충청남도,202004,10545,17.923
중국,충청남도,202005,9629,24.966
중국,충청남도,202006,12676,21.134
중국,충청남도,202007,8001,30.559
중국,충청남도,202008,9617,38.869
중국,충청남도,202009,9265,38.888
중국,충청남도,202010,8232,31.997
중국,충청남도,202011,8123,27.970
중국,충청남도,202012,7811,25.234
중국,충청남도,202101,17262,19.436
중국,충청남도,202102,19598,25.385
중국,충청남도,202103,25082,35.615
중국,충청남도,202104,23373,32.281
중국,충청남도,202105,23708,29.674
중국,충청남도,202106,23317,27.409
중국,충청남도,202107,24848,25.889
중국,충청남도,202108,30019,26.233
중국,충청남도,202109,27782,28.670
중국,충청남도,202110,29191,21.284
중국,충청남도,202111,27175,20.563
중국,충청남도,202112,26761,20.646
중국,충청남도,202201,28268,18.657
중국,충청남도,202202,35206,25.697
중국,충청남도,202203,35449,24.579
중국,충청남도,202204,41497,14.437
중국,충청남도,202205,55110,12.170
중국,충청남도,202206,71541,10.551
중국,충청남도,202207,85510,13.515
중국,충청남도,202208,98677,18.337
중국,충청남도,202209,100736,15.975
중국,충청남도,202210,129873,10.392
중국,충청남도,202211,118814,11.641
중국,충청남도,202212,123626,12.155
중국,충청남도,202301,149010,11.658
중국,충청남도,202302,162331,18.418
중국,충청남도,202303,143135,14.000
중국,충청남도,202304,297568,18.190
중국,충청남도,202305,299132,24.638
중국,충청남도,202306,283455,27.751
중국,충청남도,202307,317054,27.182
중국,충청남도,202308,414576,26.806
중국,충청남도,202309,346885,30.181
중국,충청남도,202310,372177,27.336
중국,충청남도,202311,312851,32.692
중국,충청남도,202312,306279,37.600
중국,충청남도,202401,271955,34.959
중국,충청남도,202402,279426,31.501
중국,충청남도,202403,366497,30.604
중국,충청남도,202404,364603,23.858
중국,충청남도,202405,358501,23.696
중국,충청남도,202406,312183,20.862
중국,충청남도,202407,341064,22.933
중국,충청남도,202408,348213,25.396
중국,충청남도,202409,350375,20.246
중국,충청남도,202410,385943,26.213
중국,충청남도,202411,318503,21.793
중국,충청남도,202412,294281,23.153
중국,충청남도,202501,257248,27.367
중국,충청남도,202502,244164,30.298
중국,충청남도,202503,361085,27.000
중국,충청남도,202504,418540,24.763
중국,충청남도,202505,411090,23.425
중국,충청남도,202506,378634,21.403
중국,충청남도,202507,440996,22.527
중국,충청남도,202508,399117,22.293
중국,충청남도,202509,412340,21.286
중국,충청남도,202510,433448,19.281
중국,충청남도,202511,379444,20.582
중국,충청남도,202512,353410,19.035
중국,충청남도,202601,324436,19.918
중국,충청남도,202602,294175,29.628
중국,충청남도,202603,376051,26.613
중국,충청남도,202604,493530,27.284
중국,충청남도,202605,576864,25.782
중국,충청남도,202606,529348,19.345
중국,충청남도,202607,523758,22.286
중국,충청북도,202001,112377,48.660
중국,충청북도,202002,72810,32.590
중국,충청북도,202003,4559,27.747
중국,충청북도,202004,6805,18.075
중국,충청북도,202005,5945,25.433
중국,충청북도,202006,7770,21.828
중국,충청북도,202007,4503,35.754
중국,충청북도,202008,5651,44.912
중국,충청북도,202009,5333,44.984
중국,충청북도,202010,4496,39.057
중국,충청북도,202011,4258,34.758
중국,충청북도,202012,4026,29.260
중국,충청북도,202101,10181,18.868
중국,충청북도,202102,10982,25.915
중국,충청북도,202103,15351,34.239
중국,충청북도,202104,14150,30.537
중국,충청북도,202105,15186,27.183
중국,충청북도,202106,16765,22.106
중국,충청북도,202107,18880,20.164
중국,충청북도,202108,23115,20.575
중국,충청북도,202109,23474,21.185
중국,충청북도,202110,27262,14.339
중국,충청북도,202111,18273,17.490
중국,충청북도,202112,18181,17.870
중국,충청북도,202201,18806,16.894
중국,충청북도,202202,23134,23.973
중국,충청북도,202203,20614,24.935
중국,충청북도,202204,29763,11.948
중국,충청북도,202205,39279,10.665
중국,충청북도,202206,55534,8.425
중국,충청북도,202207,66244,10.381
중국,충청북도,202208,74788,14.413
중국,충청북도,202209,73677,13.166
중국,충청북도,202210,94593,8.493
중국,충청북도,202211,87406,9.535
중국,충청북도,202212,91862,9.846
중국,충청북도,202301,83605,10.798
중국,충청북도,202302,94841,14.951
중국,충청북도,202303,92177,12.103
중국,충청북도,202304,197449,18.079
중국,충청북도,202305,204806,22.940
중국,충청북도,202306,197842,24.091
중국,충청북도,202307,207965,24.660
중국,충청북도,202308,246031,26.285
중국,충청북도,202309,229018,31.058
중국,충청북도,202310,228670,29.953
중국,충청북도,202311,191221,34.525
중국,충청북도,202312,174601,37.473
중국,충청북도,202401,167867,30.653
중국,충청북도,202402,174352,27.641
중국,충청북도,202403,206775,25.095
중국,충청북도,202404,233049,19.764
중국,충청북도,202405,251793,19.952
중국,충청북도,202406,222080,17.696
중국,충청북도,202407,236830,20.619
중국,충청북도,202408,232127,22.536
중국,충청북도,202409,254701,30.071
중국,충청북도,202410,286212,35.248
중국,충청북도,202411,226831,33.419
중국,충청북도,202412,176694,24.327
중국,충청북도,202501,158778,21.602
중국,충청북도,202502,144275,23.308
중국,충청북도,202503,224059,27.107
중국,충청북도,202504,272700,22.012
중국,충청북도,202505,280761,20.816
중국,충청북도,202506,253224,15.950
중국,충청북도,202507,343138,14.600
중국,충청북도,202508,258732,19.348
중국,충청북도,202509,286119,30.158
중국,충청북도,202510,312609,27.101
중국,충청북도,202511,265796,29.558
중국,충청북도,202512,199446,19.377
중국,충청북도,202601,169368,16.708
중국,충청북도,202602,160373,20.926
중국,충청북도,202603,245930,24.255
중국,충청북도,202604,333594,19.869
중국,충청북도,202605,397317,19.107
중국,충청북도,202606,336577,14.971
중국,충청북도,202607,318730,17.417
태국,강원특별자치도,202001,155793,6.361
태국,강원특별자치도,202002,78089,12.747
태국,강원특별자치도,202003,3030,9.406
태국,강원특별자치도,202004,4840,3.058
태국,강원특별자치도,202005,4483,2.030
태국,강원특별자치도,202006,6347,2.379
태국,강원특별자치도,202007,4340,2.581
태국,강원특별자치도,202008,5165,2.943
태국,강원특별자치도,202009,4824,1.969
태국,강원특별자치도,202010,4489,1.804
태국,강원특별자치도,202011,4084,1.273
태국,강원특별자치도,202012,3549,1.296
태국,강원특별자치도,202101,7048,2.270
태국,강원특별자치도,202102,7889,1.242
태국,강원특별자치도,202103,9690,1.373
태국,강원특별자치도,202104,8484,1.697
태국,강원특별자치도,202105,9432,2.089
태국,강원특별자치도,202106,9403,3.127
태국,강원특별자치도,202107,11156,2.295
태국,강원특별자치도,202108,13493,1.786
태국,강원특별자치도,202109,11693,2.600
태국,강원특별자치도,202110,12725,2.633
태국,강원특별자치도,202111,10433,2.473
태국,강원특별자치도,202112,11036,2.048
태국,강원특별자치도,202201,12081,2.458
태국,강원특별자치도,202202,14742,2.815
태국,강원특별자치도,202203,14171,3.154
태국,강원특별자치도,202204,19600,5.602
태국,강원특별자치도,202205,31620,8.744
태국,강원특별자치도,202206,46109,12.759
태국,강원특별자치도,202207,57331,13.000
태국,강원특별자치도,202208,62000,8.323
태국,강원특별자치도,202209,58761,10.039
태국,강원특별자치도,202210,85157,13.881
태국,강원특별자치도,202211,63081,12.259
태국,강원특별자치도,202212,114406,10.367
태국,강원특별자치도,202301,131525,6.834
태국,강원특별자치도,202302,115731,8.189
태국,강원특별자치도,202303,98048,8.532
태국,강원특별자치도,202304,247608,7.060
태국,강원특별자치도,202305,235564,4.487
태국,강원특별자치도,202306,243846,3.120
태국,강원특별자치도,202307,266403,3.034
태국,강원특별자치도,202308,251695,2.875
태국,강원특별자치도,202309,230999,3.615
태국,강원특별자치도,202310,293984,5.204
태국,강원특별자치도,202311,216274,3.379
태국,강원특별자치도,202312,306455,4.295
태국,강원특별자치도,202401,287002,3.261
태국,강원특별자치도,202402,253974,3.444
태국,강원특별자치도,202403,207427,3.513
태국,강원특별자치도,202404,287107,3.275
태국,강원특별자치도,202405,296436,1.752
태국,강원특별자치도,202406,308225,1.359
태국,강원특별자치도,202407,275199,1.681
태국,강원특별자치도,202408,228890,2.416
태국,강원특별자치도,202409,220304,2.549
태국,강원특별자치도,202410,295920,2.490
태국,강원특별자치도,202411,220541,2.399
태국,강원특별자치도,202412,299826,3.963
태국,강원특별자치도,202501,248888,3.331
태국,강원특별자치도,202502,197800,4.879
태국,강원특별자치도,202503,187417,3.804
태국,강원특별자치도,202504,328146,2.304
태국,강원특별자치도,202505,330275,1.940
태국,강원특별자치도,202506,335323,1.724
태국,강원특별자치도,202507,353097,2.009
태국,강원특별자치도,202508,260102,2.245
태국,강원특별자치도,202509,227229,2.125
태국,강원특별자치도,202510,313881,2.332
태국,강원특별자치도,202511,252131,2.624
태국,강원특별자치도,202512,327455,4.961
태국,강원특별자치도,202601,259470,4.123
태국,강원특별자치도,202602,244677,3.449
태국,강원특별자치도,202603,198163,3.013
태국,강원특별자치도,202604,353169,2.245
태국,강원특별자치도,202605,439507,1.635
태국,강원특별자치도,202606,423311,1.636
태국,강원특별자치도,202607,387378,1.809
태국,경기도,202001,1186960,4.254
태국,경기도,202002,698133,6.929
태국,경기도,202003,38101,3.966
태국,경기도,202004,57412,1.301
태국,경기도,202005,60076,0.714
태국,경기도,202006,80177,0.928
태국,경기도,202007,63900,0.793
태국,경기도,202008,73885,0.857
태국,경기도,202009,67944,0.618
태국,경기도,202010,66893,0.567
태국,경기도,202011,61667,0.519
태국,경기도,202012,61056,0.503
태국,경기도,202101,94326,1.070
태국,경기도,202102,112019,0.525
태국,경기도,202103,151418,0.496
태국,경기도,202104,127645,0.611
태국,경기도,202105,129346,0.760
태국,경기도,202106,129278,1.108
태국,경기도,202107,144504,0.792
태국,경기도,202108,178298,0.560
태국,경기도,202109,166682,0.790
태국,경기도,202110,179131,0.808
태국,경기도,202111,151996,0.914
태국,경기도,202112,160126,0.796
태국,경기도,202201,154578,1.413
태국,경기도,202202,191294,1.488
태국,경기도,202203,179935,1.651
태국,경기도,202204,230009,3.057
태국,경기도,202205,281426,5.802
태국,경기도,202206,350319,8.425
태국,경기도,202207,442358,7.046
태국,경기도,202208,524231,3.852
태국,경기도,202209,519190,4.644
태국,경기도,202210,666851,8.038
태국,경기도,202211,608397,7.597
태국,경기도,202212,677237,9.449
태국,경기도,202301,769541,5.558
태국,경기도,202302,835648,5.858
태국,경기도,202303,756122,5.964
태국,경기도,202304,1651725,4.856
태국,경기도,202305,1735766,3.277
태국,경기도,202306,1703653,2.197
태국,경기도,202307,1942698,1.814
태국,경기도,202308,2079004,1.574
태국,경기도,202309,1870653,2.097
태국,경기도,202310,2056797,3.053
태국,경기도,202311,1793458,2.472
태국,경기도,202312,1831102,2.643
태국,경기도,202401,1656372,2.201
태국,경기도,202402,1756810,1.949
태국,경기도,202403,1961716,2.234
태국,경기도,202404,2001641,2.652
태국,경기도,202405,1795678,1.833
태국,경기도,202406,1754705,1.406
태국,경기도,202407,1965233,1.168
태국,경기도,202408,1919811,1.252
태국,경기도,202409,1772276,1.583
태국,경기도,202410,2124524,1.557
태국,경기도,202411,1788336,1.606
태국,경기도,202412,1733753,2.375
태국,경기도,202501,1586582,2.188
태국,경기도,202502,1421927,2.249
태국,경기도,202503,1821606,1.760
태국,경기도,202504,2143703,1.990
태국,경기도,202505,2138585,1.887
태국,경기도,202506,2170206,1.702
태국,경기도,202507,2650507,1.523
태국,경기도,202508,2195498,1.491
태국,경기도,202509,2009029,1.326
태국,경기도,202510,2218810,1.711
태국,경기도,202511,2042504,1.761
태국,경기도,202512,1981461,2.365
태국,경기도,202601,1735517,2.143
태국,경기도,202602,1636248,1.796
태국,경기도,202603,1871783,1.820
태국,경기도,202604,2575604,2.033
태국,경기도,202605,2673038,1.539
태국,경기도,202606,2470334,1.469
태국,경기도,202607,2660282,1.446
태국,경상남도,202001,229828,8.336
태국,경상남도,202002,160272,12.648
태국,경상남도,202003,10530,6.391
태국,경상남도,202004,14912,2.012
태국,경상남도,202005,15901,1.195
태국,경상남도,202006,20338,1.278
태국,경상남도,202007,8899,1.124
태국,경상남도,202008,11601,1.267
태국,경상남도,202009,9698,1.021
태국,경상남도,202010,9518,1.019
태국,경상남도,202011,9271,0.798
태국,경상남도,202012,9362,0.822
태국,경상남도,202101,31573,1.495
태국,경상남도,202102,31740,0.996
태국,경상남도,202103,41659,0.912
태국,경상남도,202104,37731,0.906
태국,경상남도,202105,38892,1.118
태국,경상남도,202106,39677,1.593
태국,경상남도,202107,42054,1.170
태국,경상남도,202108,50392,0.824
태국,경상남도,202109,44608,1.258
태국,경상남도,202110,50685,1.213
태국,경상남도,202111,49054,1.241
태국,경상남도,202112,50150,1.284
태국,경상남도,202201,47488,1.952
태국,경상남도,202202,54176,2.259
태국,경상남도,202203,52235,2.293
태국,경상남도,202204,60265,4.757
태국,경상남도,202205,76198,7.774
태국,경상남도,202206,93418,10.763
태국,경상남도,202207,112767,8.895
태국,경상남도,202208,132460,6.407
태국,경상남도,202209,133139,8.286
태국,경상남도,202210,180430,13.313
태국,경상남도,202211,165526,13.232
태국,경상남도,202212,177807,16.606
태국,경상남도,202301,266632,9.967
태국,경상남도,202302,299173,9.406
태국,경상남도,202303,258971,8.423
태국,경상남도,202304,499585,7.574
태국,경상남도,202305,479465,5.672
태국,경상남도,202306,480667,5.196
태국,경상남도,202307,568050,3.469
태국,경상남도,202308,598212,3.080
태국,경상남도,202309,568259,3.921
태국,경상남도,202310,627613,4.515
태국,경상남도,202311,576432,3.800
태국,경상남도,202312,527773,4.396
태국,경상남도,202401,534978,3.435
태국,경상남도,202402,531251,3.038
태국,경상남도,202403,657722,3.121
태국,경상남도,202404,707812,3.081
태국,경상남도,202405,680238,2.876
태국,경상남도,202406,647138,2.195
태국,경상남도,202407,617836,2.272
태국,경상남도,202408,604979,2.499
태국,경상남도,202409,622139,2.308
태국,경상남도,202410,719288,1.900
태국,경상남도,202411,678699,2.166
태국,경상남도,202412,698452,2.864
태국,경상남도,202501,591775,3.015
태국,경상남도,202502,517737,3.440
태국,경상남도,202503,663354,2.613
태국,경상남도,202504,713677,2.501
태국,경상남도,202505,740264,2.576
태국,경상남도,202506,696323,2.500
태국,경상남도,202507,852885,2.152
태국,경상남도,202508,742188,2.024
태국,경상남도,202509,717011,1.862
태국,경상남도,202510,879966,1.648
태국,경상남도,202511,831001,1.788
태국,경상남도,202512,863296,1.942
태국,경상남도,202601,759430,1.894
태국,경상남도,202602,642752,1.848
태국,경상남도,202603,727830,1.552
태국,경상남도,202604,870753,1.776
태국,경상남도,202605,1045152,1.432
태국,경상남도,202606,1006286,1.409
태국,경상남도,202607,969001,1.346
태국,경상북도,202001,153689,10.298
태국,경상북도,202002,100975,15.777
태국,경상북도,202003,6277,8.985
태국,경상북도,202004,11302,2.486
태국,경상북도,202005,14418,1.179
태국,경상북도,202006,19446,1.363
태국,경상북도,202007,6396,2.079
태국,경상북도,202008,7684,2.277
태국,경상북도,202009,6789,1.650
태국,경상북도,202010,6854,1.590
태국,경상북도,202011,6217,1.608
태국,경상북도,202012,6053,1.553
태국,경상북도,202101,23907,1.753
태국,경상북도,202102,20394,1.187
태국,경상북도,202103,25837,1.242
태국,경상북도,202104,28364,1.241
태국,경상북도,202105,32597,1.384
태국,경상북도,202106,34002,1.941
태국,경상북도,202107,34921,1.483
태국,경상북도,202108,35389,1.240
태국,경상북도,202109,28372,2.023
태국,경상북도,202110,31630,2.011
태국,경상북도,202111,35948,1.741
태국,경상북도,202112,29582,1.863
태국,경상북도,202201,26011,3.222
태국,경상북도,202202,32911,3.339
태국,경상북도,202203,37284,2.974
태국,경상북도,202204,41305,6.643
태국,경상북도,202205,62523,10.526
태국,경상북도,202206,68367,18.458
태국,경상북도,202207,80137,16.212
태국,경상북도,202208,97654,8.996
태국,경상북도,202209,101145,10.397
태국,경상북도,202210,135673,17.205
태국,경상북도,202211,116505,16.881
태국,경상북도,202212,120686,20.980
태국,경상북도,202301,145193,10.445
태국,경상북도,202302,181829,10.290
태국,경상북도,202303,176727,8.849
태국,경상북도,202304,361534,8.832
태국,경상북도,202305,365247,6.519
태국,경상북도,202306,336401,5.395
태국,경상북도,202307,343595,3.850
태국,경상북도,202308,383607,3.017
태국,경상북도,202309,374828,3.841
태국,경상북도,202310,402739,4.557
태국,경상북도,202311,310427,4.120
태국,경상북도,202312,268951,5.116
태국,경상북도,202401,253337,4.582
태국,경상북도,202402,271708,4.218
태국,경상북도,202403,353806,4.164
태국,경상북도,202404,406161,4.047
태국,경상북도,202405,419179,3.384
태국,경상북도,202406,385484,2.913
태국,경상북도,202407,380022,2.872
태국,경상북도,202408,422357,2.613
태국,경상북도,202409,438366,2.660
태국,경상북도,202410,497061,2.367
태국,경상북도,202411,404404,2.860
태국,경상북도,202412,312298,4.548
태국,경상북도,202501,258877,4.508
태국,경상북도,202502,252099,4.488
태국,경상북도,202503,438581,2.783
태국,경상북도,202504,547013,2.531
태국,경상북도,202505,576018,2.846
태국,경상북도,202506,498360,3.171
태국,경상북도,202507,531200,3.201
태국,경상북도,202508,454401,3.155
태국,경상북도,202509,493537,2.455
태국,경상북도,202510,587371,1.997
태국,경상북도,202511,501421,2.356
태국,경상북도,202512,367117,3.209
태국,경상북도,202601,287788,4.151
태국,경상북도,202602,285250,3.524
태국,경상북도,202603,438683,2.378
태국,경상북도,202604,642715,2.271
태국,경상북도,202605,771775,2.093
태국,경상북도,202606,634048,2.506
태국,경상북도,202607,579873,2.334
태국,광주광역시,202001,45864,9.336
태국,광주광역시,202002,30402,13.555
태국,광주광역시,202003,2054,6.962
태국,광주광역시,202004,3174,2.016
태국,광주광역시,202005,2923,1.266
태국,광주광역시,202006,3830,1.462
태국,광주광역시,202007,1940,1.907
태국,광주광역시,202008,2127,2.539
태국,광주광역시,202009,2253,1.642
태국,광주광역시,202010,2060,1.650
태국,광주광역시,202011,1900,1.421
태국,광주광역시,202012,2003,1.298
태국,광주광역시,202101,4534,2.029
태국,광주광역시,202102,5334,1.031
태국,광주광역시,202103,7164,0.949
태국,광주광역시,202104,6298,1.127
태국,광주광역시,202105,7691,1.196
태국,광주광역시,202106,8592,1.501
태국,광주광역시,202107,9151,1.093
태국,광주광역시,202108,11850,0.759
태국,광주광역시,202109,12836,0.888
태국,광주광역시,202110,13674,0.936
태국,광주광역시,202111,7103,1.788
태국,광주광역시,202112,7141,1.610
태국,광주광역시,202201,8080,2.351
태국,광주광역시,202202,10521,2.405
태국,광주광역시,202203,10334,2.690
태국,광주광역시,202204,11813,5.596
태국,광주광역시,202205,17515,8.313
태국,광주광역시,202206,20898,12.872
태국,광주광역시,202207,24034,11.742
태국,광주광역시,202208,27134,6.398
태국,광주광역시,202209,33371,6.245
태국,광주광역시,202210,43609,9.842
태국,광주광역시,202211,37846,9.481
태국,광주광역시,202212,40218,12.017
태국,광주광역시,202301,32188,8.276
태국,광주광역시,202302,34525,9.130
태국,광주광역시,202303,32521,7.860
태국,광주광역시,202304,92137,5.431
태국,광주광역시,202305,94713,3.466
태국,광주광역시,202306,63591,3.807
태국,광주광역시,202307,67064,3.198
태국,광주광역시,202308,68796,2.893
태국,광주광역시,202309,88903,2.696
태국,광주광역시,202310,95946,3.129
태국,광주광역시,202311,81172,3.265
태국,광주광역시,202312,64910,3.292
태국,광주광역시,202401,62043,3.631
태국,광주광역시,202402,61068,3.557
태국,광주광역시,202403,81981,3.298
태국,광주광역시,202404,84081,3.154
태국,광주광역시,202405,79208,2.144
태국,광주광역시,202406,71039,1.950
태국,광주광역시,202407,75009,2.272
태국,광주광역시,202408,77371,2.683
태국,광주광역시,202409,88588,2.775
태국,광주광역시,202410,96937,2.170
태국,광주광역시,202411,99602,2.105
태국,광주광역시,202412,72754,4.063
태국,광주광역시,202501,66077,3.812
태국,광주광역시,202502,58162,4.264
태국,광주광역시,202503,82516,3.059
태국,광주광역시,202504,94289,2.901
태국,광주광역시,202505,98363,2.852
태국,광주광역시,202506,91525,2.792
태국,광주광역시,202507,108483,3.068
태국,광주광역시,202508,97993,3.076
태국,광주광역시,202509,102792,2.209
태국,광주광역시,202510,102192,2.809
태국,광주광역시,202511,94820,2.803
태국,광주광역시,202512,82041,2.669
태국,광주광역시,202601,71412,2.638
태국,광주광역시,202602,59494,3.342
태국,광주광역시,202603,77628,2.531
태국,광주광역시,202604,95519,2.561
태국,광주광역시,202605,99479,3.039
태국,광주광역시,202606,87498,3.520
태국,대구광역시,202001,96875,5.555
태국,대구광역시,202002,58553,8.223
태국,대구광역시,202003,2473,5.540
태국,대구광역시,202004,4702,1.446
태국,대구광역시,202005,4515,0.930
태국,대구광역시,202006,5875,1.106
태국,대구광역시,202007,3446,1.422
태국,대구광역시,202008,4459,1.570
태국,대구광역시,202009,4022,1.169
태국,대구광역시,202010,3929,0.942
태국,대구광역시,202011,3916,0.766
태국,대구광역시,202012,3620,0.884
태국,대구광역시,202101,8032,1.419
태국,대구광역시,202102,10852,0.617
태국,대구광역시,202103,15706,0.548
태국,대구광역시,202104,13350,0.644
태국,대구광역시,202105,13579,0.803
태국,대구광역시,202106,13815,1.158
태국,대구광역시,202107,15819,0.752
태국,대구광역시,202108,20169,0.506
태국,대구광역시,202109,20633,0.674
태국,대구광역시,202110,23217,0.650
태국,대구광역시,202111,17181,0.885
태국,대구광역시,202112,18044,0.815
태국,대구광역시,202201,12465,1.701
태국,대구광역시,202202,15677,1.735
태국,대구광역시,202203,15486,1.756
태국,대구광역시,202204,19853,3.209
태국,대구광역시,202205,26000,5.838
태국,대구광역시,202206,28520,8.703
태국,대구광역시,202207,34814,7.434
태국,대구광역시,202208,41668,4.025
태국,대구광역시,202209,41654,5.056
태국,대구광역시,202210,56802,8.790
태국,대구광역시,202211,50074,9.206
태국,대구광역시,202212,54345,10.774
태국,대구광역시,202301,62959,5.504
태국,대구광역시,202302,62043,6.757
태국,대구광역시,202303,64119,6.245
태국,대구광역시,202304,158119,5.589
태국,대구광역시,202305,169586,3.187
태국,대구광역시,202306,132786,2.929
태국,대구광역시,202307,157629,2.501
태국,대구광역시,202308,161765,1.921
태국,대구광역시,202309,166561,2.229
태국,대구광역시,202310,165400,2.859
태국,대구광역시,202311,141208,2.518
태국,대구광역시,202312,128303,3.003
태국,대구광역시,202401,118060,2.508
태국,대구광역시,202402,124580,2.076
태국,대구광역시,202403,164731,2.517
태국,대구광역시,202404,166075,2.972
태국,대구광역시,202405,168834,2.178
태국,대구광역시,202406,150714,1.809
태국,대구광역시,202407,165796,1.646
태국,대구광역시,202408,175484,1.780
태국,대구광역시,202409,168701,1.886
태국,대구광역시,202410,188108,1.723
태국,대구광역시,202411,186804,1.737
태국,대구광역시,202412,138202,2.848
태국,대구광역시,202501,120952,2.737
태국,대구광역시,202502,111056,3.172
태국,대구광역시,202503,165480,2.416
태국,대구광역시,202504,190951,2.778
태국,대구광역시,202505,197946,2.664
태국,대구광역시,202506,179766,3.208
태국,대구광역시,202507,245848,2.809
태국,대구광역시,202508,216590,2.271
태국,대구광역시,202509,199376,2.074
태국,대구광역시,202510,221794,2.005
태국,대구광역시,202511,195336,2.106
태국,대구광역시,202512,156868,2.672
태국,대구광역시,202601,130944,2.954
태국,대구광역시,202602,128051,2.636
태국,대구광역시,202603,170979,1.897
태국,대구광역시,202604,207721,1.923
태국,대구광역시,202605,232199,1.698
태국,대구광역시,202606,213740,1.885
태국,대구광역시,202607,208150,2.068
태국,대전광역시,202001,55829,4.849
태국,대전광역시,202002,33322,7.971
태국,대전광역시,202003,2006,4.187
태국,대전광역시,202004,3472,1.066
태국,대전광역시,202005,3338,0.659
태국,대전광역시,202006,4264,0.821
태국,대전광역시,202007,2766,1.121
태국,대전광역시,202008,3767,0.903
태국,대전광역시,202009,3324,0.481
태국,대전광역시,202010,3093,0.582
태국,대전광역시,202011,3041,0.460
태국,대전광역시,202012,3234,0.402
태국,대전광역시,202101,5592,0.876
태국,대전광역시,202102,6981,0.401
태국,대전광역시,202103,9338,0.353
태국,대전광역시,202104,8824,0.419
태국,대전광역시,202105,9713,0.453
태국,대전광역시,202106,9517,0.672
태국,대전광역시,202107,10584,0.463
태국,대전광역시,202108,13853,0.318
태국,대전광역시,202109,13467,0.446
태국,대전광역시,202110,14958,0.441
태국,대전광역시,202111,11429,0.577
태국,대전광역시,202112,10639,0.526
태국,대전광역시,202201,9379,1.183
태국,대전광역시,202202,12673,1.073
태국,대전광역시,202203,12345,1.166
태국,대전광역시,202204,15328,2.088
태국,대전광역시,202205,19624,3.373
태국,대전광역시,202206,21468,5.306
태국,대전광역시,202207,27251,4.561
태국,대전광역시,202208,32616,2.762
태국,대전광역시,202209,34772,3.325
태국,대전광역시,202210,42951,5.457
태국,대전광역시,202211,36308,5.500
태국,대전광역시,202212,36559,6.710
태국,대전광역시,202301,37073,4.132
태국,대전광역시,202302,42482,3.684
태국,대전광역시,202303,42757,2.996
태국,대전광역시,202304,89222,3.616
태국,대전광역시,202305,87903,2.626
태국,대전광역시,202306,76238,2.100
태국,대전광역시,202307,85176,1.894
태국,대전광역시,202308,106395,1.770
태국,대전광역시,202309,100328,1.652
태국,대전광역시,202310,108179,2.608
태국,대전광역시,202311,84013,2.026
태국,대전광역시,202312,71494,2.139
태국,대전광역시,202401,63118,1.987
태국,대전광역시,202402,67771,1.431
태국,대전광역시,202403,85696,1.757
태국,대전광역시,202404,89221,2.450
태국,대전광역시,202405,82010,1.812
태국,대전광역시,202406,75133,1.754
태국,대전광역시,202407,82746,1.478
태국,대전광역시,202408,90416,1.660
태국,대전광역시,202409,105940,1.106
태국,대전광역시,202410,123485,1.019
태국,대전광역시,202411,96250,1.272
태국,대전광역시,202412,77758,2.640
태국,대전광역시,202501,71154,2.628
태국,대전광역시,202502,62757,2.392
태국,대전광역시,202503,89856,1.795
태국,대전광역시,202504,97016,1.743
태국,대전광역시,202505,98224,2.027
태국,대전광역시,202506,91412,1.599
태국,대전광역시,202507,117277,1.585
태국,대전광역시,202508,105273,1.309
태국,대전광역시,202509,128692,1.158
태국,대전광역시,202510,131806,1.261
태국,대전광역시,202511,112409,1.433
태국,대전광역시,202512,85503,1.807
태국,대전광역시,202601,75250,2.278
태국,대전광역시,202602,67056,2.229
태국,대전광역시,202603,102952,1.671
태국,대전광역시,202604,119105,1.856
태국,대전광역시,202605,127208,1.357
태국,대전광역시,202606,115627,1.261
태국,대전광역시,202607,132044,1.420
태국,부산광역시,202001,338825,3.378
태국,부산광역시,202002,214002,5.053
태국,부산광역시,202003,8842,3.393
태국,부산광역시,202004,13919,0.956
태국,부산광역시,202005,15653,0.524
태국,부산광역시,202006,20770,0.539
태국,부산광역시,202007,15848,0.297
태국,부산광역시,202008,18960,0.353
태국,부산광역시,202009,18082,0.238
태국,부산광역시,202010,19989,0.180
태국,부산광역시,202011,17508,0.200
태국,부산광역시,202012,19092,0.183
태국,부산광역시,202101,31615,0.664
태국,부산광역시,202102,34187,0.386
태국,부산광역시,202103,43554,0.374
태국,부산광역시,202104,39251,0.436
태국,부산광역시,202105,46111,0.486
태국,부산광역시,202106,45997,0.709
태국,부산광역시,202107,46616,0.568
태국,부산광역시,202108,54494,0.431
태국,부산광역시,202109,49393,0.666
태국,부산광역시,202110,56224,0.651
태국,부산광역시,202111,50862,0.600
태국,부산광역시,202112,51640,0.536
태국,부산광역시,202201,44567,0.985
태국,부산광역시,202202,50236,1.186
태국,부산광역시,202203,50024,1.183
태국,부산광역시,202204,60903,2.401
태국,부산광역시,202205,78390,3.967
태국,부산광역시,202206,88873,6.025
태국,부산광역시,202207,106815,4.870
태국,부산광역시,202208,130976,3.754
태국,부산광역시,202209,136337,4.576
태국,부산광역시,202210,217129,8.264
태국,부산광역시,202211,172245,7.331
태국,부산광역시,202212,203030,8.558
태국,부산광역시,202301,325980,6.772
태국,부산광역시,202302,345615,6.516
태국,부산광역시,202303,387482,6.101
태국,부산광역시,202304,806265,5.843
태국,부산광역시,202305,774836,3.869
태국,부산광역시,202306,725702,3.804
태국,부산광역시,202307,730656,2.677
태국,부산광역시,202308,804260,2.039
태국,부산광역시,202309,861009,3.042
태국,부산광역시,202310,1013180,4.419
태국,부산광역시,202311,826323,3.685
태국,부산광역시,202312,686731,4.399
태국,부산광역시,202401,610177,3.060
태국,부산광역시,202402,681974,2.391
태국,부산광역시,202403,945181,3.154
태국,부산광역시,202404,1063346,3.391
태국,부산광역시,202405,992272,2.783
태국,부산광역시,202406,944406,2.056
태국,부산광역시,202407,966378,1.829
태국,부산광역시,202408,1076835,1.354
태국,부산광역시,202409,996871,1.599
태국,부산광역시,202410,1207511,1.896
태국,부산광역시,202411,983932,2.183
태국,부산광역시,202412,913349,3.076
태국,부산광역시,202501,752878,2.424
태국,부산광역시,202502,656780,2.624
태국,부산광역시,202503,1034150,2.155
태국,부산광역시,202504,1282258,2.291
태국,부산광역시,202505,1279653,2.004
태국,부산광역시,202506,1205348,1.704
태국,부산광역시,202507,1653914,1.309
태국,부산광역시,202508,1364638,1.077
태국,부산광역시,202509,1285642,1.129
태국,부산광역시,202510,1524020,1.326
태국,부산광역시,202511,1418695,1.507
태국,부산광역시,202512,1146324,2.099
태국,부산광역시,202601,1013260,1.592
태국,부산광역시,202602,1133814,1.154
태국,부산광역시,202603,1484014,1.436
태국,부산광역시,202604,1710921,1.998
태국,부산광역시,202605,1910947,1.093
태국,부산광역시,202606,2058919,0.901
태국,부산광역시,202607,2020622,0.680
태국,서울특별시,202001,2029695,1.628
태국,서울특별시,202002,1087730,3.039
태국,서울특별시,202003,34160,1.232
태국,서울특별시,202004,47062,0.446
태국,서울특별시,202005,53983,0.228
태국,서울특별시,202006,69499,0.312
태국,서울특별시,202007,63401,0.226
태국,서울특별시,202008,80364,0.250
태국,서울특별시,202009,78187,0.150
태국,서울특별시,202010,75875,0.132
태국,서울특별시,202011,73468,0.125
태국,서울특별시,202012,72805,0.124
태국,서울특별시,202101,86978,0.318
태국,서울특별시,202102,106108,0.156
태국,서울특별시,202103,138717,0.156
태국,서울특별시,202104,119328,0.185
태국,서울특별시,202105,123672,0.224
태국,서울특별시,202106,124195,0.343
태국,서울특별시,202107,139743,0.243
태국,서울특별시,202108,174626,0.181
태국,서울특별시,202109,164899,0.244
태국,서울특별시,202110,180555,0.248
태국,서울특별시,202111,155590,0.253
태국,서울특별시,202112,155897,0.236
태국,서울특별시,202201,128741,0.440
태국,서울특별시,202202,170375,0.454
태국,서울특별시,202203,162059,0.520
태국,서울특별시,202204,217226,1.151
태국,서울특별시,202205,285796,2.396
태국,서울특별시,202206,356390,3.730
태국,서울특별시,202207,451111,3.254
태국,서울특별시,202208,549393,1.583
태국,서울특별시,202209,594527,2.145
태국,서울특별시,202210,873808,5.664
태국,서울특별시,202211,791751,4.275
태국,서울특별시,202212,1007726,4.855
태국,서울특별시,202301,1181600,4.080
태국,서울특별시,202302,1296856,4.100
태국,서울특별시,202303,1434333,4.441
태국,서울특별시,202304,3136446,4.182
태국,서울특별시,202305,3135586,2.721
태국,서울특별시,202306,3092666,1.922
태국,서울특별시,202307,3208067,1.562
태국,서울특별시,202308,3414283,1.156
태국,서울특별시,202309,3398620,1.548
태국,서울특별시,202310,3779528,3.606
태국,서울특별시,202311,3427845,2.517
태국,서울특별시,202312,3294170,2.552
태국,서울특별시,202401,2698724,1.572
태국,서울특별시,202402,2842766,1.443
태국,서울특별시,202403,3668370,1.906
태국,서울특별시,202404,3887721,3.021
태국,서울특별시,202405,3444704,1.768
태국,서울특별시,202406,3337312,1.195
태국,서울특별시,202407,3392463,0.920
태국,서울특별시,202408,3579293,0.732
태국,서울특별시,202409,3505875,0.986
태국,서울특별시,202410,4412558,1.453
태국,서울특별시,202411,3477376,1.428
태국,서울특별시,202412,3294533,2.219
태국,서울특별시,202501,2665409,1.631
태국,서울특별시,202502,2386482,1.752
태국,서울특별시,202503,3570478,1.391
태국,서울특별시,202504,4190106,2.081
태국,서울특별시,202505,4175491,1.661
태국,서울특별시,202506,4170480,1.280
태국,서울특별시,202507,4781449,1.125
태국,서울특별시,202508,3997109,0.914
태국,서울특별시,202509,4080530,0.971
태국,서울특별시,202510,4724138,1.778
태국,서울특별시,202511,4499486,1.800
태국,서울특별시,202512,4168698,2.709
태국,서울특별시,202601,3363997,1.862
태국,서울특별시,202602,3371051,1.381
태국,서울특별시,202603,4268420,1.754
태국,서울특별시,202604,5157532,2.752
태국,서울특별시,202605,5472909,1.505
태국,서울특별시,202606,5329857,1.222
태국,서울특별시,202607,5708648,1.096
태국,세종특별자치시,202001,19308,5.065
태국,세종특별자치시,202002,11415,8.165
태국,세종특별자치시,202003,624,4.327
태국,세종특별자치시,202004,1009,1.388
태국,세종특별자치시,202005,975,0.923
태국,세종특별자치시,202006,1320,1.136
태국,세종특별자치시,202007,767,1.434
태국,세종특별자치시,202008,967,1.758
태국,세종특별자치시,202009,920,1.087
태국,세종특별자치시,202010,829,0.724
태국,세종특별자치시,202011,641,1.092
태국,세종특별자치시,202012,738,0.813
태국,세종특별자치시,202101,1677,1.491
태국,세종특별자치시,202102,1976,0.658
태국,세종특별자치시,202103,2602,0.692
태국,세종특별자치시,202104,2146,0.792
태국,세종특별자치시,202105,2222,0.945
태국,세종특별자치시,202106,2242,1.427
태국,세종특별자치시,202107,2445,1.022
태국,세종특별자치시,202108,3176,0.693
태국,세종특별자치시,202109,2794,0.931
태국,세종특별자치시,202110,2881,1.007
태국,세종특별자치시,202111,2428,1.277
태국,세종특별자치시,202112,2610,1.149
태국,세종특별자치시,202201,2864,1.292
태국,세종특별자치시,202202,4160,1.226
태국,세종특별자치시,202203,3785,1.321
태국,세종특별자치시,202204,4527,2.540
태국,세종특별자치시,202205,5973,4.437
태국,세종특별자치시,202206,7268,7.320
태국,세종특별자치시,202207,9074,5.576
태국,세종특별자치시,202208,10993,3.220
태국,세종특별자치시,202209,10643,3.523
태국,세종특별자치시,202210,12250,7.355
태국,세종특별자치시,202211,11515,7.286
태국,세종특별자치시,202212,12143,9.825
태국,세종특별자치시,202301,9903,4.716
태국,세종특별자치시,202302,12422,5.973
태국,세종특별자치시,202303,12821,5.772
태국,세종특별자치시,202304,27566,3.323
태국,세종특별자치시,202305,26522,3.092
태국,세종특별자치시,202306,26520,2.673
태국,세종특별자치시,202307,36393,1.511
태국,세종특별자치시,202308,31613,1.692
태국,세종특별자치시,202309,33792,1.243
태국,세종특별자치시,202310,32137,1.932
태국,세종특별자치시,202311,29358,1.110
태국,세종특별자치시,202312,26691,1.641
태국,세종특별자치시,202401,23421,2.417
태국,세종특별자치시,202402,23304,2.532
태국,세종특별자치시,202403,26860,2.599
태국,세종특별자치시,202404,28467,2.614
태국,세종특별자치시,202405,28534,2.029
태국,세종특별자치시,202406,24801,2.109
태국,세종특별자치시,202407,29800,1.782
태국,세종특별자치시,202408,33632,1.618
태국,세종특별자치시,202409,34377,1.181
태국,세종특별자치시,202410,41594,0.959
태국,세종특별자치시,202411,33073,0.995
태국,세종특별자치시,202412,26223,1.766
태국,세종특별자치시,202501,28392,1.352
태국,세종특별자치시,202502,27480,1.623
태국,세종특별자치시,202503,32330,1.194
태국,세종특별자치시,202504,31973,1.817
태국,세종특별자치시,202505,33037,2.537
태국,세종특별자치시,202506,35605,1.932
태국,세종특별자치시,202507,87784,1.050
태국,세종특별자치시,202508,42764,1.560
태국,세종특별자치시,202509,41375,0.931
태국,세종특별자치시,202510,44669,1.278
태국,세종특별자치시,202511,38725,2.327
태국,세종특별자치시,202512,31492,2.086
태국,세종특별자치시,202601,27592,1.848
태국,세종특별자치시,202602,27309,1.754
태국,세종특별자치시,202603,37936,1.400
태국,세종특별자치시,202604,46559,1.134
태국,세종특별자치시,202605,48815,1.073
태국,세종특별자치시,202606,43219,2.057
태국,세종특별자치시,202607,45126,1.691
태국,울산광역시,202001,78403,6.538
태국,울산광역시,202002,55180,10.259
태국,울산광역시,202003,4308,4.155
태국,울산광역시,202004,5812,1.325
태국,울산광역시,202005,6459,0.619
태국,울산광역시,202006,9052,0.641
태국,울산광역시,202007,5141,0.467
태국,울산광역시,202008,4828,0.911
태국,울산광역시,202009,4799,0.438
태국,울산광역시,202010,4645,0.409
태국,울산광역시,202011,4422,0.407
태국,울산광역시,202012,4711,0.425
태국,울산광역시,202101,16461,0.741
태국,울산광역시,202102,18129,0.425
태국,울산광역시,202103,23556,0.442
태국,울산광역시,202104,20434,0.529
태국,울산광역시,202105,19858,0.629
태국,울산광역시,202106,19936,0.823
태국,울산광역시,202107,20110,0.671
태국,울산광역시,202108,22189,0.550
태국,울산광역시,202109,20316,0.802
태국,울산광역시,202110,24301,0.765
태국,울산광역시,202111,29522,0.650
태국,울산광역시,202112,31707,0.555
태국,울산광역시,202201,23351,1.178
태국,울산광역시,202202,25888,1.445
태국,울산광역시,202203,24554,1.511
태국,울산광역시,202204,31724,2.856
태국,울산광역시,202205,37602,4.994
태국,울산광역시,202206,47013,6.577
태국,울산광역시,202207,51986,5.444
태국,울산광역시,202208,54820,5.409
태국,울산광역시,202209,58293,6.771
태국,울산광역시,202210,75441,11.247
태국,울산광역시,202211,68434,10.100
태국,울산광역시,202212,74438,11.858
태국,울산광역시,202301,117333,8.657
태국,울산광역시,202302,137938,7.649
태국,울산광역시,202303,120261,6.840
태국,울산광역시,202304,178569,8.095
태국,울산광역시,202305,194076,6.032
태국,울산광역시,202306,201549,4.960
태국,울산광역시,202307,220249,3.452
태국,울산광역시,202308,228914,3.034
태국,울산광역시,202309,242125,3.706
태국,울산광역시,202310,262102,4.146
태국,울산광역시,202311,225627,3.460
태국,울산광역시,202312,241807,3.705
태국,울산광역시,202401,217760,3.314
태국,울산광역시,202402,232107,3.091
태국,울산광역시,202403,294022,2.517
태국,울산광역시,202404,301463,2.808
태국,울산광역시,202405,283145,2.628
태국,울산광역시,202406,277446,2.215
태국,울산광역시,202407,294370,2.375
태국,울산광역시,202408,281348,2.373
태국,울산광역시,202409,298876,1.996
태국,울산광역시,202410,290605,1.751
태국,울산광역시,202411,235508,2.552
태국,울산광역시,202412,260779,2.841
태국,울산광역시,202501,224064,2.706
태국,울산광역시,202502,215576,3.075
태국,울산광역시,202503,270310,1.904
태국,울산광역시,202504,274057,2.222
태국,울산광역시,202505,269160,2.344
태국,울산광역시,202506,298481,2.126
태국,울산광역시,202507,386997,1.685
태국,울산광역시,202508,321701,1.635
태국,울산광역시,202509,290923,1.574
태국,울산광역시,202510,309567,1.493
태국,울산광역시,202511,293819,1.740
태국,울산광역시,202512,288304,1.703
태국,울산광역시,202601,253417,1.943
태국,울산광역시,202602,227757,1.743
태국,울산광역시,202603,256259,1.950
태국,울산광역시,202604,279626,1.865
태국,울산광역시,202605,318676,1.570
태국,울산광역시,202606,352613,1.475
태국,울산광역시,202607,319295,1.433
태국,인천광역시,202001,1104957,2.467
태국,인천광역시,202002,504420,4.757
태국,인천광역시,202003,13738,2.293
태국,인천광역시,202004,19210,0.677
태국,인천광역시,202005,21719,0.355
태국,인천광역시,202006,23079,0.555
태국,인천광역시,202007,21199,0.505
태국,인천광역시,202008,24421,0.491
태국,인천광역시,202009,23900,0.356
태국,인천광역시,202010,25120,0.267
태국,인천광역시,202011,24959,0.220
태국,인천광역시,202012,25664,0.230
태국,인천광역시,202101,37926,0.630
태국,인천광역시,202102,40885,0.357
태국,인천광역시,202103,54782,0.352
태국,인천광역시,202104,51740,0.431
태국,인천광역시,202105,50501,0.558
태국,인천광역시,202106,51735,0.760
태국,인천광역시,202107,53717,0.514
태국,인천광역시,202108,71190,0.344
태국,인천광역시,202109,68911,0.488
태국,인천광역시,202110,74203,0.496
태국,인천광역시,202111,62481,0.639
태국,인천광역시,202112,60462,0.547
태국,인천광역시,202201,54901,0.765
태국,인천광역시,202202,66338,0.858
태국,인천광역시,202203,65677,0.894
태국,인천광역시,202204,82113,1.836
태국,인천광역시,202205,109639,3.554
태국,인천광역시,202206,136670,5.751
태국,인천광역시,202207,168803,4.742
태국,인천광역시,202208,205777,2.878
태국,인천광역시,202209,227248,3.725
태국,인천광역시,202210,330994,7.262
태국,인천광역시,202211,318809,5.847
태국,인천광역시,202212,381041,6.653
태국,인천광역시,202301,607696,5.495
태국,인천광역시,202302,623221,5.468
태국,인천광역시,202303,643395,5.617
태국,인천광역시,202304,1413132,6.531
태국,인천광역시,202305,1443371,3.935
태국,인천광역시,202306,1479448,2.561
태국,인천광역시,202307,1548546,1.873
태국,인천광역시,202308,1724891,1.554
태국,인천광역시,202309,1730353,1.939
태국,인천광역시,202310,1941428,3.674
태국,인천광역시,202311,1725543,2.807
태국,인천광역시,202312,1622928,2.967
태국,인천광역시,202401,1471401,2.103
태국,인천광역시,202402,1486281,1.830
태국,인천광역시,202403,2061225,1.935
태국,인천광역시,202404,2067985,2.984
태국,인천광역시,202405,1803020,1.974
태국,인천광역시,202406,1771322,1.383
태국,인천광역시,202407,1807796,1.113
태국,인천광역시,202408,1876672,0.975
태국,인천광역시,202409,1837555,1.168
태국,인천광역시,202410,2194857,1.538
태국,인천광역시,202411,1775065,1.520
태국,인천광역시,202412,1655611,2.272
태국,인천광역시,202501,1402159,2.040
태국,인천광역시,202502,1334863,2.010
태국,인천광역시,202503,1933621,1.496
태국,인천광역시,202504,2217972,1.969
태국,인천광역시,202505,2133133,1.733
태국,인천광역시,202506,2147523,1.430
태국,인천광역시,202507,2807118,1.359
태국,인천광역시,202508,2169473,1.123
태국,인천광역시,202509,2083656,1.070
태국,인천광역시,202510,2319960,1.810
태국,인천광역시,202511,2275186,1.786
태국,인천광역시,202512,2012194,2.577
태국,인천광역시,202601,1766196,1.948
태국,인천광역시,202602,1793377,1.499
태국,인천광역시,202603,2126711,1.783
태국,인천광역시,202604,2743493,2.361
태국,인천광역시,202605,2795101,1.541
태국,인천광역시,202606,2748819,1.316
태국,인천광역시,202607,3681039,1.319
태국,전라남도,202001,206533,11.497
태국,전라남도,202002,118387,20.837
태국,전라남도,202003,9478,9.443
태국,전라남도,202004,13164,2.833
태국,전라남도,202005,13668,1.522
태국,전라남도,202006,15414,1.901
태국,전라남도,202007,7407,1.755
태국,전라남도,202008,8253,1.890
태국,전라남도,202009,7502,1.466
태국,전라남도,202010,7050,1.291
태국,전라남도,202011,7220,1.260
태국,전라남도,202012,7472,1.312
태국,전라남도,202101,29810,1.905
태국,전라남도,202102,29728,1.043
태국,전라남도,202103,38926,0.981
태국,전라남도,202104,34586,1.107
태국,전라남도,202105,35106,1.367
태국,전라남도,202106,35767,1.921
태국,전라남도,202107,38061,1.406
태국,전라남도,202108,39082,1.167
태국,전라남도,202109,35865,1.726
태국,전라남도,202110,40792,1.665
태국,전라남도,202111,43425,1.568
태국,전라남도,202112,46058,1.407
태국,전라남도,202201,37636,2.718
태국,전라남도,202202,39888,3.319
태국,전라남도,202203,40524,3.139
태국,전라남도,202204,45239,6.311
태국,전라남도,202205,59157,10.961
태국,전라남도,202206,70438,16.241
태국,전라남도,202207,87552,14.374
태국,전라남도,202208,97152,10.673
태국,전라남도,202209,100954,14.276
태국,전라남도,202210,136102,20.888
태국,전라남도,202211,126290,21.368
태국,전라남도,202212,145464,26.900
태국,전라남도,202301,225096,15.472
태국,전라남도,202302,242351,16.168
태국,전라남도,202303,196691,14.747
태국,전라남도,202304,354446,12.769
태국,전라남도,202305,345558,8.673
태국,전라남도,202306,349573,7.426
태국,전라남도,202307,432784,5.239
태국,전라남도,202308,440342,4.814
태국,전라남도,202309,408295,5.334
태국,전라남도,202310,537949,5.475
태국,전라남도,202311,505700,4.489
태국,전라남도,202312,646436,4.045
태국,전라남도,202401,570830,4.260
태국,전라남도,202402,489895,4.327
태국,전라남도,202403,565116,4.373
태국,전라남도,202404,581211,4.437
태국,전라남도,202405,617892,3.594
태국,전라남도,202406,659947,2.546
태국,전라남도,202407,706549,2.210
태국,전라남도,202408,589488,2.958
태국,전라남도,202409,566355,3.154
태국,전라남도,202410,620151,2.647
태국,전라남도,202411,541757,3.239
태국,전라남도,202412,580886,3.837
태국,전라남도,202501,520831,3.829
태국,전라남도,202502,423828,4.608
태국,전라남도,202503,557197,3.387
태국,전라남도,202504,656172,2.811
태국,전라남도,202505,722592,2.683
태국,전라남도,202506,715249,2.475
태국,전라남도,202507,833703,2.415
태국,전라남도,202508,698671,2.258
태국,전라남도,202509,645535,1.921
태국,전라남도,202510,596081,2.116
태국,전라남도,202511,617900,2.316
태국,전라남도,202512,649214,2.716
태국,전라남도,202601,569429,2.942
태국,전라남도,202602,510940,2.743
태국,전라남도,202603,522430,2.461
태국,전라남도,202604,652673,2.552
태국,전라남도,202605,902969,1.909
태국,전라남도,202606,787154,2.052
태국,전북특별자치도,202001,98766,9.852
태국,전북특별자치도,202002,58273,17.169
태국,전북특별자치도,202003,3887,9.622
태국,전북특별자치도,202004,6842,2.572
태국,전북특별자치도,202005,6286,1.623
태국,전북특별자치도,202006,7793,2.130
태국,전북특별자치도,202007,4795,1.668
태국,전북특별자치도,202008,5801,1.810
태국,전북특별자치도,202009,5825,1.167
태국,전북특별자치도,202010,4915,1.160
태국,전북특별자치도,202011,4935,1.135
태국,전북특별자치도,202012,4498,1.112
태국,전북특별자치도,202101,10922,2.042
태국,전북특별자치도,202102,11941,1.055
태국,전북특별자치도,202103,16275,1.020
태국,전북특별자치도,202104,14022,1.205
태국,전북특별자치도,202105,14047,1.588
태국,전북특별자치도,202106,13424,2.406
태국,전북특별자치도,202107,13868,1.788
태국,전북특별자치도,202108,17069,1.224
태국,전북특별자치도,202109,16832,1.687
태국,전북특별자치도,202110,18219,1.729
태국,전북특별자치도,202111,16553,1.837
태국,전북특별자치도,202112,17771,1.587
태국,전북특별자치도,202201,16648,2.661
태국,전북특별자치도,202202,20767,2.865
태국,전북특별자치도,202203,21502,2.846
태국,전북특별자치도,202204,25815,5.752
태국,전북특별자치도,202205,33315,10.293
태국,전북특별자치도,202206,42168,15.493
태국,전북특별자치도,202207,51233,14.264
태국,전북특별자치도,202208,55416,9.014
태국,전북특별자치도,202209,59710,10.807
태국,전북특별자치도,202210,79297,16.175
태국,전북특별자치도,202211,70737,16.143
태국,전북특별자치도,202212,75806,21.279
태국,전북특별자치도,202301,84867,12.977
태국,전북특별자치도,202302,106214,12.666
태국,전북특별자치도,202303,93633,12.409
태국,전북특별자치도,202304,191901,10.247
태국,전북특별자치도,202305,191751,6.405
태국,전북특별자치도,202306,166688,6.332
태국,전북특별자치도,202307,212839,4.589
태국,전북특별자치도,202308,408861,2.476
태국,전북특별자치도,202309,208191,4.565
태국,전북특별자치도,202310,237946,4.457
태국,전북특별자치도,202311,205121,4.066
태국,전북특별자치도,202312,179196,5.197
태국,전북특별자치도,202401,156615,4.595
태국,전북특별자치도,202402,147933,4.519
태국,전북특별자치도,202403,195923,3.729
태국,전북특별자치도,202404,221306,4.027
태국,전북특별자치도,202405,224342,3.496
태국,전북특별자치도,202406,188612,3.046
태국,전북특별자치도,202407,215712,2.782
태국,전북특별자치도,202408,187996,3.282
태국,전북특별자치도,202409,195250,3.219
태국,전북특별자치도,202410,232580,2.717
태국,전북특별자치도,202411,205404,3.003
태국,전북특별자치도,202412,174337,4.901
태국,전북특별자치도,202501,147432,5.489
태국,전북특별자치도,202502,133767,6.286
태국,전북특별자치도,202503,209875,3.956
태국,전북특별자치도,202504,276612,3.065
태국,전북특별자치도,202505,292129,3.190
태국,전북특별자치도,202506,267107,3.008
태국,전북특별자치도,202507,272860,2.959
태국,전북특별자치도,202508,220621,3.014
태국,전북특별자치도,202509,228688,2.266
태국,전북특별자치도,202510,247189,2.041
태국,전북특별자치도,202511,226841,2.305
태국,전북특별자치도,202512,195872,3.013
태국,전북특별자치도,202601,178150,2.686
태국,전북특별자치도,202602,195640,2.205
태국,전북특별자치도,202603,248557,1.993
태국,전북특별자치도,202604,352029,2.339
태국,전북특별자치도,202605,441879,1.835
태국,전북특별자치도,202606,367097,2.129
태국,전북특별자치도,202607,368859,1.915
태국,제주특별자치도,202001,484742,1.329
태국,제주특별자치도,202002,128605,4.430
태국,제주특별자치도,202003,6049,1.190
태국,제주특별자치도,202004,7296,0.439
태국,제주특별자치도,202005,8268,0.278
태국,제주특별자치도,202006,10173,0.374
태국,제주특별자치도,202007,7377,0.122
태국,제주특별자치도,202008,10260,0.127
태국,제주특별자치도,202009,9204,0.076
태국,제주특별자치도,202010,7518,0.120
태국,제주특별자치도,202011,6786,0.059
태국,제주특별자치도,202012,6246,0.064
태국,제주특별자치도,202101,14504,0.545
태국,제주특별자치도,202102,16966,0.271
태국,제주특별자치도,202103,25540,0.262
태국,제주특별자치도,202104,21347,0.319
태국,제주특별자치도,202105,20932,0.406
태국,제주특별자치도,202106,19738,0.588
태국,제주특별자치도,202107,20472,0.484
태국,제주특별자치도,202108,23199,0.358
태국,제주특별자치도,202109,21944,0.478
태국,제주특별자치도,202110,21003,0.533
태국,제주특별자치도,202111,21537,0.562
태국,제주특별자치도,202112,22724,0.506
태국,제주특별자치도,202201,18177,0.638
태국,제주특별자치도,202202,24328,0.674
태국,제주특별자치도,202203,23942,0.652
태국,제주특별자치도,202204,24466,1.488
태국,제주특별자치도,202205,32562,2.715
태국,제주특별자치도,202206,38551,3.873
태국,제주특별자치도,202207,47658,3.217
태국,제주특별자치도,202208,64017,3.715
태국,제주특별자치도,202209,66077,4.386
태국,제주특별자치도,202210,91384,7.280
태국,제주특별자치도,202211,92831,7.551
태국,제주특별자치도,202212,117341,8.328
태국,제주특별자치도,202301,138180,7.647
태국,제주특별자치도,202302,146752,6.696
태국,제주특별자치도,202303,169413,5.402
태국,제주특별자치도,202304,400863,3.527
태국,제주특별자치도,202305,475539,1.479
태국,제주특별자치도,202306,550453,1.424
태국,제주특별자치도,202307,654311,1.083
태국,제주특별자치도,202308,786252,0.927
태국,제주특별자치도,202309,707211,0.988
태국,제주특별자치도,202310,732072,1.442
태국,제주특별자치도,202311,606062,1.130
태국,제주특별자치도,202312,692289,1.093
태국,제주특별자치도,202401,748186,0.998
태국,제주특별자치도,202402,786234,0.752
태국,제주특별자치도,202403,940890,0.912
태국,제주특별자치도,202404,1036234,1.078
태국,제주특별자치도,202405,1054502,0.914
태국,제주특별자치도,202406,1061993,0.664
태국,제주특별자치도,202407,1055550,0.532
태국,제주특별자치도,202408,1246998,0.470
태국,제주특별자치도,202409,1044873,0.532
태국,제주특별자치도,202410,1156086,0.527
태국,제주특별자치도,202411,754073,0.759
태국,제주특별자치도,202412,695703,1.071
태국,제주특별자치도,202501,738896,0.863
태국,제주특별자치도,202502,768969,0.746
태국,제주특별자치도,202503,920572,0.590
태국,제주특별자치도,202504,1156869,0.645
태국,제주특별자치도,202505,1431659,0.504
태국,제주특별자치도,202506,1367357,0.695
태국,제주특별자치도,202507,1857932,0.724
태국,제주특별자치도,202508,1625049,0.599
태국,제주특별자치도,202509,1360103,0.584
태국,제주특별자치도,202510,1333676,0.604
태국,제주특별자치도,202511,1011727,0.852
태국,제주특별자치도,202512,919311,1.207
태국,제주특별자치도,202601,916323,1.144
태국,제주특별자치도,202602,1090067,0.866
태국,제주특별자치도,202603,1208292,0.575
태국,제주특별자치도,202604,1559270,0.699
태국,제주특별자치도,202605,1773782,0.493
태국,제주특별자치도,202606,1654000,0.535
태국,제주특별자치도,202607,1739035,0.420
태국,충청남도,202001,171882,8.904
태국,충청남도,202002,107226,14.073
태국,충청남도,202003,6867,7.893
태국,충청남도,202004,10545,2.314
태국,충청남도,202005,9629,1.454
태국,충청남도,202006,12676,1.822
태국,충청남도,202007,8001,1.937
태국,충청남도,202008,9617,1.955
태국,충청남도,202009,9265,1.414
태국,충청남도,202010,8232,1.543
태국,충청남도,202011,8123,1.231
태국,충청남도,202012,7811,1.319
태국,충청남도,202101,17262,1.964
태국,충청남도,202102,19598,1.005
태국,충청남도,202103,25082,1.009
태국,충청남도,202104,23373,1.112
태국,충청남도,202105,23708,1.383
태국,충청남도,202106,23317,2.063
태국,충청남도,202107,24848,1.537
태국,충청남도,202108,30019,1.069
태국,충청남도,202109,27782,1.526
태국,충청남도,202110,29191,1.596
태국,충청남도,202111,27175,1.707
태국,충청남도,202112,26761,1.588
태국,충청남도,202201,28268,2.459
태국,충청남도,202202,35206,2.571
태국,충청남도,202203,35449,2.629
태국,충청남도,202204,41497,5.150
태국,충청남도,202205,55110,8.859
태국,충청남도,202206,71541,12.642
태국,충청남도,202207,85510,11.566
태국,충청남도,202208,98677,7.028
태국,충청남도,202209,100736,8.175
태국,충청남도,202210,129873,14.735
태국,충청남도,202211,118814,14.253
태국,충청남도,202212,123626,18.446
태국,충청남도,202301,149010,10.846
태국,충청남도,202302,162331,10.426
태국,충청남도,202303,143135,10.860
태국,충청남도,202304,297568,8.106
태국,충청남도,202305,299132,5.570
태국,충청남도,202306,283455,4.880
태국,충청남도,202307,317054,3.803
태국,충청남도,202308,414576,2.648
태국,충청남도,202309,346885,3.700
태국,충청남도,202310,372177,4.590
태국,충청남도,202311,312851,4.272
태국,충청남도,202312,306279,4.504
태국,충청남도,202401,271955,3.712
태국,충청남도,202402,279426,3.280
태국,충청남도,202403,366497,3.004
태국,충청남도,202404,364603,3.404
태국,충청남도,202405,358501,3.041
태국,충청남도,202406,312183,2.608
태국,충청남도,202407,341064,2.402
태국,충청남도,202408,348213,2.325
태국,충청남도,202409,350375,2.097
태국,충청남도,202410,385943,1.961
태국,충청남도,202411,318503,2.337
태국,충청남도,202412,294281,3.504
태국,충청남도,202501,257248,3.556
태국,충청남도,202502,244164,3.949
태국,충청남도,202503,361085,2.790
태국,충청남도,202504,418540,2.799
태국,충청남도,202505,411090,3.072
태국,충청남도,202506,378634,2.942
태국,충청남도,202507,440996,2.688
태국,충청남도,202508,399117,2.406
태국,충청남도,202509,412340,1.723
태국,충청남도,202510,433448,1.879
태국,충청남도,202511,379444,2.529
태국,충청남도,202512,353410,3.214
태국,충청남도,202601,324436,2.927
태국,충청남도,202602,294175,2.827
태국,충청남도,202603,376051,2.122
태국,충청남도,202604,493530,2.356
태국,충청남도,202605,576864,2.089
태국,충청남도,202606,529348,1.859
태국,충청남도,202607,523758,1.645
태국,충청북도,202001,112377,8.423
태국,충청북도,202002,72810,12.625
태국,충청북도,202003,4559,7.743
태국,충청북도,202004,6805,2.410
태국,충청북도,202005,5945,1.615
태국,충청북도,202006,7770,2.124
태국,충청북도,202007,4503,2.398
태국,충청북도,202008,5651,2.690
태국,충청북도,202009,5333,1.819
태국,충청북도,202010,4496,1.757
태국,충청북도,202011,4258,1.714
태국,충청북도,202012,4026,1.540
태국,충청북도,202101,10181,2.053
태국,충청북도,202102,10982,1.111
태국,충청북도,202103,15351,1.062
태국,충청북도,202104,14150,1.159
태국,충청북도,202105,15186,1.350
태국,충청북도,202106,16765,1.813
태국,충청북도,202107,18880,1.329
태국,충청북도,202108,23115,0.956
태국,충청북도,202109,23474,1.193
태국,충청북도,202110,27262,1.137
태국,충청북도,202111,18273,1.598
태국,충청북도,202112,18181,1.529
태국,충청북도,202201,18806,2.425
태국,충청북도,202202,23134,2.728
태국,충청북도,202203,20614,3.163
태국,충청북도,202204,29763,5.070
태국,충청북도,202205,39279,9.193
태국,충청북도,202206,55534,12.981
태국,충청북도,202207,66244,11.778
태국,충청북도,202208,74788,6.683
태국,충청북도,202209,73677,8.240
태국,충청북도,202210,94593,14.149
태국,충청북도,202211,87406,13.917
태국,충청북도,202212,91862,17.256
태국,충청북도,202301,83605,11.143
태국,충청북도,202302,94841,12.644
태국,충청북도,202303,92177,11.344
태국,충청북도,202304,197449,7.935
태국,충청북도,202305,204806,5.412
태국,충청북도,202306,197842,4.165
태국,충청북도,202307,207965,3.616
태국,충청북도,202308,246031,2.738
태국,충청북도,202309,229018,3.714
태국,충청북도,202310,228670,4.680
태국,충청북도,202311,191221,4.365
태국,충청북도,202312,174601,4.556
태국,충청북도,202401,167867,3.382
태국,충청북도,202402,174352,2.802
태국,충청북도,202403,206775,3.146
태국,충청북도,202404,233049,3.385
태국,충청북도,202405,251793,2.434
태국,충청북도,202406,222080,2.187
태국,충청북도,202407,236830,2.215
태국,충청북도,202408,232127,2.434
태국,충청북도,202409,254701,2.442
태국,충청북도,202410,286212,2.321
태국,충청북도,202411,226831,2.860
태국,충청북도,202412,176694,3.918
태국,충청북도,202501,158778,3.641
태국,충청북도,202502,144275,4.184
태국,충청북도,202503,224059,2.707
태국,충청북도,202504,272700,2.659
태국,충청북도,202505,280761,2.743
태국,충청북도,202506,253224,3.020
태국,충청북도,202507,343138,2.278
태국,충청북도,202508,258732,2.317
태국,충청북도,202509,286119,1.804
태국,충청북도,202510,312609,1.998
태국,충청북도,202511,265796,2.357
태국,충청북도,202512,199446,2.981
태국,충청북도,202601,169368,3.334
태국,충청북도,202602,160373,3.372
태국,충청북도,202603,245930,2.402
태국,충청북도,202604,333594,2.245
태국,충청북도,202605,397317,1.964
태국,충청북도,202606,336577,2.221
태국,충청북도,202607,318730,2.450
홍콩,강원특별자치도,202001,155793,6.489
홍콩,강원특별자치도,202002,78089,3.995
홍콩,강원특별자치도,202003,3030,0.099
홍콩,강원특별자치도,202004,4840,0.021
홍콩,강원특별자치도,202005,4483,0.000
홍콩,강원특별자치도,202006,6347,0.032
홍콩,강원특별자치도,202007,4340,0.092
홍콩,강원특별자치도,202008,5165,0.194
홍콩,강원특별자치도,202009,4824,0.187
홍콩,강원특별자치도,202010,4489,0.089
홍콩,강원특별자치도,202011,4084,0.098
홍콩,강원특별자치도,202012,3549,0.113
홍콩,강원특별자치도,202101,7048,0.057
홍콩,강원특별자치도,202102,7889,0.139
홍콩,강원특별자치도,202103,9690,0.072
홍콩,강원특별자치도,202104,8484,0.035
홍콩,강원특별자치도,202105,9432,0.074
홍콩,강원특별자치도,202106,9403,0.064
홍콩,강원특별자치도,202107,11156,0.072
홍콩,강원특별자치도,202108,13493,0.133
홍콩,강원특별자치도,202109,11693,0.077
홍콩,강원특별자치도,202110,12725,0.079
홍콩,강원특별자치도,202111,10433,0.086
홍콩,강원특별자치도,202112,11036,0.082
홍콩,강원특별자치도,202201,12081,0.058
홍콩,강원특별자치도,202202,14742,0.183
홍콩,강원특별자치도,202203,14171,0.071
홍콩,강원특별자치도,202204,19600,0.051
홍콩,강원특별자치도,202205,31620,0.079
홍콩,강원특별자치도,202206,46109,0.139
홍콩,강원특별자치도,202207,57331,0.244
홍콩,강원특별자치도,202208,62000,0.363
홍콩,강원특별자치도,202209,58761,0.449
홍콩,강원특별자치도,202210,85157,1.759
홍콩,강원특별자치도,202211,63081,2.029
홍콩,강원특별자치도,202212,114406,4.323
홍콩,강원특별자치도,202301,131525,9.329
홍콩,강원특별자치도,202302,115731,3.548
홍콩,강원특별자치도,202303,98048,3.822
홍콩,강원특별자치도,202304,247608,4.683
홍콩,강원특별자치도,202305,235564,2.771
홍콩,강원특별자치도,202306,243846,2.978
홍콩,강원특별자치도,202307,266403,3.935
홍콩,강원특별자치도,202308,251695,4.310
홍콩,강원특별자치도,202309,230999,2.829
홍콩,강원특별자치도,202310,293984,4.742
홍콩,강원특별자치도,202311,216274,4.979
홍콩,강원특별자치도,202312,306455,7.760
홍콩,강원특별자치도,202401,287002,4.993
홍콩,강원특별자치도,202402,253974,8.276
홍콩,강원특별자치도,202403,207427,4.556
홍콩,강원특별자치도,202404,287107,3.346
홍콩,강원특별자치도,202405,296436,3.143
홍콩,강원특별자치도,202406,308225,4.468
홍콩,강원특별자치도,202407,275199,4.932
홍콩,강원특별자치도,202408,228890,6.864
홍콩,강원특별자치도,202409,220304,4.724
홍콩,강원특별자치도,202410,295920,5.630
홍콩,강원특별자치도,202411,220541,4.300
홍콩,강원특별자치도,202412,299826,7.564
홍콩,강원특별자치도,202501,248888,7.580
홍콩,강원특별자치도,202502,197800,7.643
홍콩,강원특별자치도,202503,187417,4.715
홍콩,강원특별자치도,202504,328146,2.775
홍콩,강원특별자치도,202505,330275,1.732
홍콩,강원특별자치도,202506,335323,1.975
홍콩,강원특별자치도,202507,353097,1.897
홍콩,강원특별자치도,202508,260102,2.922
홍콩,강원특별자치도,202509,227229,3.167
홍콩,강원특별자치도,202510,313881,3.499
홍콩,강원특별자치도,202511,252131,2.682
홍콩,강원특별자치도,202512,327455,3.895
홍콩,강원특별자치도,202601,259470,4.206
홍콩,강원특별자치도,202602,244677,7.597
홍콩,강원특별자치도,202603,198163,3.624
홍콩,강원특별자치도,202604,353169,3.387
홍콩,강원특별자치도,202605,439507,2.096
홍콩,강원특별자치도,202606,423311,1.784
홍콩,강원특별자치도,202607,387378,2.248
홍콩,경기도,202001,1186960,1.482
홍콩,경기도,202002,698133,1.180
홍콩,경기도,202003,38101,0.118
홍콩,경기도,202004,57412,0.040
홍콩,경기도,202005,60076,0.022
홍콩,경기도,202006,80177,0.069
홍콩,경기도,202007,63900,0.117
홍콩,경기도,202008,73885,0.212
홍콩,경기도,202009,67944,0.163
홍콩,경기도,202010,66893,0.088
홍콩,경기도,202011,61667,0.144
홍콩,경기도,202012,61056,0.111
홍콩,경기도,202101,94326,0.040
홍콩,경기도,202102,112019,0.078
홍콩,경기도,202103,151418,0.043
홍콩,경기도,202104,127645,0.022
홍콩,경기도,202105,129346,0.051
홍콩,경기도,202106,129278,0.041
홍콩,경기도,202107,144504,0.046
홍콩,경기도,202108,178298,0.072
홍콩,경기도,202109,166682,0.041
홍콩,경기도,202110,179131,0.041
홍콩,경기도,202111,151996,0.057
홍콩,경기도,202112,160126,0.051
홍콩,경기도,202201,154578,0.040
홍콩,경기도,202202,191294,0.106
홍콩,경기도,202203,179935,0.073
홍콩,경기도,202204,230009,0.056
홍콩,경기도,202205,281426,0.108
홍콩,경기도,202206,350319,0.187
홍콩,경기도,202207,442358,0.303
홍콩,경기도,202208,524231,0.402
홍콩,경기도,202209,519190,0.582
홍콩,경기도,202210,666851,1.338
홍콩,경기도,202211,608397,1.587
홍콩,경기도,202212,677237,2.359
홍콩,경기도,202301,769541,3.366
홍콩,경기도,202302,835648,1.767
홍콩,경기도,202303,756122,1.907
홍콩,경기도,202304,1651725,2.020
홍콩,경기도,202305,1735766,1.574
홍콩,경기도,202306,1703653,1.869
홍콩,경기도,202307,1942698,2.184
홍콩,경기도,202308,2079004,2.188
홍콩,경기도,202309,1870653,1.649
홍콩,경기도,202310,2056797,2.185
홍콩,경기도,202311,1793458,2.209
홍콩,경기도,202312,1831102,2.382
홍콩,경기도,202401,1656372,1.778
홍콩,경기도,202402,1756810,2.246
홍콩,경기도,202403,1961716,2.338
홍콩,경기도,202404,2001641,2.278
홍콩,경기도,202405,1795678,2.528
홍콩,경기도,202406,1754705,3.840
홍콩,경기도,202407,1965233,3.895
홍콩,경기도,202408,1919811,4.632
홍콩,경기도,202409,1772276,3.415
홍콩,경기도,202410,2124524,3.593
홍콩,경기도,202411,1788336,2.681
홍콩,경기도,202412,1733753,3.464
홍콩,경기도,202501,1586582,3.369
홍콩,경기도,202502,1421927,3.896
홍콩,경기도,202503,1821606,3.287
홍콩,경기도,202504,2143703,2.328
홍콩,경기도,202505,2138585,1.829
홍콩,경기도,202506,2170206,2.349
홍콩,경기도,202507,2650507,2.179
홍콩,경기도,202508,2195498,2.551
홍콩,경기도,202509,2009029,2.739
홍콩,경기도,202510,2218810,2.810
홍콩,경기도,202511,2042504,2.148
홍콩,경기도,202512,1981461,2.444
홍콩,경기도,202601,1735517,2.656
홍콩,경기도,202602,1636248,4.502
홍콩,경기도,202603,1871783,2.759
홍콩,경기도,202604,2575604,2.947
홍콩,경기도,202605,2673038,2.274
홍콩,경기도,202606,2470334,2.346
홍콩,경기도,202607,2660282,2.465
홍콩,경상남도,202001,229828,1.523
홍콩,경상남도,202002,160272,1.136
홍콩,경상남도,202003,10530,0.161
홍콩,경상남도,202004,14912,0.060
홍콩,경상남도,202005,15901,0.044
홍콩,경상남도,202006,20338,0.123
홍콩,경상남도,202007,8899,0.045
홍콩,경상남도,202008,11601,0.086
홍콩,경상남도,202009,9698,0.082
홍콩,경상남도,202010,9518,0.053
홍콩,경상남도,202011,9271,0.086
홍콩,경상남도,202012,9362,0.085
홍콩,경상남도,202101,31573,0.073
홍콩,경상남도,202102,31740,0.158
홍콩,경상남도,202103,41659,0.089
홍콩,경상남도,202104,37731,0.040
홍콩,경상남도,202105,38892,0.100
홍콩,경상남도,202106,39677,0.081
홍콩,경상남도,202107,42054,0.090
홍콩,경상남도,202108,50392,0.147
홍콩,경상남도,202109,44608,0.099
홍콩,경상남도,202110,50685,0.095
홍콩,경상남도,202111,49054,0.098
홍콩,경상남도,202112,50150,0.094
홍콩,경상남도,202201,47488,0.078
홍콩,경상남도,202202,54176,0.244
홍콩,경상남도,202203,52235,0.119
홍콩,경상남도,202204,60265,0.085
홍콩,경상남도,202205,76198,0.136
홍콩,경상남도,202206,93418,0.216
홍콩,경상남도,202207,112767,0.327
홍콩,경상남도,202208,132460,0.418
홍콩,경상남도,202209,133139,0.641
홍콩,경상남도,202210,180430,1.119
홍콩,경상남도,202211,165526,1.278
홍콩,경상남도,202212,177807,1.719
홍콩,경상남도,202301,266632,2.059
홍콩,경상남도,202302,299173,1.154
홍콩,경상남도,202303,258971,1.443
홍콩,경상남도,202304,499585,1.294
홍콩,경상남도,202305,479465,1.059
홍콩,경상남도,202306,480667,1.064
홍콩,경상남도,202307,568050,1.095
홍콩,경상남도,202308,598212,1.095
홍콩,경상남도,202309,568259,0.971
홍콩,경상남도,202310,627613,1.012
홍콩,경상남도,202311,576432,1.026
홍콩,경상남도,202312,527773,1.105
홍콩,경상남도,202401,534978,0.948
홍콩,경상남도,202402,531251,1.217
홍콩,경상남도,202403,657722,1.506
홍콩,경상남도,202404,707812,1.193
홍콩,경상남도,202405,680238,1.488
홍콩,경상남도,202406,647138,2.217
홍콩,경상남도,202407,617836,2.209
홍콩,경상남도,202408,604979,2.769
홍콩,경상남도,202409,622139,2.178
홍콩,경상남도,202410,719288,2.184
홍콩,경상남도,202411,678699,1.654
홍콩,경상남도,202412,698452,1.744
홍콩,경상남도,202501,591775,2.032
홍콩,경상남도,202502,517737,2.576
홍콩,경상남도,202503,663354,2.425
홍콩,경상남도,202504,713677,1.713
홍콩,경상남도,202505,740264,1.332
홍콩,경상남도,202506,696323,1.685
홍콩,경상남도,202507,852885,1.726
홍콩,경상남도,202508,742188,2.170
홍콩,경상남도,202509,717011,2.236
홍콩,경상남도,202510,879966,2.022
홍콩,경상남도,202511,831001,1.482
홍콩,경상남도,202512,863296,1.442
홍콩,경상남도,202601,759430,1.709
홍콩,경상남도,202602,642752,3.154
홍콩,경상남도,202603,727830,2.088
홍콩,경상남도,202604,870753,2.328
홍콩,경상남도,202605,1045152,1.929
홍콩,경상남도,202606,1006286,2.020
홍콩,경상남도,202607,969001,2.156
홍콩,경상북도,202001,153689,1.124
홍콩,경상북도,202002,100975,0.776
홍콩,경상북도,202003,6277,0.096
홍콩,경상북도,202004,11302,0.027
홍콩,경상북도,202005,14418,0.021
홍콩,경상북도,202006,19446,0.082
홍콩,경상북도,202007,6396,0.078
홍콩,경상북도,202008,7684,0.078
홍콩,경상북도,202009,6789,0.088
홍콩,경상북도,202010,6854,0.044
홍콩,경상북도,202011,6217,0.048
홍콩,경상북도,202012,6053,0.050
홍콩,경상북도,202101,23907,0.038
홍콩,경상북도,202102,20394,0.103
홍콩,경상북도,202103,25837,0.070
홍콩,경상북도,202104,28364,0.025
홍콩,경상북도,202105,32597,0.061
홍콩,경상북도,202106,34002,0.044
홍콩,경상북도,202107,34921,0.052
홍콩,경상북도,202108,35389,0.119
홍콩,경상북도,202109,28372,0.081
홍콩,경상북도,202110,31630,0.082
홍콩,경상북도,202111,35948,0.061
홍콩,경상북도,202112,29582,0.074
홍콩,경상북도,202201,26011,0.050
홍콩,경상북도,202202,32911,0.164
홍콩,경상북도,202203,37284,0.089
홍콩,경상북도,202204,41305,0.073
홍콩,경상북도,202205,62523,0.112
홍콩,경상북도,202206,68367,0.216
홍콩,경상북도,202207,80137,0.319
홍콩,경상북도,202208,97654,0.468
홍콩,경상북도,202209,101145,0.581
홍콩,경상북도,202210,135673,1.212
홍콩,경상북도,202211,116505,1.430
홍콩,경상북도,202212,120686,1.907
홍콩,경상북도,202301,145193,1.592
홍콩,경상북도,202302,181829,0.828
홍콩,경상북도,202303,176727,1.046
홍콩,경상북도,202304,361534,1.149
홍콩,경상북도,202305,365247,0.893
홍콩,경상북도,202306,336401,1.049
홍콩,경상북도,202307,343595,1.295
홍콩,경상북도,202308,383607,1.218
홍콩,경상북도,202309,374828,1.052
홍콩,경상북도,202310,402739,1.300
홍콩,경상북도,202311,310427,1.340
홍콩,경상북도,202312,268951,1.253
홍콩,경상북도,202401,253337,1.053
홍콩,경상북도,202402,271708,1.244
홍콩,경상북도,202403,353806,1.560
홍콩,경상북도,202404,406161,1.367
홍콩,경상북도,202405,419179,1.764
홍콩,경상북도,202406,385484,2.722
홍콩,경상북도,202407,380022,2.954
홍콩,경상북도,202408,422357,3.353
홍콩,경상북도,202409,438366,2.655
홍콩,경상북도,202410,497061,2.648
홍콩,경상북도,202411,404404,2.033
홍콩,경상북도,202412,312298,2.533
홍콩,경상북도,202501,258877,2.817
홍콩,경상북도,202502,252099,3.129
홍콩,경상북도,202503,438581,2.525
홍콩,경상북도,202504,547013,1.587
홍콩,경상북도,202505,576018,1.336
홍콩,경상북도,202506,498360,1.755
홍콩,경상북도,202507,531200,1.715
홍콩,경상북도,202508,454401,2.220
홍콩,경상북도,202509,493537,2.132
홍콩,경상북도,202510,587371,2.244
홍콩,경상북도,202511,501421,1.657
홍콩,경상북도,202512,367117,1.979
홍콩,경상북도,202601,287788,2.400
홍콩,경상북도,202602,285250,4.317
홍콩,경상북도,202603,438683,2.424
홍콩,경상북도,202604,642715,2.609
홍콩,경상북도,202605,771775,1.876
홍콩,경상북도,202606,634048,1.877
홍콩,경상북도,202607,579873,2.114
홍콩,광주광역시,202001,45864,1.594
홍콩,광주광역시,202002,30402,1.467
홍콩,광주광역시,202003,2054,0.195
홍콩,광주광역시,202004,3174,0.063
홍콩,광주광역시,202005,2923,0.034
홍콩,광주광역시,202006,3830,0.157
홍콩,광주광역시,202007,1940,0.103
홍콩,광주광역시,202008,2127,0.188
홍콩,광주광역시,202009,2253,0.044
홍콩,광주광역시,202010,2060,0.000
홍콩,광주광역시,202011,1900,0.053
홍콩,광주광역시,202012,2003,0.050
홍콩,광주광역시,202101,4534,0.110
홍콩,광주광역시,202102,5334,0.206
홍콩,광주광역시,202103,7164,0.112
홍콩,광주광역시,202104,6298,0.048
홍콩,광주광역시,202105,7691,0.091
홍콩,광주광역시,202106,8592,0.070
홍콩,광주광역시,202107,9151,0.098
홍콩,광주광역시,202108,11850,0.152
홍콩,광주광역시,202109,12836,0.086
홍콩,광주광역시,202110,13674,0.088
홍콩,광주광역시,202111,7103,0.141
홍콩,광주광역시,202112,7141,0.154
홍콩,광주광역시,202201,8080,0.111
홍콩,광주광역시,202202,10521,0.219
홍콩,광주광역시,202203,10334,0.106
홍콩,광주광역시,202204,11813,0.085
홍콩,광주광역시,202205,17515,0.131
홍콩,광주광역시,202206,20898,0.206
홍콩,광주광역시,202207,24034,0.283
홍콩,광주광역시,202208,27134,0.376
홍콩,광주광역시,202209,33371,0.408
홍콩,광주광역시,202210,43609,0.848
홍콩,광주광역시,202211,37846,1.023
홍콩,광주광역시,202212,40218,1.385
홍콩,광주광역시,202301,32188,2.398
홍콩,광주광역시,202302,34525,1.298
홍콩,광주광역시,202303,32521,1.338
홍콩,광주광역시,202304,92137,0.791
홍콩,광주광역시,202305,94713,0.791
홍콩,광주광역시,202306,63591,1.170
홍콩,광주광역시,202307,67064,1.360
홍콩,광주광역시,202308,68796,1.443
홍콩,광주광역시,202309,88903,1.125
홍콩,광주광역시,202310,95946,1.243
홍콩,광주광역시,202311,81172,1.966
홍콩,광주광역시,202312,64910,1.115
홍콩,광주광역시,202401,62043,1.306
홍콩,광주광역시,202402,61068,1.950
홍콩,광주광역시,202403,81981,2.175
홍콩,광주광역시,202404,84081,1.802
홍콩,광주광역시,202405,79208,1.505
홍콩,광주광역시,202406,71039,2.116
홍콩,광주광역시,202407,75009,2.306
홍콩,광주광역시,202408,77371,3.026
홍콩,광주광역시,202409,88588,2.445
홍콩,광주광역시,202410,96937,2.787
홍콩,광주광역시,202411,99602,1.789
홍콩,광주광역시,202412,72754,2.669
홍콩,광주광역시,202501,66077,2.857
홍콩,광주광역시,202502,58162,3.256
홍콩,광주광역시,202503,82516,2.612
홍콩,광주광역시,202504,94289,1.465
홍콩,광주광역시,202505,98363,1.379
홍콩,광주광역시,202506,91525,1.838
홍콩,광주광역시,202507,108483,1.830
홍콩,광주광역시,202508,97993,2.496
홍콩,광주광역시,202509,102792,2.576
홍콩,광주광역시,202510,102192,2.604
홍콩,광주광역시,202511,94820,2.043
홍콩,광주광역시,202512,82041,2.062
홍콩,광주광역시,202601,71412,3.037
홍콩,광주광역시,202602,59494,5.424
홍콩,광주광역시,202603,77628,3.281
홍콩,광주광역시,202604,95519,3.268
홍콩,광주광역시,202605,99479,2.735
홍콩,광주광역시,202606,87498,2.598
홍콩,대구광역시,202001,96875,1.902
홍콩,대구광역시,202002,58553,1.247
홍콩,대구광역시,202003,2473,0.081
홍콩,대구광역시,202004,4702,0.021
홍콩,대구광역시,202005,4515,0.000
홍콩,대구광역시,202006,5875,0.034
홍콩,대구광역시,202007,3446,0.058
홍콩,대구광역시,202008,4459,0.112
홍콩,대구광역시,202009,4022,0.050
홍콩,대구광역시,202010,3929,0.000
홍콩,대구광역시,202011,3916,0.026
홍콩,대구광역시,202012,3620,0.055
홍콩,대구광역시,202101,8032,0.050
홍콩,대구광역시,202102,10852,0.092
홍콩,대구광역시,202103,15706,0.045
홍콩,대구광역시,202104,13350,0.022
홍콩,대구광역시,202105,13579,0.052
홍콩,대구광역시,202106,13815,0.043
홍콩,대구광역시,202107,15819,0.063
홍콩,대구광역시,202108,20169,0.104
홍콩,대구광역시,202109,20633,0.058
홍콩,대구광역시,202110,23217,0.056
홍콩,대구광역시,202111,17181,0.052
홍콩,대구광역시,202112,18044,0.050
홍콩,대구광역시,202201,12465,0.056
홍콩,대구광역시,202202,15677,0.108
홍콩,대구광역시,202203,15486,0.065
홍콩,대구광역시,202204,19853,0.050
홍콩,대구광역시,202205,26000,0.092
홍콩,대구광역시,202206,28520,0.161
홍콩,대구광역시,202207,34814,0.259
홍콩,대구광역시,202208,41668,0.372
홍콩,대구광역시,202209,41654,0.490
홍콩,대구광역시,202210,56802,1.058
홍콩,대구광역시,202211,50074,1.518
홍콩,대구광역시,202212,54345,2.690
홍콩,대구광역시,202301,62959,3.636
홍콩,대구광역시,202302,62043,2.139
홍콩,대구광역시,202303,64119,2.445
홍콩,대구광역시,202304,158119,1.773
홍콩,대구광역시,202305,169586,1.488
홍콩,대구광역시,202306,132786,2.430
홍콩,대구광역시,202307,157629,2.640
홍콩,대구광역시,202308,161765,2.303
홍콩,대구광역시,202309,166561,2.142
홍콩,대구광역시,202310,165400,2.537
홍콩,대구광역시,202311,141208,2.840
홍콩,대구광역시,202312,128303,2.879
홍콩,대구광역시,202401,118060,2.350
홍콩,대구광역시,202402,124580,2.611
홍콩,대구광역시,202403,164731,2.964
홍콩,대구광역시,202404,166075,2.607
홍콩,대구광역시,202405,168834,3.935
홍콩,대구광역시,202406,150714,6.680
홍콩,대구광역시,202407,165796,6.849
홍콩,대구광역시,202408,175484,7.205
홍콩,대구광역시,202409,168701,5.473
홍콩,대구광역시,202410,188108,5.429
홍콩,대구광역시,202411,186804,3.923
홍콩,대구광역시,202412,138202,5.599
홍콩,대구광역시,202501,120952,5.932
홍콩,대구광역시,202502,111056,7.257
홍콩,대구광역시,202503,165480,5.642
홍콩,대구광역시,202504,190951,3.537
홍콩,대구광역시,202505,197946,2.825
홍콩,대구광역시,202506,179766,3.981
홍콩,대구광역시,202507,245848,3.647
홍콩,대구광역시,202508,216590,4.096
홍콩,대구광역시,202509,199376,3.756
홍콩,대구광역시,202510,221794,3.870
홍콩,대구광역시,202511,195336,2.758
홍콩,대구광역시,202512,156868,3.554
홍콩,대구광역시,202601,130944,4.622
홍콩,대구광역시,202602,128051,8.359
홍콩,대구광역시,202603,170979,4.554
홍콩,대구광역시,202604,207721,4.480
홍콩,대구광역시,202605,232199,3.592
홍콩,대구광역시,202606,213740,3.775
홍콩,대구광역시,202607,208150,4.163
홍콩,대전광역시,202001,55829,0.910
홍콩,대전광역시,202002,33322,0.786
홍콩,대전광역시,202003,2006,0.100
홍콩,대전광역시,202004,3472,0.029
홍콩,대전광역시,202005,3338,0.000
홍콩,대전광역시,202006,4264,0.023
홍콩,대전광역시,202007,2766,0.108
홍콩,대전광역시,202008,3767,0.239
홍콩,대전광역시,202009,3324,0.241
홍콩,대전광역시,202010,3093,0.097
홍콩,대전광역시,202011,3041,0.099
홍콩,대전광역시,202012,3234,0.062
홍콩,대전광역시,202101,5592,0.072
홍콩,대전광역시,202102,6981,0.143
홍콩,대전광역시,202103,9338,0.086
홍콩,대전광역시,202104,8824,0.034
홍콩,대전광역시,202105,9713,0.072
홍콩,대전광역시,202106,9517,0.063
홍콩,대전광역시,202107,10584,0.085
홍콩,대전광역시,202108,13853,0.130
홍콩,대전광역시,202109,13467,0.082
홍콩,대전광역시,202110,14958,0.074
홍콩,대전광역시,202111,11429,0.079
홍콩,대전광역시,202112,10639,0.094
홍콩,대전광역시,202201,9379,0.128
홍콩,대전광역시,202202,12673,0.284
홍콩,대전광역시,202203,12345,0.073
홍콩,대전광역시,202204,15328,0.052
홍콩,대전광역시,202205,19624,0.097
홍콩,대전광역시,202206,21468,0.210
홍콩,대전광역시,202207,27251,0.360
홍콩,대전광역시,202208,32616,0.500
홍콩,대전광역시,202209,34772,0.742
홍콩,대전광역시,202210,42951,1.388
홍콩,대전광역시,202211,36308,1.752
홍콩,대전광역시,202212,36559,2.845
홍콩,대전광역시,202301,37073,2.948
홍콩,대전광역시,202302,42482,2.408
홍콩,대전광역시,202303,42757,1.808
홍콩,대전광역시,202304,89222,0.984
홍콩,대전광역시,202305,87903,1.036
홍콩,대전광역시,202306,76238,1.118
홍콩,대전광역시,202307,85176,1.594
홍콩,대전광역시,202308,106395,1.617
홍콩,대전광역시,202309,100328,1.217
홍콩,대전광역시,202310,108179,1.617
홍콩,대전광역시,202311,84013,1.777
홍콩,대전광역시,202312,71494,1.789
홍콩,대전광역시,202401,63118,1.915
홍콩,대전광역시,202402,67771,2.209
홍콩,대전광역시,202403,85696,2.341
홍콩,대전광역시,202404,89221,1.894
홍콩,대전광역시,202405,82010,2.309
홍콩,대전광역시,202406,75133,5.003
홍콩,대전광역시,202407,82746,3.737
홍콩,대전광역시,202408,90416,5.665
홍콩,대전광역시,202409,105940,3.052
홍콩,대전광역시,202410,123485,3.116
홍콩,대전광역시,202411,96250,2.603
홍콩,대전광역시,202412,77758,3.633
홍콩,대전광역시,202501,71154,3.842
홍콩,대전광역시,202502,62757,4.901
홍콩,대전광역시,202503,89856,4.018
홍콩,대전광역시,202504,97016,2.400
홍콩,대전광역시,202505,98224,2.130
홍콩,대전광역시,202506,91412,2.785
홍콩,대전광역시,202507,117277,2.597
홍콩,대전광역시,202508,105273,3.079
홍콩,대전광역시,202509,128692,3.173
홍콩,대전광역시,202510,131806,3.017
홍콩,대전광역시,202511,112409,2.418
홍콩,대전광역시,202512,85503,3.044
홍콩,대전광역시,202601,75250,3.430
홍콩,대전광역시,202602,67056,6.879
홍콩,대전광역시,202603,102952,3.402
홍콩,대전광역시,202604,119105,3.347
홍콩,대전광역시,202605,127208,2.886
홍콩,대전광역시,202606,115627,3.086
홍콩,대전광역시,202607,132044,3.429
홍콩,부산광역시,202001,338825,3.004
홍콩,부산광역시,202002,214002,1.923
홍콩,부산광역시,202003,8842,0.181
홍콩,부산광역시,202004,13919,0.065
홍콩,부산광역시,202005,15653,0.038
홍콩,부산광역시,202006,20770,0.106
홍콩,부산광역시,202007,15848,0.101
홍콩,부산광역시,202008,18960,0.216
홍콩,부산광역시,202009,18082,0.166
홍콩,부산광역시,202010,19989,0.085
홍콩,부산광역시,202011,17508,0.166
홍콩,부산광역시,202012,19092,0.100
홍콩,부산광역시,202101,31615,0.054
홍콩,부산광역시,202102,34187,0.117
홍콩,부산광역시,202103,43554,0.062
홍콩,부산광역시,202104,39251,0.028
홍콩,부산광역시,202105,46111,0.067
홍콩,부산광역시,202106,45997,0.052
홍콩,부산광역시,202107,46616,0.064
홍콩,부산광역시,202108,54494,0.121
홍콩,부산광역시,202109,49393,0.077
홍콩,부산광역시,202110,56224,0.075
홍콩,부산광역시,202111,50862,0.069
홍콩,부산광역시,202112,51640,0.068
홍콩,부산광역시,202201,44567,0.054
홍콩,부산광역시,202202,50236,0.185
홍콩,부산광역시,202203,50024,0.112
홍콩,부산광역시,202204,60903,0.084
홍콩,부산광역시,202205,78390,0.143
홍콩,부산광역시,202206,88873,0.284
홍콩,부산광역시,202207,106815,0.415
홍콩,부산광역시,202208,130976,0.499
홍콩,부산광역시,202209,136337,0.744
홍콩,부산광역시,202210,217129,1.617
홍콩,부산광역시,202211,172245,2.263
홍콩,부산광역시,202212,203030,3.368
홍콩,부산광역시,202301,325980,3.910
홍콩,부산광역시,202302,345615,2.493
홍콩,부산광역시,202303,387482,2.801
홍콩,부산광역시,202304,806265,3.242
홍콩,부산광역시,202305,774836,2.230
홍콩,부산광역시,202306,725702,2.540
홍콩,부산광역시,202307,730656,3.935
홍콩,부산광역시,202308,804260,3.786
홍콩,부산광역시,202309,861009,2.815
홍콩,부산광역시,202310,1013180,3.057
홍콩,부산광역시,202311,826323,3.476
홍콩,부산광역시,202312,686731,3.896
홍콩,부산광역시,202401,610177,2.695
홍콩,부산광역시,202402,681974,2.904
홍콩,부산광역시,202403,945181,3.847
홍콩,부산광역시,202404,1063346,3.059
홍콩,부산광역시,202405,992272,5.336
홍콩,부산광역시,202406,944406,8.337
홍콩,부산광역시,202407,966378,8.174
홍콩,부산광역시,202408,1076835,8.596
홍콩,부산광역시,202409,996871,7.077
홍콩,부산광역시,202410,1207511,6.874
홍콩,부산광역시,202411,983932,5.508
홍콩,부산광역시,202412,913349,6.590
홍콩,부산광역시,202501,752878,6.021
홍콩,부산광역시,202502,656780,7.483
홍콩,부산광역시,202503,1034150,6.330
홍콩,부산광역시,202504,1282258,4.405
홍콩,부산광역시,202505,1279653,3.641
홍콩,부산광역시,202506,1205348,4.668
홍콩,부산광역시,202507,1653914,3.521
홍콩,부산광역시,202508,1364638,4.626
홍콩,부산광역시,202509,1285642,4.912
홍콩,부산광역시,202510,1524020,4.167
홍콩,부산광역시,202511,1418695,3.140
홍콩,부산광역시,202512,1146324,3.523
홍콩,부산광역시,202601,1013260,3.693
홍콩,부산광역시,202602,1133814,5.399
홍콩,부산광역시,202603,1484014,3.463
홍콩,부산광역시,202604,1710921,4.402
홍콩,부산광역시,202605,1910947,3.504
홍콩,부산광역시,202606,2058919,3.119
홍콩,부산광역시,202607,2020622,3.185
홍콩,서울특별시,202001,2029695,3.609
홍콩,서울특별시,202002,1087730,2.769
홍콩,서울특별시,202003,34160,0.275
홍콩,서울특별시,202004,47062,0.055
홍콩,서울특별시,202005,53983,0.026
홍콩,서울특별시,202006,69499,0.091
홍콩,서울특별시,202007,63401,0.345
홍콩,서울특별시,202008,80364,0.549
홍콩,서울특별시,202009,78187,0.445
홍콩,서울특별시,202010,75875,0.196
홍콩,서울특별시,202011,73468,0.324
홍콩,서울특별시,202012,72805,0.224
홍콩,서울특별시,202101,86978,0.047
홍콩,서울특별시,202102,106108,0.091
홍콩,서울특별시,202103,138717,0.059
홍콩,서울특별시,202104,119328,0.027
홍콩,서울특별시,202105,123672,0.055
홍콩,서울특별시,202106,124195,0.051
홍콩,서울특별시,202107,139743,0.062
홍콩,서울특별시,202108,174626,0.093
홍콩,서울특별시,202109,164899,0.052
홍콩,서울특별시,202110,180555,0.051
홍콩,서울특별시,202111,155590,0.064
홍콩,서울특별시,202112,155897,0.067
홍콩,서울특별시,202201,128741,0.057
홍콩,서울특별시,202202,170375,0.155
홍콩,서울특별시,202203,162059,0.113
홍콩,서울특별시,202204,217226,0.084
홍콩,서울특별시,202205,285796,0.143
홍콩,서울특별시,202206,356390,0.264
홍콩,서울특별시,202207,451111,0.416
홍콩,서울특별시,202208,549393,0.551
홍콩,서울특별시,202209,594527,0.803
홍콩,서울특별시,202210,873808,2.211
홍콩,서울특별시,202211,791751,2.916
홍콩,서울특별시,202212,1007726,4.594
홍콩,서울특별시,202301,1181600,7.650
홍콩,서울특별시,202302,1296856,3.620
홍콩,서울특별시,202303,1434333,4.001
홍콩,서울특별시,202304,3136446,4.867
홍콩,서울특별시,202305,3135586,3.709
홍콩,서울특별시,202306,3092666,4.038
홍콩,서울특별시,202307,3208067,4.543
홍콩,서울특별시,202308,3414283,4.671
홍콩,서울특별시,202309,3398620,3.052
홍콩,서울특별시,202310,3779528,3.834
홍콩,서울특별시,202311,3427845,4.173
홍콩,서울특별시,202312,3294170,5.216
홍콩,서울특별시,202401,2698724,4.005
홍콩,서울특별시,202402,2842766,4.424
홍콩,서울특별시,202403,3668370,4.546
홍콩,서울특별시,202404,3887721,4.171
홍콩,서울특별시,202405,3444704,5.589
홍콩,서울특별시,202406,3337312,8.623
홍콩,서울특별시,202407,3392463,8.405
홍콩,서울특별시,202408,3579293,9.180
홍콩,서울특별시,202409,3505875,6.999
홍콩,서울특별시,202410,4412558,6.617
홍콩,서울특별시,202411,3477376,5.568
홍콩,서울특별시,202412,3294533,7.407
홍콩,서울특별시,202501,2665409,6.678
홍콩,서울특별시,202502,2386482,7.246
홍콩,서울특별시,202503,3570478,6.240
홍콩,서울특별시,202504,4190106,4.412
홍콩,서울특별시,202505,4175491,3.505
홍콩,서울특별시,202506,4170480,4.385
홍콩,서울특별시,202507,4781449,3.325
홍콩,서울특별시,202508,3997109,4.484
홍콩,서울특별시,202509,4080530,4.801
홍콩,서울특별시,202510,4724138,4.251
홍콩,서울특별시,202511,4499486,3.344
홍콩,서울특별시,202512,4168698,3.846
홍콩,서울특별시,202601,3363997,4.079
홍콩,서울특별시,202602,3371051,5.899
홍콩,서울특별시,202603,4268420,3.887
홍콩,서울특별시,202604,5157532,4.772
홍콩,서울특별시,202605,5472909,3.693
홍콩,서울특별시,202606,5329857,3.289
홍콩,서울특별시,202607,5708648,3.245
홍콩,세종특별자치시,202001,19308,0.533
홍콩,세종특별자치시,202002,11415,0.613
홍콩,세종특별자치시,202003,624,0.160
홍콩,세종특별자치시,202004,1009,0.000
홍콩,세종특별자치시,202005,975,0.000
홍콩,세종특별자치시,202006,1320,0.000
홍콩,세종특별자치시,202007,767,0.130
홍콩,세종특별자치시,202008,967,0.310
홍콩,세종특별자치시,202009,920,0.109
홍콩,세종특별자치시,202010,829,0.000
홍콩,세종특별자치시,202011,641,
홍콩,세종특별자치시,202012,738,0.000
홍콩,세종특별자치시,202101,1677,0.060
홍콩,세종특별자치시,202102,1976,0.101
홍콩,세종특별자치시,202103,2602,0.038
홍콩,세종특별자치시,202104,2146,0.000
홍콩,세종특별자치시,202105,2222,0.090
홍콩,세종특별자치시,202106,2242,0.045
홍콩,세종특별자치시,202107,2445,0.082
홍콩,세종특별자치시,202108,3176,0.094
홍콩,세종특별자치시,202109,2794,0.072
홍콩,세종특별자치시,202110,2881,0.069
홍콩,세종특별자치시,202111,2428,0.041
홍콩,세종특별자치시,202112,2610,0.038
홍콩,세종특별자치시,202201,2864,0.070
홍콩,세종특별자치시,202202,4160,0.120
홍콩,세종특별자치시,202203,3785,0.053
홍콩,세종특별자치시,202204,4527,0.044
홍콩,세종특별자치시,202205,5973,0.067
홍콩,세종특별자치시,202206,7268,0.124
홍콩,세종특별자치시,202207,9074,0.198
홍콩,세종특별자치시,202208,10993,0.318
홍콩,세종특별자치시,202209,10643,0.460
홍콩,세종특별자치시,202210,12250,1.102
홍콩,세종특별자치시,202211,11515,1.650
홍콩,세종특별자치시,202212,12143,2.899
홍콩,세종특별자치시,202301,9903,3.736
홍콩,세종특별자치시,202302,12422,2.029
홍콩,세종특별자치시,202303,12821,2.418
홍콩,세종특별자치시,202304,27566,1.625
홍콩,세종특별자치시,202305,26522,1.734
홍콩,세종특별자치시,202306,26520,1.829
홍콩,세종특별자치시,202307,36393,1.761
홍콩,세종특별자치시,202308,31613,2.132
홍콩,세종특별자치시,202309,33792,1.853
홍콩,세종특별자치시,202310,32137,2.103
홍콩,세종특별자치시,202311,29358,2.034
홍콩,세종특별자치시,202312,26691,1.502
홍콩,세종특별자치시,202401,23421,2.233
홍콩,세종특별자치시,202402,23304,2.708
홍콩,세종특별자치시,202403,26860,3.265
홍콩,세종특별자치시,202404,28467,2.807
홍콩,세종특별자치시,202405,28534,2.253
홍콩,세종특별자치시,202406,24801,3.193
홍콩,세종특별자치시,202407,29800,2.812
홍콩,세종특별자치시,202408,33632,3.452
홍콩,세종특별자치시,202409,34377,3.063
홍콩,세종특별자치시,202410,41594,2.762
홍콩,세종특별자치시,202411,33073,2.374
홍콩,세종특별자치시,202412,26223,3.791
홍콩,세종특별자치시,202501,28392,3.920
홍콩,세종특별자치시,202502,27480,4.210
홍콩,세종특별자치시,202503,32330,3.724
홍콩,세종특별자치시,202504,31973,2.533
홍콩,세종특별자치시,202505,33037,2.086
홍콩,세종특별자치시,202506,35605,2.663
홍콩,세종특별자치시,202507,87784,1.172
홍콩,세종특별자치시,202508,42764,2.231
홍콩,세종특별자치시,202509,41375,2.494
홍콩,세종특별자치시,202510,44669,2.673
홍콩,세종특별자치시,202511,38725,2.210
홍콩,세종특별자치시,202512,31492,2.693
홍콩,세종특별자치시,202601,27592,3.273
홍콩,세종특별자치시,202602,27309,5.789
홍콩,세종특별자치시,202603,37936,2.947
홍콩,세종특별자치시,202604,46559,2.777
홍콩,세종특별자치시,202605,48815,2.583
홍콩,세종특별자치시,202606,43219,2.746
홍콩,세종특별자치시,202607,45126,2.952
홍콩,울산광역시,202001,78403,1.367
홍콩,울산광역시,202002,55180,1.183
홍콩,울산광역시,202003,4308,0.139
홍콩,울산광역시,202004,5812,0.052
홍콩,울산광역시,202005,6459,0.031
홍콩,울산광역시,202006,9052,0.099
홍콩,울산광역시,202007,5141,0.019
홍콩,울산광역시,202008,4828,0.062
홍콩,울산광역시,202009,4799,0.042
홍콩,울산광역시,202010,4645,0.022
홍콩,울산광역시,202011,4422,0.023
홍콩,울산광역시,202012,4711,0.021
홍콩,울산광역시,202101,16461,0.036
홍콩,울산광역시,202102,18129,0.072
홍콩,울산광역시,202103,23556,0.038
홍콩,울산광역시,202104,20434,0.015
홍콩,울산광역시,202105,19858,0.050
홍콩,울산광역시,202106,19936,0.040
홍콩,울산광역시,202107,20110,0.045
홍콩,울산광역시,202108,22189,0.099
홍콩,울산광역시,202109,20316,0.059
홍콩,울산광역시,202110,24301,0.058
홍콩,울산광역시,202111,29522,0.034
홍콩,울산광역시,202112,31707,0.038
홍콩,울산광역시,202201,23351,0.034
홍콩,울산광역시,202202,25888,0.108
홍콩,울산광역시,202203,24554,0.069
홍콩,울산광역시,202204,31724,0.050
홍콩,울산광역시,202205,37602,0.082
홍콩,울산광역시,202206,47013,0.183
홍콩,울산광역시,202207,51986,0.256
홍콩,울산광역시,202208,54820,0.347
홍콩,울산광역시,202209,58293,0.439
홍콩,울산광역시,202210,75441,0.872
홍콩,울산광역시,202211,68434,1.002
홍콩,울산광역시,202212,74438,1.327
홍콩,울산광역시,202301,117333,1.480
홍콩,울산광역시,202302,137938,0.803
홍콩,울산광역시,202303,120261,0.796
홍콩,울산광역시,202304,178569,1.012
홍콩,울산광역시,202305,194076,0.872
홍콩,울산광역시,202306,201549,0.925
홍콩,울산광역시,202307,220249,0.993
홍콩,울산광역시,202308,228914,1.069
홍콩,울산광역시,202309,242125,0.888
홍콩,울산광역시,202310,262102,0.955
홍콩,울산광역시,202311,225627,0.913
홍콩,울산광역시,202312,241807,0.931
홍콩,울산광역시,202401,217760,0.934
홍콩,울산광역시,202402,232107,1.129
홍콩,울산광역시,202403,294022,1.056
홍콩,울산광역시,202404,301463,0.966
홍콩,울산광역시,202405,283145,1.602
홍콩,울산광역시,202406,277446,2.080
홍콩,울산광역시,202407,294370,1.879
홍콩,울산광역시,202408,281348,2.455
홍콩,울산광역시,202409,298876,1.723
홍콩,울산광역시,202410,290605,1.896
홍콩,울산광역시,202411,235508,1.569
홍콩,울산광역시,202412,260779,1.666
홍콩,울산광역시,202501,224064,1.891
홍콩,울산광역시,202502,215576,2.203
홍콩,울산광역시,202503,270310,2.140
홍콩,울산광역시,202504,274057,1.507
홍콩,울산광역시,202505,269160,1.446
홍콩,울산광역시,202506,298481,1.711
홍콩,울산광역시,202507,386997,1.463
홍콩,울산광역시,202508,321701,2.104
홍콩,울산광역시,202509,290923,2.437
홍콩,울산광역시,202510,309567,2.360
홍콩,울산광역시,202511,293819,1.422
홍콩,울산광역시,202512,288304,1.590
홍콩,울산광역시,202601,253417,1.900
홍콩,울산광역시,202602,227757,3.233
홍콩,울산광역시,202603,256259,2.234
홍콩,울산광역시,202604,279626,2.480
홍콩,울산광역시,202605,318676,1.976
홍콩,울산광역시,202606,352613,2.094
홍콩,울산광역시,202607,319295,2.105
홍콩,인천광역시,202001,1104957,3.936
홍콩,인천광역시,202002,504420,2.686
홍콩,인천광역시,202003,13738,0.175
홍콩,인천광역시,202004,19210,0.068
홍콩,인천광역시,202005,21719,0.055
홍콩,인천광역시,202006,23079,0.117
홍콩,인천광역시,202007,21199,0.146
홍콩,인천광역시,202008,24421,0.246
홍콩,인천광역시,202009,23900,0.184
홍콩,인천광역시,202010,25120,0.084
홍콩,인천광역시,202011,24959,0.132
홍콩,인천광역시,202012,25664,0.078
홍콩,인천광역시,202101,37926,0.063
홍콩,인천광역시,202102,40885,0.132
홍콩,인천광역시,202103,54782,0.082
홍콩,인천광역시,202104,51740,0.043
홍콩,인천광역시,202105,50501,0.091
홍콩,인천광역시,202106,51735,0.081
홍콩,인천광역시,202107,53717,0.091
홍콩,인천광역시,202108,71190,0.146
홍콩,인천광역시,202109,68911,0.107
홍콩,인천광역시,202110,74203,0.108
홍콩,인천광역시,202111,62481,0.114
홍콩,인천광역시,202112,60462,0.096
홍콩,인천광역시,202201,54901,0.064
홍콩,인천광역시,202202,66338,0.175
홍콩,인천광역시,202203,65677,0.110
홍콩,인천광역시,202204,82113,0.106
홍콩,인천광역시,202205,109639,0.181
홍콩,인천광역시,202206,136670,0.273
홍콩,인천광역시,202207,168803,0.466
홍콩,인천광역시,202208,205777,0.616
홍콩,인천광역시,202209,227248,0.991
홍콩,인천광역시,202210,330994,2.604
홍콩,인천광역시,202211,318809,3.745
홍콩,인천광역시,202212,381041,5.902
홍콩,인천광역시,202301,607696,6.009
홍콩,인천광역시,202302,623221,3.133
홍콩,인천광역시,202303,643395,3.584
홍콩,인천광역시,202304,1413132,4.827
홍콩,인천광역시,202305,1443371,3.831
홍콩,인천광역시,202306,1479448,3.976
홍콩,인천광역시,202307,1548546,4.271
홍콩,인천광역시,202308,1724891,4.364
홍콩,인천광역시,202309,1730353,2.938
홍콩,인천광역시,202310,1941428,3.727
홍콩,인천광역시,202311,1725543,4.074
홍콩,인천광역시,202312,1622928,4.650
홍콩,인천광역시,202401,1471401,3.965
홍콩,인천광역시,202402,1486281,4.552
홍콩,인천광역시,202403,2061225,4.207
홍콩,인천광역시,202404,2067985,3.808
홍콩,인천광역시,202405,1803020,5.265
홍콩,인천광역시,202406,1771322,7.973
홍콩,인천광역시,202407,1807796,7.717
홍콩,인천광역시,202408,1876672,8.993
홍콩,인천광역시,202409,1837555,6.979
홍콩,인천광역시,202410,2194857,6.433
홍콩,인천광역시,202411,1775065,5.339
홍콩,인천광역시,202412,1655611,6.646
홍콩,인천광역시,202501,1402159,6.060
홍콩,인천광역시,202502,1334863,6.812
홍콩,인천광역시,202503,1933621,5.808
홍콩,인천광역시,202504,2217972,4.067
홍콩,인천광역시,202505,2133133,3.383
홍콩,인천광역시,202506,2147523,4.139
홍콩,인천광역시,202507,2807118,3.238
홍콩,인천광역시,202508,2169473,4.425
홍콩,인천광역시,202509,2083656,4.820
홍콩,인천광역시,202510,2319960,4.263
홍콩,인천광역시,202511,2275186,3.328
홍콩,인천광역시,202512,2012194,4.076
홍콩,인천광역시,202601,1766196,4.345
홍콩,인천광역시,202602,1793377,6.061
홍콩,인천광역시,202603,2126711,3.629
홍콩,인천광역시,202604,2743493,4.193
홍콩,인천광역시,202605,2795101,3.380
홍콩,인천광역시,202606,2748819,3.245
홍콩,인천광역시,202607,3681039,3.257
홍콩,전라남도,202001,206533,2.320
홍콩,전라남도,202002,118387,1.457
홍콩,전라남도,202003,9478,0.243
홍콩,전라남도,202004,13164,0.091
홍콩,전라남도,202005,13668,0.073
홍콩,전라남도,202006,15414,0.156
홍콩,전라남도,202007,7407,0.041
홍콩,전라남도,202008,8253,0.048
홍콩,전라남도,202009,7502,0.040
홍콩,전라남도,202010,7050,0.043
홍콩,전라남도,202011,7220,0.042
홍콩,전라남도,202012,7472,0.013
홍콩,전라남도,202101,29810,0.104
홍콩,전라남도,202102,29728,0.172
홍콩,전라남도,202103,38926,0.095
홍콩,전라남도,202104,34586,0.043
홍콩,전라남도,202105,35106,0.097
홍콩,전라남도,202106,35767,0.081
홍콩,전라남도,202107,38061,0.105
홍콩,전라남도,202108,39082,0.200
홍콩,전라남도,202109,35865,0.137
홍콩,전라남도,202110,40792,0.130
홍콩,전라남도,202111,43425,0.106
홍콩,전라남도,202112,46058,0.102
홍콩,전라남도,202201,37636,0.088
홍콩,전라남도,202202,39888,0.291
홍콩,전라남도,202203,40524,0.141
홍콩,전라남도,202204,45239,0.111
홍콩,전라남도,202205,59157,0.191
홍콩,전라남도,202206,70438,0.281
홍콩,전라남도,202207,87552,0.418
홍콩,전라남도,202208,97152,0.599
홍콩,전라남도,202209,100954,0.875
홍콩,전라남도,202210,136102,1.594
홍콩,전라남도,202211,126290,1.671
홍콩,전라남도,202212,145464,2.218
홍콩,전라남도,202301,225096,2.222
홍콩,전라남도,202302,242351,1.206
홍콩,전라남도,202303,196691,1.345
홍콩,전라남도,202304,354446,1.439
홍콩,전라남도,202305,345558,1.372
홍콩,전라남도,202306,349573,1.382
홍콩,전라남도,202307,432784,1.260
홍콩,전라남도,202308,440342,1.498
홍콩,전라남도,202309,408295,1.174
홍콩,전라남도,202310,537949,1.219
홍콩,전라남도,202311,505700,1.279
홍콩,전라남도,202312,646436,0.997
홍콩,전라남도,202401,570830,0.898
홍콩,전라남도,202402,489895,1.086
홍콩,전라남도,202403,565116,1.134
홍콩,전라남도,202404,581211,1.221
홍콩,전라남도,202405,617892,1.484
홍콩,전라남도,202406,659947,1.820
홍콩,전라남도,202407,706549,1.526
홍콩,전라남도,202408,589488,2.318
홍콩,전라남도,202409,566355,1.849
홍콩,전라남도,202410,620151,1.840
홍콩,전라남도,202411,541757,1.557
홍콩,전라남도,202412,580886,1.660
홍콩,전라남도,202501,520831,1.681
홍콩,전라남도,202502,423828,2.111
홍콩,전라남도,202503,557197,2.159
홍콩,전라남도,202504,656172,1.235
홍콩,전라남도,202505,722592,1.110
홍콩,전라남도,202506,715249,1.407
홍콩,전라남도,202507,833703,1.583
홍콩,전라남도,202508,698671,1.908
홍콩,전라남도,202509,645535,2.177
홍콩,전라남도,202510,596081,2.433
홍콩,전라남도,202511,617900,1.750
홍콩,전라남도,202512,649214,1.727
홍콩,전라남도,202601,569429,1.730
홍콩,전라남도,202602,510940,3.170
홍콩,전라남도,202603,522430,2.195
홍콩,전라남도,202604,652673,2.303
홍콩,전라남도,202605,902969,1.892
홍콩,전라남도,202606,787154,2.120
홍콩,전북특별자치도,202001,98766,1.203
홍콩,전북특별자치도,202002,58273,1.016
홍콩,전북특별자치도,202003,3887,0.129
홍콩,전북특별자치도,202004,6842,0.044
홍콩,전북특별자치도,202005,6286,0.032
홍콩,전북특별자치도,202006,7793,0.077
홍콩,전북특별자치도,202007,4795,0.083
홍콩,전북특별자치도,202008,5801,0.086
홍콩,전북특별자치도,202009,5825,0.086
홍콩,전북특별자치도,202010,4915,0.041
홍콩,전북특별자치도,202011,4935,0.101
홍콩,전북특별자치도,202012,4498,0.067
홍콩,전북특별자치도,202101,10922,0.073
홍콩,전북특별자치도,202102,11941,0.142
홍콩,전북특별자치도,202103,16275,0.068
홍콩,전북특별자치도,202104,14022,0.043
홍콩,전북특별자치도,202105,14047,0.107
홍콩,전북특별자치도,202106,13424,0.089
홍콩,전북특별자치도,202107,13868,0.115
홍콩,전북특별자치도,202108,17069,0.199
홍콩,전북특별자치도,202109,16832,0.125
홍콩,전북특별자치도,202110,18219,0.126
홍콩,전북특별자치도,202111,16553,0.115
홍콩,전북특별자치도,202112,17771,0.084
홍콩,전북특별자치도,202201,16648,0.120
홍콩,전북특별자치도,202202,20767,0.260
홍콩,전북특별자치도,202203,21502,0.135
홍콩,전북특별자치도,202204,25815,0.108
홍콩,전북특별자치도,202205,33315,0.189
홍콩,전북특별자치도,202206,42168,0.341
홍콩,전북특별자치도,202207,51233,0.519
홍콩,전북특별자치도,202208,55416,0.778
홍콩,전북특별자치도,202209,59710,1.033
홍콩,전북특별자치도,202210,79297,1.981
홍콩,전북특별자치도,202211,70737,2.318
홍콩,전북특별자치도,202212,75806,2.731
홍콩,전북특별자치도,202301,84867,2.459
홍콩,전북특별자치도,202302,106214,1.154
홍콩,전북특별자치도,202303,93633,1.252
홍콩,전북특별자치도,202304,191901,1.449
홍콩,전북특별자치도,202305,191751,1.240
홍콩,전북특별자치도,202306,166688,1.109
홍콩,전북특별자치도,202307,212839,1.246
홍콩,전북특별자치도,202308,408861,1.592
홍콩,전북특별자치도,202309,208191,1.179
홍콩,전북특별자치도,202310,237946,2.062
홍콩,전북특별자치도,202311,205121,2.790
홍콩,전북특별자치도,202312,179196,1.348
홍콩,전북특별자치도,202401,156615,1.366
홍콩,전북특별자치도,202402,147933,1.643
홍콩,전북특별자치도,202403,195923,1.914
홍콩,전북특별자치도,202404,221306,1.757
홍콩,전북특별자치도,202405,224342,1.816
홍콩,전북특별자치도,202406,188612,2.700
홍콩,전북특별자치도,202407,215712,2.259
홍콩,전북특별자치도,202408,187996,3.552
홍콩,전북특별자치도,202409,195250,2.398
홍콩,전북특별자치도,202410,232580,3.146
홍콩,전북특별자치도,202411,205404,2.854
홍콩,전북특별자치도,202412,174337,2.453
홍콩,전북특별자치도,202501,147432,2.649
홍콩,전북특별자치도,202502,133767,3.438
홍콩,전북특별자치도,202503,209875,2.866
홍콩,전북특별자치도,202504,276612,1.676
홍콩,전북특별자치도,202505,292129,1.276
홍콩,전북특별자치도,202506,267107,1.617
홍콩,전북특별자치도,202507,272860,1.810
홍콩,전북특별자치도,202508,220621,2.612
홍콩,전북특별자치도,202509,228688,2.624
홍콩,전북특별자치도,202510,247189,2.815
홍콩,전북특별자치도,202511,226841,2.438
홍콩,전북특별자치도,202512,195872,2.503
홍콩,전북특별자치도,202601,178150,2.905
홍콩,전북특별자치도,202602,195640,4.040
홍콩,전북특별자치도,202603,248557,2.522
홍콩,전북특별자치도,202604,352029,2.514
홍콩,전북특별자치도,202605,441879,1.728
홍콩,전북특별자치도,202606,367097,1.812
홍콩,전북특별자치도,202607,368859,1.936
홍콩,제주특별자치도,202001,484742,3.336
홍콩,제주특별자치도,202002,128605,2.548
홍콩,제주특별자치도,202003,6049,0.132
홍콩,제주특별자치도,202004,7296,0.055
홍콩,제주특별자치도,202005,8268,0.036
홍콩,제주특별자치도,202006,10173,0.108
홍콩,제주특별자치도,202007,7377,0.176
홍콩,제주특별자치도,202008,10260,0.283
홍콩,제주특별자치도,202009,9204,0.282
홍콩,제주특별자치도,202010,7518,0.133
홍콩,제주특별자치도,202011,6786,0.236
홍콩,제주특별자치도,202012,6246,0.160
홍콩,제주특별자치도,202101,14504,0.062
홍콩,제주특별자치도,202102,16966,0.106
홍콩,제주특별자치도,202103,25540,0.059
홍콩,제주특별자치도,202104,21347,0.028
홍콩,제주특별자치도,202105,20932,0.062
홍콩,제주특별자치도,202106,19738,0.056
홍콩,제주특별자치도,202107,20472,0.073
홍콩,제주특별자치도,202108,23199,0.121
홍콩,제주특별자치도,202109,21944,0.073
홍콩,제주특별자치도,202110,21003,0.081
홍콩,제주특별자치도,202111,21537,0.088
홍콩,제주특별자치도,202112,22724,0.088
홍콩,제주특별자치도,202201,18177,0.072
홍콩,제주특별자치도,202202,24328,0.181
홍콩,제주특별자치도,202203,23942,0.092
홍콩,제주특별자치도,202204,24466,0.090
홍콩,제주특별자치도,202205,32562,0.154
홍콩,제주특별자치도,202206,38551,0.278
홍콩,제주특별자치도,202207,47658,0.428
홍콩,제주특별자치도,202208,64017,0.500
홍콩,제주특별자치도,202209,66077,0.737
홍콩,제주특별자치도,202210,91384,2.086
홍콩,제주특별자치도,202211,92831,2.471
홍콩,제주특별자치도,202212,117341,3.423
홍콩,제주특별자치도,202301,138180,4.359
홍콩,제주특별자치도,202302,146752,2.198
홍콩,제주특별자치도,202303,169413,3.659
홍콩,제주특별자치도,202304,400863,4.273
홍콩,제주특별자치도,202305,475539,2.607
홍콩,제주특별자치도,202306,550453,1.915
홍콩,제주특별자치도,202307,654311,2.453
홍콩,제주특별자치도,202308,786252,2.359
홍콩,제주특별자치도,202309,707211,2.017
홍콩,제주특별자치도,202310,732072,2.669
홍콩,제주특별자치도,202311,606062,3.055
홍콩,제주특별자치도,202312,692289,2.822
홍콩,제주특별자치도,202401,748186,1.512
홍콩,제주특별자치도,202402,786234,1.894
홍콩,제주특별자치도,202403,940890,2.715
홍콩,제주특별자치도,202404,1036234,2.388
홍콩,제주특별자치도,202405,1054502,4.458
홍콩,제주특별자치도,202406,1061993,6.108
홍콩,제주특별자치도,202407,1055550,5.666
홍콩,제주특별자치도,202408,1246998,6.421
홍콩,제주특별자치도,202409,1044873,5.660
홍콩,제주특별자치도,202410,1156086,5.091
홍콩,제주특별자치도,202411,754073,3.424
홍콩,제주특별자치도,202412,695703,3.918
홍콩,제주특별자치도,202501,738896,2.686
홍콩,제주특별자치도,202502,768969,3.088
홍콩,제주특별자치도,202503,920572,3.758
홍콩,제주특별자치도,202504,1156869,2.710
홍콩,제주특별자치도,202505,1431659,1.997
홍콩,제주특별자치도,202506,1367357,2.516
홍콩,제주특별자치도,202507,1857932,2.470
홍콩,제주특별자치도,202508,1625049,2.667
홍콩,제주특별자치도,202509,1360103,3.250
홍콩,제주특별자치도,202510,1333676,3.190
홍콩,제주특별자치도,202511,1011727,2.460
홍콩,제주특별자치도,202512,919311,2.605
홍콩,제주특별자치도,202601,916323,2.444
홍콩,제주특별자치도,202602,1090067,3.118
홍콩,제주특별자치도,202603,1208292,2.457
홍콩,제주특별자치도,202604,1559270,2.950
홍콩,제주특별자치도,202605,1773782,2.368
홍콩,제주특별자치도,202606,1654000,2.677
홍콩,제주특별자치도,202607,1739035,2.507
홍콩,충청남도,202001,171882,0.858
홍콩,충청남도,202002,107226,0.634
홍콩,충청남도,202003,6867,0.073
홍콩,충청남도,202004,10545,0.019
홍콩,충청남도,202005,9629,0.010
홍콩,충청남도,202006,12676,0.032
홍콩,충청남도,202007,8001,0.025
홍콩,충청남도,202008,9617,0.031
홍콩,충청남도,202009,9265,0.043
홍콩,충청남도,202010,8232,0.036
홍콩,충청남도,202011,8123,0.025
홍콩,충청남도,202012,7811,0.013
홍콩,충청남도,202101,17262,0.081
홍콩,충청남도,202102,19598,0.168
홍콩,충청남도,202103,25082,0.092
홍콩,충청남도,202104,23373,0.039
홍콩,충청남도,202105,23708,0.089
홍콩,충청남도,202106,23317,0.073
홍콩,충청남도,202107,24848,0.085
홍콩,충청남도,202108,30019,0.147
홍콩,충청남도,202109,27782,0.094
홍콩,충청남도,202110,29191,0.096
홍콩,충청남도,202111,27175,0.107
홍콩,충청남도,202112,26761,0.108
홍콩,충청남도,202201,28268,0.092
홍콩,충청남도,202202,35206,0.179
홍콩,충청남도,202203,35449,0.059
홍콩,충청남도,202204,41497,0.051
홍콩,충청남도,202205,55110,0.094
홍콩,충청남도,202206,71541,0.168
홍콩,충청남도,202207,85510,0.277
홍콩,충청남도,202208,98677,0.372
홍콩,충청남도,202209,100736,0.555
홍콩,충청남도,202210,129873,1.153
홍콩,충청남도,202211,118814,1.276
홍콩,충청남도,202212,123626,1.677
홍콩,충청남도,202301,149010,1.535
홍콩,충청남도,202302,162331,0.938
홍콩,충청남도,202303,143135,1.186
홍콩,충청남도,202304,297568,1.025
홍콩,충청남도,202305,299132,0.819
홍콩,충청남도,202306,283455,0.860
홍콩,충청남도,202307,317054,1.048
홍콩,충청남도,202308,414576,1.091
홍콩,충청남도,202309,346885,0.987
홍콩,충청남도,202310,372177,1.221
홍콩,충청남도,202311,312851,1.286
홍콩,충청남도,202312,306279,0.892
홍콩,충청남도,202401,271955,1.021
홍콩,충청남도,202402,279426,1.202
홍콩,충청남도,202403,366497,1.147
홍콩,충청남도,202404,364603,1.220
홍콩,충청남도,202405,358501,1.517
홍콩,충청남도,202406,312183,2.427
홍콩,충청남도,202407,341064,2.356
홍콩,충청남도,202408,348213,3.198
홍콩,충청남도,202409,350375,2.257
홍콩,충청남도,202410,385943,2.272
홍콩,충청남도,202411,318503,1.822
홍콩,충청남도,202412,294281,1.939
홍콩,충청남도,202501,257248,2.178
홍콩,충청남도,202502,244164,2.655
홍콩,충청남도,202503,361085,2.408
홍콩,충청남도,202504,418540,1.352
홍콩,충청남도,202505,411090,1.253
홍콩,충청남도,202506,378634,1.626
홍콩,충청남도,202507,440996,1.767
홍콩,충청남도,202508,399117,2.003
홍콩,충청남도,202509,412340,1.951
홍콩,충청남도,202510,433448,2.081
홍콩,충청남도,202511,379444,1.704
홍콩,충청남도,202512,353410,1.702
홍콩,충청남도,202601,324436,1.897
홍콩,충청남도,202602,294175,3.325
홍콩,충청남도,202603,376051,1.984
홍콩,충청남도,202604,493530,1.950
홍콩,충청남도,202605,576864,1.585
홍콩,충청남도,202606,529348,1.761
홍콩,충청남도,202607,523758,1.921
홍콩,충청북도,202001,112377,0.787
홍콩,충청북도,202002,72810,0.560
홍콩,충청북도,202003,4559,0.044
홍콩,충청북도,202004,6805,0.015
홍콩,충청북도,202005,5945,0.017
홍콩,충청북도,202006,7770,0.039
홍콩,충청북도,202007,4503,0.022
홍콩,충청북도,202008,5651,0.018
홍콩,충청북도,202009,5333,0.038
홍콩,충청북도,202010,4496,0.044
홍콩,충청북도,202011,4258,0.070
홍콩,충청북도,202012,4026,0.025
홍콩,충청북도,202101,10181,0.049
홍콩,충청북도,202102,10982,0.100
홍콩,충청북도,202103,15351,0.052
홍콩,충청북도,202104,14150,0.021
홍콩,충청북도,202105,15186,0.066
홍콩,충청북도,202106,16765,0.042
홍콩,충청북도,202107,18880,0.053
홍콩,충청북도,202108,23115,0.082
홍콩,충청북도,202109,23474,0.047
홍콩,충청북도,202110,27262,0.044
홍콩,충청북도,202111,18273,0.055
홍콩,충청북도,202112,18181,0.055
홍콩,충청북도,202201,18806,0.053
홍콩,충청북도,202202,23134,0.112
홍콩,충청북도,202203,20614,0.053
홍콩,충청북도,202204,29763,0.044
홍콩,충청북도,202205,39279,0.092
홍콩,충청북도,202206,55534,0.151
홍콩,충청북도,202207,66244,0.260
홍콩,충청북도,202208,74788,0.378
홍콩,충청북도,202209,73677,0.512
홍콩,충청북도,202210,94593,1.037
홍콩,충청북도,202211,87406,1.297
홍콩,충청북도,202212,91862,1.801
홍콩,충청북도,202301,83605,1.367
홍콩,충청북도,202302,94841,0.961
홍콩,충청북도,202303,92177,0.908
홍콩,충청북도,202304,197449,0.735
홍콩,충청북도,202305,204806,0.748
홍콩,충청북도,202306,197842,0.896
홍콩,충청북도,202307,207965,0.908
홍콩,충청북도,202308,246031,0.873
홍콩,충청북도,202309,229018,0.656
홍콩,충청북도,202310,228670,0.964
홍콩,충청북도,202311,191221,1.089
홍콩,충청북도,202312,174601,0.987
홍콩,충청북도,202401,167867,0.842
홍콩,충청북도,202402,174352,1.526
홍콩,충청북도,202403,206775,1.191
홍콩,충청북도,202404,233049,1.055
홍콩,충청북도,202405,251793,1.034
홍콩,충청북도,202406,222080,2.132
홍콩,충청북도,202407,236830,2.586
홍콩,충청북도,202408,232127,3.596
홍콩,충청북도,202409,254701,2.428
홍콩,충청북도,202410,286212,2.238
홍콩,충청북도,202411,226831,1.573
홍콩,충청북도,202412,176694,2.574
홍콩,충청북도,202501,158778,3.396
홍콩,충청북도,202502,144275,4.011
홍콩,충청북도,202503,224059,2.493
홍콩,충청북도,202504,272700,1.280
홍콩,충청북도,202505,280761,1.232
홍콩,충청북도,202506,253224,1.836
홍콩,충청북도,202507,343138,2.010
홍콩,충청북도,202508,258732,2.433
홍콩,충청북도,202509,286119,2.144
홍콩,충청북도,202510,312609,2.207
홍콩,충청북도,202511,265796,1.793
홍콩,충청북도,202512,199446,2.119
홍콩,충청북도,202601,169368,2.644
홍콩,충청북도,202602,160373,4.646
홍콩,충청북도,202603,245930,2.074
홍콩,충청북도,202604,333594,1.829
홍콩,충청북도,202605,397317,1.428
홍콩,충청북도,202606,336577,1.639
홍콩,충청북도,202607,318730,1.975
